# MagicaVoxel @ Ephtracy

# group
o 

# material
mtllib jam classic.mtl
usemtl palette

# normals
vn -1 0 0
vn 1 0 0
vn 0 0 1
vn 0 0 -1
vn 0 -1 0
vn 0 1 0

# texcoords
vt 0.455078 0.5
vt 0.458984 0.5
vt 0.513672 0.5
vt 0.572266 0.5
vt 0.580078 0.5
vt 0.642578 0.5

# verts
v -1.5 0 0.7
v -1.5 0 0.6
v -1.5 0 -0.5
v -1.5 0 -0.6
v -1.5 0.1 0.6
v -1.5 0.1 0.5
v -1.5 0.1 -0.4
v -1.5 0.1 -0.5
v -1.5 0.2 0.5
v -1.5 0.2 0.3
v -1.5 0.2 -0.2
v -1.5 0.2 -0.4
v -1.5 0.3 0.3
v -1.5 0.3 -0.2
v -1.5 0.4 0.7
v -1.5 0.4 -0.6
v -1.5 0.5 0.7
v -1.5 0.5 -0.6
v -1.4 0 0.8
v -1.4 0 0.7
v -1.4 0 -0.6
v -1.4 0 -0.7
v -1.4 0.1 0.8
v -1.4 0.1 0.7
v -1.4 0.1 -0.6
v -1.4 0.1 -0.7
v -1.4 0.4 0.8
v -1.4 0.4 0.7
v -1.4 0.4 -0.6
v -1.4 0.4 -0.7
v -1.4 0.5 0.8
v -1.4 0.5 0.7
v -1.4 0.5 -0.6
v -1.4 0.5 -0.7
v -1.3 0 0.9
v -1.3 0 0.8
v -1.3 0 -0.7
v -1.3 0 -0.8
v -1.3 0.1 0.9
v -1.3 0.1 0.8
v -1.3 0.1 -0.7
v -1.3 0.1 -0.8
v -1.3 0.4 0.9
v -1.3 0.4 0.8
v -1.3 0.4 -0.7
v -1.3 0.4 -0.8
v -1.3 0.5 0.9
v -1.3 0.5 0.8
v -1.3 0.5 0.7
v -1.3 0.5 -0.6
v -1.3 0.5 -0.7
v -1.3 0.5 -0.8
v -1.3 0.9 0.7
v -1.3 0.9 -0.6
v -1.3 1 0.7
v -1.3 1 -0.6
v -1.2 0 1
v -1.2 0 0.9
v -1.2 0 -0.8
v -1.2 0 -0.9
v -1.2 0.1 1
v -1.2 0.1 0.9
v -1.2 0.1 -0.8
v -1.2 0.1 -0.9
v -1.2 0.4 1
v -1.2 0.4 0.9
v -1.2 0.4 -0.8
v -1.2 0.4 -0.9
v -1.2 0.5 1
v -1.2 0.5 0.9
v -1.2 0.5 0.8
v -1.2 0.5 0.7
v -1.2 0.5 -0.6
v -1.2 0.5 -0.7
v -1.2 0.5 -0.8
v -1.2 0.5 -0.9
v -1.2 0.9 0.8
v -1.2 0.9 0.7
v -1.2 0.9 -0.6
v -1.2 0.9 -0.7
v -1.2 1 0.8
v -1.2 1 0.7
v -1.2 1 -0.6
v -1.2 1 -0.7
v -1.2 6.3 0.8
v -1.2 6.3 -0.7
v -1.2 6.4 0.8
v -1.2 6.4 -0.7
v -1.1 0 1.1
v -1.1 0 1
v -1.1 0 -0.9
v -1.1 0 -1
v -1.1 0.1 1.1
v -1.1 0.1 1
v -1.1 0.1 -0.9
v -1.1 0.1 -1
v -1.1 0.4 1.1
v -1.1 0.4 1
v -1.1 0.4 -0.9
v -1.1 0.4 -1
v -1.1 0.5 1.1
v -1.1 0.5 1
v -1.1 0.5 0.9
v -1.1 0.5 0.8
v -1.1 0.5 -0.7
v -1.1 0.5 -0.8
v -1.1 0.5 -0.9
v -1.1 0.5 -1
v -1.1 0.9 0.9
v -1.1 0.9 0.8
v -1.1 0.9 -0.7
v -1.1 0.9 -0.8
v -1.1 1 0.9
v -1.1 1 0.8
v -1.1 1 0.7
v -1.1 1 0.6
v -1.1 1 -0.5
v -1.1 1 -0.6
v -1.1 1 -0.7
v -1.1 1 -0.8
v -1.1 6.3 0.9
v -1.1 6.3 0.8
v -1.1 6.3 0.7
v -1.1 6.3 -0.6
v -1.1 6.3 -0.7
v -1.1 6.3 -0.8
v -1.1 6.4 0.9
v -1.1 6.4 0.8
v -1.1 6.4 -0.7
v -1.1 6.4 -0.8
v -1 0 1.2
v -1 0 1.1
v -1 0 -1
v -1 0 -1.1
v -1 0.1 1.2
v -1 0.1 1.1
v -1 0.1 -1
v -1 0.1 -1.1
v -1 0.4 1.2
v -1 0.4 1.1
v -1 0.4 -1
v -1 0.4 -1.1
v -1 0.5 1.2
v -1 0.5 1.1
v -1 0.5 1
v -1 0.5 0.9
v -1 0.5 -0.8
v -1 0.5 -0.9
v -1 0.5 -1
v -1 0.5 -1.1
v -1 0.9 1
v -1 0.9 0.9
v -1 0.9 -0.8
v -1 0.9 -0.9
v -1 1 1
v -1 1 0.9
v -1 1 0.8
v -1 1 0.7
v -1 1 -0.6
v -1 1 -0.7
v -1 1 -0.8
v -1 1 -0.9
v -1 6.3 1
v -1 6.3 0.9
v -1 6.3 0.8
v -1 6.3 0.7
v -1 6.3 -0.6
v -1 6.3 -0.7
v -1 6.3 -0.8
v -1 6.3 -0.9
v -1 6.4 1
v -1 6.4 0.9
v -1 6.4 0.8
v -1 6.4 -0.7
v -1 6.4 -0.8
v -1 6.4 -0.9
v -1 6.6 0.8
v -1 6.6 -0.7
v -0.9 0 1.3
v -0.9 0 1.2
v -0.9 0 -1.1
v -0.9 0 -1.2
v -0.9 0.1 1.3
v -0.9 0.1 1.2
v -0.9 0.1 -1.1
v -0.9 0.1 -1.2
v -0.9 0.4 1.3
v -0.9 0.4 1.2
v -0.9 0.4 -1.1
v -0.9 0.4 -1.2
v -0.9 0.5 1.3
v -0.9 0.5 1.2
v -0.9 0.5 1.1
v -0.9 0.5 1
v -0.9 0.5 -0.9
v -0.9 0.5 -1
v -0.9 0.5 -1.1
v -0.9 0.5 -1.2
v -0.9 0.9 1.1
v -0.9 0.9 1
v -0.9 0.9 -0.9
v -0.9 0.9 -1
v -0.9 1 1.1
v -0.9 1 1
v -0.9 1 0.9
v -0.9 1 0.8
v -0.9 1 -0.7
v -0.9 1 -0.8
v -0.9 1 -0.9
v -0.9 1 -1
v -0.9 4.5 -0.7
v -0.9 4.5 -0.8
v -0.9 6.3 1.1
v -0.9 6.3 1
v -0.9 6.3 0.9
v -0.9 6.3 0.8
v -0.9 6.3 -0.7
v -0.9 6.3 -0.8
v -0.9 6.3 -0.9
v -0.9 6.3 -1
v -0.9 6.4 1.1
v -0.9 6.4 1
v -0.9 6.4 0.9
v -0.9 6.4 0.8
v -0.9 6.4 -0.7
v -0.9 6.4 -0.8
v -0.9 6.4 -0.9
v -0.9 6.4 -1
v -0.9 6.6 0.9
v -0.9 6.6 0.8
v -0.9 6.6 -0.7
v -0.9 6.6 -0.8
v -0.9 6.7 0.8
v -0.9 6.7 -0.7
v -0.8 0 1.4
v -0.8 0 1.3
v -0.8 0 -1.2
v -0.8 0 -1.3
v -0.8 0.1 1.4
v -0.8 0.1 1.3
v -0.8 0.1 -1.2
v -0.8 0.1 -1.3
v -0.8 0.4 1.4
v -0.8 0.4 1.3
v -0.8 0.4 -1.2
v -0.8 0.4 -1.3
v -0.8 0.5 1.4
v -0.8 0.5 1.3
v -0.8 0.5 1.2
v -0.8 0.5 1.1
v -0.8 0.5 -1
v -0.8 0.5 -1.1
v -0.8 0.5 -1.2
v -0.8 0.5 -1.3
v -0.8 0.9 1.2
v -0.8 0.9 1.1
v -0.8 0.9 -1
v -0.8 0.9 -1.1
v -0.8 1 1.2
v -0.8 1 1.1
v -0.8 1 1
v -0.8 1 0.9
v -0.8 1 -0.8
v -0.8 1 -0.9
v -0.8 1 -1
v -0.8 1 -1.1
v -0.8 4.5 -0.8
v -0.8 4.5 -0.9
v -0.8 6.3 1.2
v -0.8 6.3 1.1
v -0.8 6.3 1
v -0.8 6.3 0.9
v -0.8 6.3 -0.8
v -0.8 6.3 -0.9
v -0.8 6.3 -1
v -0.8 6.3 -1.1
v -0.8 6.4 1.2
v -0.8 6.4 1.1
v -0.8 6.4 1
v -0.8 6.4 0.9
v -0.8 6.4 -0.8
v -0.8 6.4 -0.9
v -0.8 6.4 -1
v -0.8 6.4 -1.1
v -0.8 6.6 1
v -0.8 6.6 0.9
v -0.8 6.6 0.8
v -0.8 6.6 -0.7
v -0.8 6.6 -0.8
v -0.8 6.6 -0.9
v -0.8 6.7 0.8
v -0.8 6.7 -0.7
v -0.8 6.9 0.9
v -0.8 6.9 -0.8
v -0.7 0 1.5
v -0.7 0 1.4
v -0.7 0 -1.3
v -0.7 0 -1.4
v -0.7 0.1 1.5
v -0.7 0.1 1.4
v -0.7 0.1 -1.3
v -0.7 0.1 -1.4
v -0.7 0.4 1.5
v -0.7 0.4 1.4
v -0.7 0.4 -1.3
v -0.7 0.4 -1.4
v -0.7 0.5 1.5
v -0.7 0.5 1.4
v -0.7 0.5 1.3
v -0.7 0.5 1.2
v -0.7 0.5 -1.1
v -0.7 0.5 -1.2
v -0.7 0.5 -1.3
v -0.7 0.5 -1.4
v -0.7 0.9 1.3
v -0.7 0.9 1.2
v -0.7 0.9 -1.1
v -0.7 0.9 -1.2
v -0.7 1 1.3
v -0.7 1 1.2
v -0.7 1 1.1
v -0.7 1 1
v -0.7 1 -0.9
v -0.7 1 -1
v -0.7 1 -1.1
v -0.7 1 -1.2
v -0.7 4.5 -0.9
v -0.7 6.3 1.3
v -0.7 6.3 1.2
v -0.7 6.3 1.1
v -0.7 6.3 1
v -0.7 6.3 -0.9
v -0.7 6.3 -1
v -0.7 6.3 -1.1
v -0.7 6.3 -1.2
v -0.7 6.4 1.3
v -0.7 6.4 1.2
v -0.7 6.4 1.1
v -0.7 6.4 1
v -0.7 6.4 -0.9
v -0.7 6.4 -1
v -0.7 6.4 -1.1
v -0.7 6.4 -1.2
v -0.7 6.6 1.1
v -0.7 6.6 1
v -0.7 6.6 0.9
v -0.7 6.6 -0.8
v -0.7 6.6 -0.9
v -0.7 6.6 -1
v -0.7 6.9 1
v -0.7 6.9 0.9
v -0.7 6.9 -0.8
v -0.7 6.9 -0.9
v -0.6 0 1.6
v -0.6 0 1.5
v -0.6 0 -1.4
v -0.6 0 -1.5
v -0.6 0.1 1.5
v -0.6 0.1 -1.4
v -0.6 0.4 1.6
v -0.6 0.4 1.5
v -0.6 0.4 -1.4
v -0.6 0.4 -1.5
v -0.6 0.5 1.6
v -0.6 0.5 1.5
v -0.6 0.5 1.4
v -0.6 0.5 1.3
v -0.6 0.5 -1.2
v -0.6 0.5 -1.3
v -0.6 0.5 -1.4
v -0.6 0.5 -1.5
v -0.6 0.9 1.4
v -0.6 0.9 1.3
v -0.6 0.9 -1.2
v -0.6 0.9 -1.3
v -0.6 1 1.4
v -0.6 1 1.3
v -0.6 1 1.2
v -0.6 1 1.1
v -0.6 1 -1
v -0.6 1 -1.1
v -0.6 1 -1.2
v -0.6 1 -1.3
v -0.6 6.3 1.4
v -0.6 6.3 1.3
v -0.6 6.3 1.2
v -0.6 6.3 1.1
v -0.6 6.3 -1
v -0.6 6.3 -1.1
v -0.6 6.3 -1.2
v -0.6 6.3 -1.3
v -0.6 6.4 1.4
v -0.6 6.4 1.3
v -0.6 6.4 1.2
v -0.6 6.4 1.1
v -0.6 6.4 -1
v -0.6 6.4 -1.1
v -0.6 6.4 -1.2
v -0.6 6.4 -1.3
v -0.6 6.6 1.2
v -0.6 6.6 1.1
v -0.6 6.6 1
v -0.6 6.6 -0.9
v -0.6 6.6 -1
v -0.6 6.6 -1.1
v -0.6 6.9 1.1
v -0.6 6.9 1
v -0.6 6.9 0.9
v -0.6 6.9 -0.8
v -0.6 6.9 -0.9
v -0.6 6.9 -1
v -0.6 7 0.9
v -0.6 7 -0.8
v -0.5 6.6 1.2
v -0.5 6.6 1.1
v -0.5 6.6 -1
v -0.5 6.6 -1.1
v -0.5 6.7 1.2
v -0.5 6.7 1.1
v -0.5 6.7 -1
v -0.5 6.7 -1.1
v -0.5 7 0.8
v -0.5 7 -0.7
v -0.5 7.2 0.8
v -0.5 7.2 -0.7
v -0.4 7.2 0.7
v -0.4 7.2 -0.6
v -0.4 7.3 0.7
v -0.4 7.3 -0.6
v -0.3 1.9 0.1
v -0.3 1.9 -0.1
v -0.3 2.1 0.1
v -0.3 2.1 -0.1
v -0.3 7.3 0.7
v -0.3 7.3 -0.6
v -0.3 7.4 0.7
v -0.3 7.4 -0.6
v -0.2 1.8 0.2
v -0.2 1.8 -0.2
v -0.2 1.9 0.1
v -0.2 1.9 -0.1
v -0.2 2.1 0.1
v -0.2 2.1 -0.1
v -0.2 2.2 0.2
v -0.2 2.2 -0.2
v -0.2 7.4 0.6
v -0.2 7.4 -0.5
v -0.2 7.5 0.6
v -0.2 7.5 -0.5
v -0.1 1.7 0.1
v -0.1 1.7 -0.1
v -0.1 1.8 0.1
v -0.1 1.8 -0.1
v -0.1 1.9 0.3
v -0.1 1.9 0.2
v -0.1 1.9 -0.2
v -0.1 1.9 -0.3
v -0.1 2.1 0.3
v -0.1 2.1 0.2
v -0.1 2.1 -0.2
v -0.1 2.1 -0.3
v -0.1 2.2 0.1
v -0.1 2.2 0
v -0.1 2.2 -0.1
v -0.1 4.5 0.1
v -0.1 4.5 0
v -0.1 4.5 -0.1
v -0.1 7.5 0.5
v -0.1 7.5 -0.4
v -0.1 7.7 0.5
v -0.1 7.7 -0.4
v 0.2 0.2 1.6
v 0.2 0.2 1.5
v 0.2 0.2 0.3
v 0.2 0.2 -0.2
v 0.2 0.2 -1.4
v 0.2 0.2 -1.5
v 0.2 0.3 1.6
v 0.2 0.3 1.5
v 0.2 0.3 0.3
v 0.2 0.3 -0.2
v 0.2 0.3 -1.4
v 0.2 0.3 -1.5
v 0.4 0.1 1.6
v 0.4 0.1 1.5
v 0.4 0.1 0.5
v 0.4 0.1 -0.4
v 0.4 0.1 -1.4
v 0.4 0.1 -1.5
v 0.4 0.2 1.6
v 0.4 0.2 1.5
v 0.4 0.2 0.5
v 0.4 0.2 -0.4
v 0.4 0.2 -1.4
v 0.4 0.2 -1.5
v 0.5 0 1.6
v 0.5 0 0.6
v 0.5 0 -0.5
v 0.5 0 -1.5
v 0.5 0.1 1.6
v 0.5 0.1 1.5
v 0.5 0.1 0.6
v 0.5 0.1 -0.5
v 0.5 0.1 -1.4
v 0.5 0.1 -1.5
v 0.5 1 1
v 0.5 1 0.9
v 0.5 1 -0.8
v 0.5 1 -0.9
v 0.5 4.5 1
v 0.5 4.5 0.9
v 0.5 4.5 -0.8
v 0.5 4.5 -0.9
v 0.5 4.8 1.1
v 0.5 4.8 1
v 0.5 4.8 -0.9
v 0.5 4.8 -1
v 0.5 6 1.1
v 0.5 6 1
v 0.5 6 -0.9
v 0.5 6 -1
v 0.6 1 0.9
v 0.6 1 0.8
v 0.6 1 -0.7
v 0.6 1 -0.8
v 0.6 4.5 0.9
v 0.6 4.5 0.8
v 0.6 4.5 -0.7
v 0.6 4.5 -0.8
v 0.6 4.8 1
v 0.6 4.8 0.9
v 0.6 4.8 -0.8
v 0.6 4.8 -0.9
v 0.6 6 1
v 0.6 6 0.9
v 0.6 6 -0.8
v 0.6 6 -0.9
v 0.7 1 0.8
v 0.7 1 0.7
v 0.7 1 -0.6
v 0.7 1 -0.7
v 0.7 4.5 0.8
v 0.7 4.5 0.7
v 0.7 4.5 -0.6
v 0.7 4.5 -0.7
v 0.7 4.8 0.9
v 0.7 4.8 0.8
v 0.7 4.8 -0.7
v 0.7 4.8 -0.8
v 0.7 6 0.9
v 0.7 6 0.8
v 0.7 6 -0.7
v 0.7 6 -0.8
v 0.8 4.8 0.8
v 0.8 4.8 0.7
v 0.8 4.8 -0.6
v 0.8 4.8 -0.7
v 0.8 4.9 0.7
v 0.8 4.9 -0.6
v 0.8 5.3 0.8
v 0.8 5.3 0.7
v 0.8 5.3 -0.6
v 0.8 5.3 -0.7
v 0.8 5.4 0.7
v 0.8 5.4 -0.6
v 0.8 5.5 0.7
v 0.8 5.5 -0.6
v 0.8 5.6 0.8
v 0.8 5.6 0.7
v 0.8 5.6 -0.6
v 0.8 5.6 -0.7
v 0.8 6 0.8
v 0.8 6 0.7
v 0.8 6 -0.6
v 0.8 6 -0.7
v 0.9 4.1 0.7
v 0.9 4.1 0.6
v 0.9 4.1 -0.5
v 0.9 4.1 -0.6
v 0.9 4.2 0.6
v 0.9 4.2 0.5
v 0.9 4.2 -0.4
v 0.9 4.2 -0.5
v 0.9 4.3 0.5
v 0.9 4.3 0.4
v 0.9 4.3 -0.3
v 0.9 4.3 -0.4
v 0.9 4.4 0.7
v 0.9 4.4 0.6
v 0.9 4.4 0.4
v 0.9 4.4 0.3
v 0.9 4.4 -0.2
v 0.9 4.4 -0.3
v 0.9 4.4 -0.5
v 0.9 4.4 -0.6
v 0.9 4.5 0.7
v 0.9 4.5 0.6
v 0.9 4.5 0.3
v 0.9 4.5 -0.2
v 0.9 4.5 -0.5
v 0.9 4.5 -0.6
v -0.9 1 0.7
v -0.9 1 -0.6
v -0.9 4.5 0.7
v -0.9 4.5 -0.6
v -0.5 0 1.6
v -0.5 0 0.6
v -0.5 0 -0.5
v -0.5 0 -1.5
v -0.5 0.1 1.6
v -0.5 0.1 1.5
v -0.5 0.1 0.6
v -0.5 0.1 -0.5
v -0.5 0.1 -1.4
v -0.5 0.1 -1.5
v -0.5 1 1
v -0.5 1 0.7
v -0.5 1 -0.6
v -0.5 1 -0.9
v -0.5 4.5 1
v -0.5 4.5 0.7
v -0.5 4.5 -0.6
v -0.5 4.5 -0.9
v -0.5 4.8 1.1
v -0.5 4.8 0.7
v -0.5 4.8 -0.6
v -0.5 4.8 -1
v -0.5 6 1.1
v -0.5 6 0.7
v -0.5 6 -0.6
v -0.5 6 -1
v -0.4 0.1 1.6
v -0.4 0.1 1.5
v -0.4 0.1 0.5
v -0.4 0.1 -0.4
v -0.4 0.1 -1.4
v -0.4 0.1 -1.5
v -0.4 0.2 1.6
v -0.4 0.2 1.5
v -0.4 0.2 0.5
v -0.4 0.2 -0.4
v -0.4 0.2 -1.4
v -0.4 0.2 -1.5
v -0.3 0.2 1.6
v -0.3 0.2 1.5
v -0.3 0.2 0.3
v -0.3 0.2 -0.2
v -0.3 0.2 -1.4
v -0.3 0.2 -1.5
v -0.3 0.3 1.6
v -0.3 0.3 1.5
v -0.3 0.3 0.3
v -0.3 0.3 -0.2
v -0.3 0.3 -1.4
v -0.3 0.3 -1.5
v 0.1 1.7 0.1
v 0.1 1.7 -0.1
v 0.1 1.8 0.1
v 0.1 1.8 -0.1
v 0.1 1.9 0.3
v 0.1 1.9 0.2
v 0.1 1.9 -0.2
v 0.1 1.9 -0.3
v 0.1 2.1 0.3
v 0.1 2.1 0.2
v 0.1 2.1 -0.2
v 0.1 2.1 -0.3
v 0.1 2.2 0.1
v 0.1 2.2 0
v 0.1 2.2 -0.1
v 0.1 4.5 0.1
v 0.1 4.5 0
v 0.1 4.5 -0.1
v 0.1 7.5 0.5
v 0.1 7.5 -0.4
v 0.1 7.7 0.5
v 0.1 7.7 -0.4
v 0.2 1.8 0.2
v 0.2 1.8 -0.2
v 0.2 1.9 0.1
v 0.2 1.9 -0.1
v 0.2 2.1 0.1
v 0.2 2.1 -0.1
v 0.2 2.2 0.2
v 0.2 2.2 -0.2
v 0.2 7.4 0.6
v 0.2 7.4 -0.5
v 0.2 7.5 0.6
v 0.2 7.5 -0.5
v 0.3 1.9 0.1
v 0.3 1.9 -0.1
v 0.3 2.1 0.1
v 0.3 2.1 -0.1
v 0.3 7.3 0.7
v 0.3 7.3 -0.6
v 0.3 7.4 0.7
v 0.3 7.4 -0.6
v 0.4 7.2 0.7
v 0.4 7.2 -0.6
v 0.4 7.3 0.7
v 0.4 7.3 -0.6
v 0.5 6.6 1.2
v 0.5 6.6 1.1
v 0.5 6.6 -1
v 0.5 6.6 -1.1
v 0.5 6.7 1.2
v 0.5 6.7 1.1
v 0.5 6.7 -1
v 0.5 6.7 -1.1
v 0.5 7 0.8
v 0.5 7 -0.7
v 0.5 7.2 0.8
v 0.5 7.2 -0.7
v 0.6 0 1.6
v 0.6 0 1.5
v 0.6 0 -1.4
v 0.6 0 -1.5
v 0.6 0.1 1.5
v 0.6 0.1 -1.4
v 0.6 0.4 1.6
v 0.6 0.4 1.5
v 0.6 0.4 -1.4
v 0.6 0.4 -1.5
v 0.6 0.5 1.6
v 0.6 0.5 1.5
v 0.6 0.5 1.4
v 0.6 0.5 1.3
v 0.6 0.5 -1.2
v 0.6 0.5 -1.3
v 0.6 0.5 -1.4
v 0.6 0.5 -1.5
v 0.6 0.9 1.4
v 0.6 0.9 1.3
v 0.6 0.9 -1.2
v 0.6 0.9 -1.3
v 0.6 1 1.4
v 0.6 1 1.3
v 0.6 1 1.2
v 0.6 1 1.1
v 0.6 1 -1
v 0.6 1 -1.1
v 0.6 1 -1.2
v 0.6 1 -1.3
v 0.6 6.3 1.4
v 0.6 6.3 1.3
v 0.6 6.3 1.2
v 0.6 6.3 1.1
v 0.6 6.3 -1
v 0.6 6.3 -1.1
v 0.6 6.3 -1.2
v 0.6 6.3 -1.3
v 0.6 6.4 1.4
v 0.6 6.4 1.3
v 0.6 6.4 1.2
v 0.6 6.4 1.1
v 0.6 6.4 -1
v 0.6 6.4 -1.1
v 0.6 6.4 -1.2
v 0.6 6.4 -1.3
v 0.6 6.6 1.2
v 0.6 6.6 1.1
v 0.6 6.6 1
v 0.6 6.6 -0.9
v 0.6 6.6 -1
v 0.6 6.6 -1.1
v 0.6 6.9 1.1
v 0.6 6.9 1
v 0.6 6.9 0.9
v 0.6 6.9 -0.8
v 0.6 6.9 -0.9
v 0.6 6.9 -1
v 0.6 7 0.9
v 0.6 7 -0.8
v 0.7 0 1.5
v 0.7 0 1.4
v 0.7 0 -1.3
v 0.7 0 -1.4
v 0.7 0.1 1.5
v 0.7 0.1 1.4
v 0.7 0.1 -1.3
v 0.7 0.1 -1.4
v 0.7 0.4 1.5
v 0.7 0.4 1.4
v 0.7 0.4 -1.3
v 0.7 0.4 -1.4
v 0.7 0.5 1.5
v 0.7 0.5 1.4
v 0.7 0.5 1.3
v 0.7 0.5 1.2
v 0.7 0.5 -1.1
v 0.7 0.5 -1.2
v 0.7 0.5 -1.3
v 0.7 0.5 -1.4
v 0.7 0.9 1.3
v 0.7 0.9 1.2
v 0.7 0.9 -1.1
v 0.7 0.9 -1.2
v 0.7 1 1.3
v 0.7 1 1.2
v 0.7 1 1.1
v 0.7 1 1
v 0.7 1 -0.9
v 0.7 1 -1
v 0.7 1 -1.1
v 0.7 1 -1.2
v 0.7 6.3 1.3
v 0.7 6.3 1.2
v 0.7 6.3 1.1
v 0.7 6.3 1
v 0.7 6.3 -0.9
v 0.7 6.3 -1
v 0.7 6.3 -1.1
v 0.7 6.3 -1.2
v 0.7 6.4 1.3
v 0.7 6.4 1.2
v 0.7 6.4 1.1
v 0.7 6.4 1
v 0.7 6.4 -0.9
v 0.7 6.4 -1
v 0.7 6.4 -1.1
v 0.7 6.4 -1.2
v 0.7 6.6 1.1
v 0.7 6.6 1
v 0.7 6.6 0.9
v 0.7 6.6 -0.8
v 0.7 6.6 -0.9
v 0.7 6.6 -1
v 0.7 6.9 1
v 0.7 6.9 0.9
v 0.7 6.9 -0.8
v 0.7 6.9 -0.9
v 0.8 0 1.4
v 0.8 0 1.3
v 0.8 0 -1.2
v 0.8 0 -1.3
v 0.8 0.1 1.4
v 0.8 0.1 1.3
v 0.8 0.1 -1.2
v 0.8 0.1 -1.3
v 0.8 0.4 1.4
v 0.8 0.4 1.3
v 0.8 0.4 -1.2
v 0.8 0.4 -1.3
v 0.8 0.5 1.4
v 0.8 0.5 1.3
v 0.8 0.5 1.2
v 0.8 0.5 1.1
v 0.8 0.5 -1
v 0.8 0.5 -1.1
v 0.8 0.5 -1.2
v 0.8 0.5 -1.3
v 0.8 0.9 1.2
v 0.8 0.9 1.1
v 0.8 0.9 -1
v 0.8 0.9 -1.1
v 0.8 1 1.2
v 0.8 1 1.1
v 0.8 1 1
v 0.8 1 0.9
v 0.8 1 -0.8
v 0.8 1 -0.9
v 0.8 1 -1
v 0.8 1 -1.1
v 0.8 4.8 0.2
v 0.8 4.8 0.1
v 0.8 4.8 0
v 0.8 4.8 -0.1
v 0.8 4.9 0.3
v 0.8 4.9 0.2
v 0.8 4.9 -0.1
v 0.8 4.9 -0.2
v 0.8 5 0.4
v 0.8 5 0.3
v 0.8 5 -0.2
v 0.8 5 -0.3
v 0.8 5.1 0.5
v 0.8 5.1 0.4
v 0.8 5.1 0.3
v 0.8 5.1 -0.2
v 0.8 5.1 -0.3
v 0.8 5.1 -0.4
v 0.8 5.2 0.6
v 0.8 5.2 0.5
v 0.8 5.2 0.4
v 0.8 5.2 0.3
v 0.8 5.2 0.2
v 0.8 5.2 0.1
v 0.8 5.2 0
v 0.8 5.2 -0.1
v 0.8 5.2 -0.2
v 0.8 5.2 -0.3
v 0.8 5.2 -0.4
v 0.8 5.2 -0.5
v 0.8 5.3 0.7
v 0.8 5.3 0.6
v 0.8 5.3 0.3
v 0.8 5.3 0.2
v 0.8 5.3 -0.1
v 0.8 5.3 -0.2
v 0.8 5.3 -0.5
v 0.8 5.3 -0.6
v 0.8 5.4 0.7
v 0.8 5.4 0.4
v 0.8 5.4 0.1
v 0.8 5.4 0
v 0.8 5.4 -0.3
v 0.8 5.4 -0.6
v 0.8 5.5 0.7
v 0.8 5.5 0.4
v 0.8 5.5 0.1
v 0.8 5.5 -0.3
v 0.8 5.5 -0.6
v 0.8 5.6 0.7
v 0.8 5.6 0.6
v 0.8 5.6 0.3
v 0.8 5.6 0.2
v 0.8 5.6 -0.1
v 0.8 5.6 -0.2
v 0.8 5.6 -0.5
v 0.8 5.6 -0.6
v 0.8 5.7 0.6
v 0.8 5.7 0.5
v 0.8 5.7 0.4
v 0.8 5.7 0.3
v 0.8 5.7 0.2
v 0.8 5.7 0.1
v 0.8 5.7 0
v 0.8 5.7 -0.1
v 0.8 5.7 -0.2
v 0.8 5.7 -0.3
v 0.8 5.7 -0.4
v 0.8 5.7 -0.5
v 0.8 5.8 0.5
v 0.8 5.8 0.4
v 0.8 5.8 0.3
v 0.8 5.8 -0.2
v 0.8 5.8 -0.3
v 0.8 5.8 -0.4
v 0.8 5.9 0.4
v 0.8 5.9 0.3
v 0.8 5.9 -0.2
v 0.8 5.9 -0.3
v 0.8 6 0.3
v 0.8 6 0.2
v 0.8 6 0
v 0.8 6 -0.1
v 0.8 6 -0.2
v 0.8 6.1 0.2
v 0.8 6.1 0.1
v 0.8 6.1 0
v 0.8 6.1 -0.1
v 0.8 6.3 1.2
v 0.8 6.3 1.1
v 0.8 6.3 1
v 0.8 6.3 0.9
v 0.8 6.3 -0.8
v 0.8 6.3 -0.9
v 0.8 6.3 -1
v 0.8 6.3 -1.1
v 0.8 6.4 1.2
v 0.8 6.4 1.1
v 0.8 6.4 1
v 0.8 6.4 0.9
v 0.8 6.4 -0.8
v 0.8 6.4 -0.9
v 0.8 6.4 -1
v 0.8 6.4 -1.1
v 0.8 6.6 1
v 0.8 6.6 0.9
v 0.8 6.6 0.8
v 0.8 6.6 -0.7
v 0.8 6.6 -0.8
v 0.8 6.6 -0.9
v 0.8 6.7 0.8
v 0.8 6.7 -0.7
v 0.8 6.9 0.9
v 0.8 6.9 -0.8
v 0.9 0 1.3
v 0.9 0 1.2
v 0.9 0 -1.1
v 0.9 0 -1.2
v 0.9 0.1 1.3
v 0.9 0.1 1.2
v 0.9 0.1 -1.1
v 0.9 0.1 -1.2
v 0.9 0.4 1.3
v 0.9 0.4 1.2
v 0.9 0.4 -1.1
v 0.9 0.4 -1.2
v 0.9 0.5 1.3
v 0.9 0.5 1.2
v 0.9 0.5 1.1
v 0.9 0.5 1
v 0.9 0.5 -0.9
v 0.9 0.5 -1
v 0.9 0.5 -1.1
v 0.9 0.5 -1.2
v 0.9 0.9 1.1
v 0.9 0.9 1
v 0.9 0.9 -0.9
v 0.9 0.9 -1
v 0.9 1 1.1
v 0.9 1 1
v 0.9 1 0.9
v 0.9 1 0.8
v 0.9 1 -0.7
v 0.9 1 -0.8
v 0.9 1 -0.9
v 0.9 1 -1
v 0.9 4.3 0.8
v 0.9 4.3 -0.7
v 0.9 4.7 0.2
v 0.9 4.7 -0.1
v 0.9 4.8 0.4
v 0.9 4.8 0.2
v 0.9 4.8 -0.1
v 0.9 4.8 -0.3
v 0.9 4.9 0.5
v 0.9 4.9 0.4
v 0.9 4.9 0.3
v 0.9 4.9 0.2
v 0.9 4.9 -0.1
v 0.9 4.9 -0.2
v 0.9 4.9 -0.3
v 0.9 4.9 -0.4
v 0.9 5 0.6
v 0.9 5 0.5
v 0.9 5 0.4
v 0.9 5 0.3
v 0.9 5 -0.2
v 0.9 5 -0.3
v 0.9 5 -0.4
v 0.9 5 -0.5
v 0.9 5.1 0.7
v 0.9 5.1 0.6
v 0.9 5.1 0.5
v 0.9 5.1 0.4
v 0.9 5.1 -0.3
v 0.9 5.1 -0.4
v 0.9 5.1 -0.5
v 0.9 5.1 -0.6
v 0.9 5.2 0.6
v 0.9 5.2 0.5
v 0.9 5.2 -0.4
v 0.9 5.2 -0.5
v 0.9 5.3 0.8
v 0.9 5.3 0.7
v 0.9 5.3 0.6
v 0.9 5.3 -0.5
v 0.9 5.3 -0.6
v 0.9 5.3 -0.7
v 0.9 5.6 0.8
v 0.9 5.6 0.7
v 0.9 5.6 0.6
v 0.9 5.6 -0.5
v 0.9 5.6 -0.6
v 0.9 5.6 -0.7
v 0.9 5.7 0.6
v 0.9 5.7 0.5
v 0.9 5.7 -0.4
v 0.9 5.7 -0.5
v 0.9 5.8 0.7
v 0.9 5.8 0.6
v 0.9 5.8 0.5
v 0.9 5.8 0.4
v 0.9 5.8 -0.3
v 0.9 5.8 -0.4
v 0.9 5.8 -0.5
v 0.9 5.8 -0.6
v 0.9 5.9 0.6
v 0.9 5.9 0.5
v 0.9 5.9 0.4
v 0.9 5.9 0.3
v 0.9 5.9 -0.2
v 0.9 5.9 -0.3
v 0.9 5.9 -0.4
v 0.9 5.9 -0.5
v 0.9 6 0.5
v 0.9 6 0.4
v 0.9 6 0.3
v 0.9 6 0.2
v 0.9 6 -0.1
v 0.9 6 -0.2
v 0.9 6 -0.3
v 0.9 6 -0.4
v 0.9 6.1 0.4
v 0.9 6.1 0.2
v 0.9 6.1 -0.1
v 0.9 6.1 -0.3
v 0.9 6.2 0.2
v 0.9 6.2 -0.1
v 0.9 6.3 1.1
v 0.9 6.3 1
v 0.9 6.3 0.9
v 0.9 6.3 0.8
v 0.9 6.3 -0.7
v 0.9 6.3 -0.8
v 0.9 6.3 -0.9
v 0.9 6.3 -1
v 0.9 6.4 1.1
v 0.9 6.4 1
v 0.9 6.4 0.9
v 0.9 6.4 0.8
v 0.9 6.4 -0.7
v 0.9 6.4 -0.8
v 0.9 6.4 -0.9
v 0.9 6.4 -1
v 0.9 6.6 0.9
v 0.9 6.6 0.8
v 0.9 6.6 -0.7
v 0.9 6.6 -0.8
v 0.9 6.7 0.8
v 0.9 6.7 -0.7
v 1 0 1.2
v 1 0 1.1
v 1 0 -1
v 1 0 -1.1
v 1 0.1 1.2
v 1 0.1 1.1
v 1 0.1 -1
v 1 0.1 -1.1
v 1 0.4 1.2
v 1 0.4 1.1
v 1 0.4 -1
v 1 0.4 -1.1
v 1 0.5 1.2
v 1 0.5 1.1
v 1 0.5 1
v 1 0.5 0.9
v 1 0.5 -0.8
v 1 0.5 -0.9
v 1 0.5 -1
v 1 0.5 -1.1
v 1 0.9 1
v 1 0.9 0.9
v 1 0.9 -0.8
v 1 0.9 -0.9
v 1 1 1
v 1 1 0.9
v 1 1 0.8
v 1 1 0.7
v 1 1 -0.6
v 1 1 -0.7
v 1 1 -0.8
v 1 1 -0.9
v 1 4.1 0.7
v 1 4.1 0.6
v 1 4.1 -0.5
v 1 4.1 -0.6
v 1 4.2 0.6
v 1 4.2 0.5
v 1 4.2 -0.4
v 1 4.2 -0.5
v 1 4.3 0.8
v 1 4.3 0.7
v 1 4.3 0.5
v 1 4.3 0.4
v 1 4.3 -0.3
v 1 4.3 -0.4
v 1 4.3 -0.6
v 1 4.3 -0.7
v 1 4.4 0.7
v 1 4.4 0.6
v 1 4.4 0.4
v 1 4.4 0.3
v 1 4.4 -0.2
v 1 4.4 -0.3
v 1 4.4 -0.5
v 1 4.4 -0.6
v 1 4.5 0.6
v 1 4.5 0.5
v 1 4.5 0.3
v 1 4.5 -0.2
v 1 4.5 -0.4
v 1 4.5 -0.5
v 1 4.6 0.5
v 1 4.6 -0.4
v 1 4.7 0.2
v 1 4.7 -0.1
v 1 4.8 0.4
v 1 4.8 0.2
v 1 4.8 -0.1
v 1 4.8 -0.3
v 1 4.9 0.5
v 1 4.9 0.4
v 1 4.9 -0.3
v 1 4.9 -0.4
v 1 5 0.6
v 1 5 0.5
v 1 5 -0.4
v 1 5 -0.5
v 1 5.1 0.7
v 1 5.1 0.6
v 1 5.1 -0.5
v 1 5.1 -0.6
v 1 5.3 0.8
v 1 5.3 0.7
v 1 5.3 -0.6
v 1 5.3 -0.7
v 1 5.6 0.8
v 1 5.6 0.7
v 1 5.6 -0.6
v 1 5.6 -0.7
v 1 5.8 0.7
v 1 5.8 0.6
v 1 5.8 -0.5
v 1 5.8 -0.6
v 1 5.9 0.6
v 1 5.9 0.5
v 1 5.9 -0.4
v 1 5.9 -0.5
v 1 6 0.5
v 1 6 0.4
v 1 6 -0.3
v 1 6 -0.4
v 1 6.1 0.4
v 1 6.1 0.2
v 1 6.1 -0.1
v 1 6.1 -0.3
v 1 6.2 0.2
v 1 6.2 -0.1
v 1 6.3 1
v 1 6.3 0.9
v 1 6.3 0.8
v 1 6.3 -0.7
v 1 6.3 -0.8
v 1 6.3 -0.9
v 1 6.4 1
v 1 6.4 0.9
v 1 6.4 0.8
v 1 6.4 -0.7
v 1 6.4 -0.8
v 1 6.4 -0.9
v 1 6.6 0.8
v 1 6.6 -0.7
v 1.1 0 1.1
v 1.1 0 1
v 1.1 0 -0.9
v 1.1 0 -1
v 1.1 0.1 1.1
v 1.1 0.1 1
v 1.1 0.1 -0.9
v 1.1 0.1 -1
v 1.1 0.4 1.1
v 1.1 0.4 1
v 1.1 0.4 -0.9
v 1.1 0.4 -1
v 1.1 0.5 1.1
v 1.1 0.5 1
v 1.1 0.5 0.9
v 1.1 0.5 0.8
v 1.1 0.5 -0.7
v 1.1 0.5 -0.8
v 1.1 0.5 -0.9
v 1.1 0.5 -1
v 1.1 0.9 0.9
v 1.1 0.9 0.8
v 1.1 0.9 -0.7
v 1.1 0.9 -0.8
v 1.1 1 0.9
v 1.1 1 0.8
v 1.1 1 -0.7
v 1.1 1 -0.8
v 1.1 6.3 0.9
v 1.1 6.3 0.8
v 1.1 6.3 -0.7
v 1.1 6.3 -0.8
v 1.1 6.4 0.9
v 1.1 6.4 0.8
v 1.1 6.4 -0.7
v 1.1 6.4 -0.8
v 1.2 0 1
v 1.2 0 0.9
v 1.2 0 -0.8
v 1.2 0 -0.9
v 1.2 0.1 1
v 1.2 0.1 0.9
v 1.2 0.1 -0.8
v 1.2 0.1 -0.9
v 1.2 0.4 1
v 1.2 0.4 0.9
v 1.2 0.4 -0.8
v 1.2 0.4 -0.9
v 1.2 0.5 1
v 1.2 0.5 0.9
v 1.2 0.5 0.8
v 1.2 0.5 0.7
v 1.2 0.5 -0.6
v 1.2 0.5 -0.7
v 1.2 0.5 -0.8
v 1.2 0.5 -0.9
v 1.2 0.9 0.8
v 1.2 0.9 0.7
v 1.2 0.9 -0.6
v 1.2 0.9 -0.7
v 1.2 1 0.8
v 1.2 1 0.7
v 1.2 1 -0.6
v 1.2 1 -0.7
v 1.2 6.3 0.8
v 1.2 6.3 -0.7
v 1.2 6.4 0.8
v 1.2 6.4 -0.7
v 1.3 0 0.9
v 1.3 0 0.8
v 1.3 0 -0.7
v 1.3 0 -0.8
v 1.3 0.1 0.9
v 1.3 0.1 0.8
v 1.3 0.1 -0.7
v 1.3 0.1 -0.8
v 1.3 0.4 0.9
v 1.3 0.4 0.8
v 1.3 0.4 -0.7
v 1.3 0.4 -0.8
v 1.3 0.5 0.9
v 1.3 0.5 0.8
v 1.3 0.5 0.7
v 1.3 0.5 -0.6
v 1.3 0.5 -0.7
v 1.3 0.5 -0.8
v 1.3 0.9 0.7
v 1.3 0.9 -0.6
v 1.3 1 0.7
v 1.3 1 -0.6
v 1.4 0 0.8
v 1.4 0 0.7
v 1.4 0 -0.6
v 1.4 0 -0.7
v 1.4 0.1 0.8
v 1.4 0.1 0.7
v 1.4 0.1 -0.6
v 1.4 0.1 -0.7
v 1.4 0.4 0.8
v 1.4 0.4 0.7
v 1.4 0.4 -0.6
v 1.4 0.4 -0.7
v 1.4 0.5 0.8
v 1.4 0.5 0.7
v 1.4 0.5 -0.6
v 1.4 0.5 -0.7
v 1.5 0 0.7
v 1.5 0 0.6
v 1.5 0 -0.5
v 1.5 0 -0.6
v 1.5 0.1 0.6
v 1.5 0.1 0.5
v 1.5 0.1 -0.4
v 1.5 0.1 -0.5
v 1.5 0.2 0.5
v 1.5 0.2 0.3
v 1.5 0.2 -0.2
v 1.5 0.2 -0.4
v 1.5 0.3 0.3
v 1.5 0.3 -0.2
v 1.5 0.4 0.7
v 1.5 0.4 -0.6
v 1.5 0.5 0.7
v 1.5 0.5 -0.6
v -0.6 0 1.6
v -0.6 0.4 1.6
v -0.6 0.5 1.6
v -0.5 0 1.6
v -0.5 0.1 1.6
v -0.4 0.1 1.6
v -0.4 0.2 1.6
v -0.3 0.2 1.6
v -0.3 0.3 1.6
v 0.2 0.2 1.6
v 0.2 0.3 1.6
v 0.4 0.1 1.6
v 0.4 0.2 1.6
v 0.5 0 1.6
v 0.5 0.1 1.6
v 0.6 0 1.6
v 0.6 0.4 1.6
v 0.6 0.5 1.6
v -0.7 0 1.5
v -0.7 0.1 1.5
v -0.7 0.4 1.5
v -0.7 0.5 1.5
v -0.6 0 1.5
v -0.6 0.1 1.5
v -0.6 0.4 1.5
v -0.6 0.5 1.5
v 0.6 0 1.5
v 0.6 0.1 1.5
v 0.6 0.4 1.5
v 0.6 0.5 1.5
v 0.7 0 1.5
v 0.7 0.1 1.5
v 0.7 0.4 1.5
v 0.7 0.5 1.5
v -0.8 0 1.4
v -0.8 0.1 1.4
v -0.8 0.4 1.4
v -0.8 0.5 1.4
v -0.7 0 1.4
v -0.7 0.1 1.4
v -0.7 0.4 1.4
v -0.7 0.5 1.4
v -0.6 0.5 1.4
v -0.6 0.9 1.4
v -0.6 1 1.4
v -0.6 6.3 1.4
v -0.6 6.4 1.4
v 0.6 0.5 1.4
v 0.6 0.9 1.4
v 0.6 1 1.4
v 0.6 6.3 1.4
v 0.6 6.4 1.4
v 0.7 0 1.4
v 0.7 0.1 1.4
v 0.7 0.4 1.4
v 0.7 0.5 1.4
v 0.8 0 1.4
v 0.8 0.1 1.4
v 0.8 0.4 1.4
v 0.8 0.5 1.4
v -0.9 0 1.3
v -0.9 0.1 1.3
v -0.9 0.4 1.3
v -0.9 0.5 1.3
v -0.8 0 1.3
v -0.8 0.1 1.3
v -0.8 0.4 1.3
v -0.8 0.5 1.3
v -0.7 0.5 1.3
v -0.7 0.9 1.3
v -0.7 1 1.3
v -0.7 6.3 1.3
v -0.7 6.4 1.3
v -0.6 0.5 1.3
v -0.6 0.9 1.3
v -0.6 1 1.3
v -0.6 6.3 1.3
v -0.6 6.4 1.3
v 0.6 0.5 1.3
v 0.6 0.9 1.3
v 0.6 1 1.3
v 0.6 6.3 1.3
v 0.6 6.4 1.3
v 0.7 0.5 1.3
v 0.7 0.9 1.3
v 0.7 1 1.3
v 0.7 6.3 1.3
v 0.7 6.4 1.3
v 0.8 0 1.3
v 0.8 0.1 1.3
v 0.8 0.4 1.3
v 0.8 0.5 1.3
v 0.9 0 1.3
v 0.9 0.1 1.3
v 0.9 0.4 1.3
v 0.9 0.5 1.3
v -1 0 1.2
v -1 0.1 1.2
v -1 0.4 1.2
v -1 0.5 1.2
v -0.9 0 1.2
v -0.9 0.1 1.2
v -0.9 0.4 1.2
v -0.9 0.5 1.2
v -0.8 0.5 1.2
v -0.8 0.9 1.2
v -0.8 1 1.2
v -0.8 6.3 1.2
v -0.8 6.4 1.2
v -0.7 0.5 1.2
v -0.7 0.9 1.2
v -0.7 1 1.2
v -0.7 6.3 1.2
v -0.7 6.4 1.2
v -0.6 1 1.2
v -0.6 6.3 1.2
v -0.6 6.4 1.2
v -0.6 6.6 1.2
v -0.5 1 1.2
v -0.5 6.6 1.2
v -0.5 6.7 1.2
v 0.5 1 1.2
v 0.5 6.6 1.2
v 0.5 6.7 1.2
v 0.6 1 1.2
v 0.6 6.3 1.2
v 0.6 6.4 1.2
v 0.6 6.6 1.2
v 0.7 0.5 1.2
v 0.7 0.9 1.2
v 0.7 1 1.2
v 0.7 6.3 1.2
v 0.7 6.4 1.2
v 0.8 0.5 1.2
v 0.8 0.9 1.2
v 0.8 1 1.2
v 0.8 6.3 1.2
v 0.8 6.4 1.2
v 0.9 0 1.2
v 0.9 0.1 1.2
v 0.9 0.4 1.2
v 0.9 0.5 1.2
v 1 0 1.2
v 1 0.1 1.2
v 1 0.4 1.2
v 1 0.5 1.2
v -1.1 0 1.1
v -1.1 0.1 1.1
v -1.1 0.4 1.1
v -1.1 0.5 1.1
v -1 0 1.1
v -1 0.1 1.1
v -1 0.4 1.1
v -1 0.5 1.1
v -0.9 0.5 1.1
v -0.9 0.9 1.1
v -0.9 1 1.1
v -0.9 6.3 1.1
v -0.9 6.4 1.1
v -0.8 0.5 1.1
v -0.8 0.9 1.1
v -0.8 1 1.1
v -0.8 6.3 1.1
v -0.8 6.4 1.1
v -0.7 1 1.1
v -0.7 6.3 1.1
v -0.7 6.4 1.1
v -0.7 6.6 1.1
v -0.6 1 1.1
v -0.6 6.3 1.1
v -0.6 6.4 1.1
v -0.6 6.6 1.1
v -0.6 6.9 1.1
v -0.5 6.6 1.1
v -0.5 6.7 1.1
v 0.5 6.6 1.1
v 0.5 6.7 1.1
v 0.6 1 1.1
v 0.6 6.3 1.1
v 0.6 6.4 1.1
v 0.6 6.6 1.1
v 0.6 6.9 1.1
v 0.7 1 1.1
v 0.7 6.3 1.1
v 0.7 6.4 1.1
v 0.7 6.6 1.1
v 0.8 0.5 1.1
v 0.8 0.9 1.1
v 0.8 1 1.1
v 0.8 6.3 1.1
v 0.8 6.4 1.1
v 0.9 0.5 1.1
v 0.9 0.9 1.1
v 0.9 1 1.1
v 0.9 6.3 1.1
v 0.9 6.4 1.1
v 1 0 1.1
v 1 0.1 1.1
v 1 0.4 1.1
v 1 0.5 1.1
v 1.1 0 1.1
v 1.1 0.1 1.1
v 1.1 0.4 1.1
v 1.1 0.5 1.1
v -1.2 0 1
v -1.2 0.1 1
v -1.2 0.4 1
v -1.2 0.5 1
v -1.1 0 1
v -1.1 0.1 1
v -1.1 0.4 1
v -1.1 0.5 1
v -1 0.5 1
v -1 0.9 1
v -1 1 1
v -1 6.3 1
v -1 6.4 1
v -0.9 0.5 1
v -0.9 0.9 1
v -0.9 1 1
v -0.9 6.3 1
v -0.9 6.4 1
v -0.8 1 1
v -0.8 6.3 1
v -0.8 6.4 1
v -0.8 6.6 1
v -0.7 1 1
v -0.7 6.3 1
v -0.7 6.4 1
v -0.7 6.6 1
v -0.7 6.9 1
v -0.6 6.6 1
v -0.6 6.9 1
v 0.6 6.6 1
v 0.6 6.9 1
v 0.7 1 1
v 0.7 6.3 1
v 0.7 6.4 1
v 0.7 6.6 1
v 0.7 6.9 1
v 0.8 1 1
v 0.8 6.3 1
v 0.8 6.4 1
v 0.8 6.6 1
v 0.9 0.5 1
v 0.9 0.9 1
v 0.9 1 1
v 0.9 6.3 1
v 0.9 6.4 1
v 1 0.5 1
v 1 0.9 1
v 1 1 1
v 1 6.3 1
v 1 6.4 1
v 1.1 0 1
v 1.1 0.1 1
v 1.1 0.4 1
v 1.1 0.5 1
v 1.2 0 1
v 1.2 0.1 1
v 1.2 0.4 1
v 1.2 0.5 1
v -1.3 0 0.9
v -1.3 0.1 0.9
v -1.3 0.4 0.9
v -1.3 0.5 0.9
v -1.2 0 0.9
v -1.2 0.1 0.9
v -1.2 0.4 0.9
v -1.2 0.5 0.9
v -1.1 0.5 0.9
v -1.1 0.9 0.9
v -1.1 1 0.9
v -1.1 6.3 0.9
v -1.1 6.4 0.9
v -1 0.5 0.9
v -1 0.9 0.9
v -1 1 0.9
v -1 6.3 0.9
v -1 6.4 0.9
v -0.9 1 0.9
v -0.9 6.3 0.9
v -0.9 6.4 0.9
v -0.9 6.6 0.9
v -0.8 1 0.9
v -0.8 6.3 0.9
v -0.8 6.4 0.9
v -0.8 6.6 0.9
v -0.8 6.9 0.9
v -0.7 6.6 0.9
v -0.7 6.9 0.9
v -0.6 6.9 0.9
v -0.6 7 0.9
v 0.6 6.9 0.9
v 0.6 7 0.9
v 0.7 6.6 0.9
v 0.7 6.9 0.9
v 0.8 1 0.9
v 0.8 6.3 0.9
v 0.8 6.4 0.9
v 0.8 6.6 0.9
v 0.8 6.9 0.9
v 0.9 1 0.9
v 0.9 6.3 0.9
v 0.9 6.4 0.9
v 0.9 6.6 0.9
v 1 0.5 0.9
v 1 0.9 0.9
v 1 1 0.9
v 1 6.3 0.9
v 1 6.4 0.9
v 1.1 0.5 0.9
v 1.1 0.9 0.9
v 1.1 1 0.9
v 1.1 6.3 0.9
v 1.1 6.4 0.9
v 1.2 0 0.9
v 1.2 0.1 0.9
v 1.2 0.4 0.9
v 1.2 0.5 0.9
v 1.3 0 0.9
v 1.3 0.1 0.9
v 1.3 0.4 0.9
v 1.3 0.5 0.9
v -1.4 0 0.8
v -1.4 0.1 0.8
v -1.4 0.4 0.8
v -1.4 0.5 0.8
v -1.3 0 0.8
v -1.3 0.1 0.8
v -1.3 0.4 0.8
v -1.3 0.5 0.8
v -1.2 0.5 0.8
v -1.2 0.9 0.8
v -1.2 1 0.8
v -1.2 6.3 0.8
v -1.2 6.4 0.8
v -1.1 0.5 0.8
v -1.1 0.9 0.8
v -1.1 1 0.8
v -1.1 6.3 0.8
v -1.1 6.4 0.8
v -1 1 0.8
v -1 6.3 0.8
v -1 6.4 0.8
v -1 6.6 0.8
v -0.9 1 0.8
v -0.9 6.3 0.8
v -0.9 6.4 0.8
v -0.9 6.6 0.8
v -0.9 6.7 0.8
v -0.8 6.6 0.8
v -0.8 6.7 0.8
v -0.5 7 0.8
v -0.5 7.2 0.8
v 0.5 7 0.8
v 0.5 7.2 0.8
v 0.8 6.6 0.8
v 0.8 6.7 0.8
v 0.9 1 0.8
v 0.9 4.3 0.8
v 0.9 5.3 0.8
v 0.9 5.6 0.8
v 0.9 6.3 0.8
v 0.9 6.4 0.8
v 0.9 6.6 0.8
v 0.9 6.7 0.8
v 1 1 0.8
v 1 4.3 0.8
v 1 5.3 0.8
v 1 5.6 0.8
v 1 6.3 0.8
v 1 6.4 0.8
v 1 6.6 0.8
v 1.1 0.5 0.8
v 1.1 0.9 0.8
v 1.1 1 0.8
v 1.1 6.3 0.8
v 1.1 6.4 0.8
v 1.2 0.5 0.8
v 1.2 0.9 0.8
v 1.2 1 0.8
v 1.2 6.3 0.8
v 1.2 6.4 0.8
v 1.3 0 0.8
v 1.3 0.1 0.8
v 1.3 0.4 0.8
v 1.3 0.5 0.8
v 1.4 0 0.8
v 1.4 0.1 0.8
v 1.4 0.4 0.8
v 1.4 0.5 0.8
v -1.5 0 0.7
v -1.5 0.4 0.7
v -1.5 0.5 0.7
v -1.4 0 0.7
v -1.4 0.1 0.7
v -1.4 0.4 0.7
v -1.4 0.5 0.7
v -1.3 0.5 0.7
v -1.3 0.9 0.7
v -1.3 1 0.7
v -1.2 0.5 0.7
v -1.2 0.9 0.7
v -1.2 1 0.7
v -1.1 1 0.7
v -1.1 6.3 0.7
v -1 1 0.7
v -1 6.3 0.7
v -0.5 4.8 0.7
v -0.5 6 0.7
v -0.4 7.2 0.7
v -0.4 7.3 0.7
v -0.3 7.3 0.7
v -0.3 7.4 0.7
v 0.3 7.3 0.7
v 0.3 7.4 0.7
v 0.4 7.2 0.7
v 0.4 7.3 0.7
v 0.7 4.8 0.7
v 0.7 4.9 0.7
v 0.7 5.4 0.7
v 0.7 5.5 0.7
v 0.8 4.8 0.7
v 0.8 4.9 0.7
v 0.8 5.3 0.7
v 0.8 5.4 0.7
v 0.8 5.5 0.7
v 0.8 5.6 0.7
v 0.8 6 0.7
v 1.2 0.5 0.7
v 1.2 0.9 0.7
v 1.2 1 0.7
v 1.3 0.5 0.7
v 1.3 0.9 0.7
v 1.3 1 0.7
v 1.4 0 0.7
v 1.4 0.1 0.7
v 1.4 0.4 0.7
v 1.4 0.5 0.7
v 1.5 0 0.7
v 1.5 0.4 0.7
v 1.5 0.5 0.7
v -0.2 7.4 0.6
v -0.2 7.5 0.6
v 0.2 7.4 0.6
v 0.2 7.5 0.6
v -0.1 7.5 0.5
v -0.1 7.7 0.5
v 0.1 7.5 0.5
v 0.1 7.7 0.5
v -0.1 1.9 0.3
v -0.1 2.1 0.3
v 0.1 1.9 0.3
v 0.1 2.1 0.3
v -0.2 1.8 0.2
v -0.2 2.2 0.2
v -0.1 1.9 0.2
v -0.1 2.1 0.2
v 0.1 1.9 0.2
v 0.1 2.1 0.2
v 0.2 1.8 0.2
v 0.2 2.2 0.2
v -0.3 1.9 0.1
v -0.3 2.1 0.1
v -0.2 1.9 0.1
v -0.2 2.1 0.1
v -0.1 1.7 0.1
v -0.1 1.8 0.1
v -0.1 2.2 0.1
v -0.1 4.5 0.1
v 0.1 1.7 0.1
v 0.1 1.8 0.1
v 0.1 2.2 0.1
v 0.1 4.5 0.1
v 0.2 1.9 0.1
v 0.2 2.1 0.1
v 0.3 1.9 0.1
v 0.3 2.1 0.1
v 0.8 4.8 -0.1
v 0.8 4.9 -0.1
v 0.8 6 -0.1
v 0.8 6.1 -0.1
v 0.9 4.7 -0.1
v 0.9 4.8 -0.1
v 0.9 4.9 -0.1
v 0.9 6 -0.1
v 0.9 6.1 -0.1
v 0.9 6.2 -0.1
v 1 4.7 -0.1
v 1 4.8 -0.1
v 1 6.1 -0.1
v 1 6.2 -0.1
v -1.5 0.2 -0.2
v -1.5 0.3 -0.2
v -1.4 0.2 -0.2
v -1.4 0.3 -0.2
v -0.3 0.2 -0.2
v -0.3 0.3 -0.2
v 0.2 0.2 -0.2
v 0.2 0.3 -0.2
v 0.8 4.9 -0.2
v 0.8 5 -0.2
v 0.8 5.9 -0.2
v 0.8 6 -0.2
v 0.9 4.4 -0.2
v 0.9 4.5 -0.2
v 0.9 4.9 -0.2
v 0.9 5 -0.2
v 0.9 5.9 -0.2
v 0.9 6 -0.2
v 1 4.4 -0.2
v 1 4.5 -0.2
v 1.4 0.2 -0.2
v 1.4 0.3 -0.2
v 1.5 0.2 -0.2
v 1.5 0.3 -0.2
v 0.8 5 -0.3
v 0.8 5.1 -0.3
v 0.8 5.8 -0.3
v 0.8 5.9 -0.3
v 0.9 4.3 -0.3
v 0.9 4.4 -0.3
v 0.9 4.8 -0.3
v 0.9 4.9 -0.3
v 0.9 5 -0.3
v 0.9 5.1 -0.3
v 0.9 5.8 -0.3
v 0.9 5.9 -0.3
v 0.9 6 -0.3
v 0.9 6.1 -0.3
v 1 4.3 -0.3
v 1 4.4 -0.3
v 1 4.8 -0.3
v 1 4.9 -0.3
v 1 6 -0.3
v 1 6.1 -0.3
v -1.5 0.1 -0.4
v -1.5 0.2 -0.4
v -1.4 0.1 -0.4
v -1.4 0.2 -0.4
v -0.4 0.1 -0.4
v -0.4 0.2 -0.4
v 0.4 0.1 -0.4
v 0.4 0.2 -0.4
v 0.8 5.1 -0.4
v 0.8 5.2 -0.4
v 0.8 5.7 -0.4
v 0.8 5.8 -0.4
v 0.9 4.2 -0.4
v 0.9 4.3 -0.4
v 0.9 4.9 -0.4
v 0.9 5 -0.4
v 0.9 5.1 -0.4
v 0.9 5.2 -0.4
v 0.9 5.7 -0.4
v 0.9 5.8 -0.4
v 0.9 5.9 -0.4
v 0.9 6 -0.4
v 1 4.2 -0.4
v 1 4.3 -0.4
v 1 4.9 -0.4
v 1 5 -0.4
v 1 5.9 -0.4
v 1 6 -0.4
v 1.4 0.1 -0.4
v 1.4 0.2 -0.4
v 1.5 0.1 -0.4
v 1.5 0.2 -0.4
v -1.5 0 -0.5
v -1.5 0.1 -0.5
v -1.4 0.1 -0.5
v -0.5 0 -0.5
v -0.5 0.1 -0.5
v 0.5 0 -0.5
v 0.5 0.1 -0.5
v 0.8 5.2 -0.5
v 0.8 5.3 -0.5
v 0.8 5.6 -0.5
v 0.8 5.7 -0.5
v 0.9 4.1 -0.5
v 0.9 4.2 -0.5
v 0.9 5 -0.5
v 0.9 5.1 -0.5
v 0.9 5.2 -0.5
v 0.9 5.3 -0.5
v 0.9 5.6 -0.5
v 0.9 5.7 -0.5
v 0.9 5.8 -0.5
v 0.9 5.9 -0.5
v 1 4.1 -0.5
v 1 4.2 -0.5
v 1 5 -0.5
v 1 5.1 -0.5
v 1 5.8 -0.5
v 1 5.9 -0.5
v 1.4 0.1 -0.5
v 1.5 0 -0.5
v 1.5 0.1 -0.5
v -0.9 1 -0.6
v -0.9 4.5 -0.6
v -0.5 1 -0.6
v -0.5 4.5 -0.6
v 0.7 1 -0.6
v 0.7 4.5 -0.6
v 0.8 1 -0.6
v 0.8 4.5 -0.6
v 0.8 5.3 -0.6
v 0.8 5.4 -0.6
v 0.8 5.5 -0.6
v 0.8 5.6 -0.6
v 0.9 1 -0.6
v 0.9 4.1 -0.6
v 0.9 4.4 -0.6
v 0.9 4.5 -0.6
v 0.9 5.1 -0.6
v 0.9 5.3 -0.6
v 0.9 5.6 -0.6
v 0.9 5.8 -0.6
v 1 1 -0.6
v 1 4.1 -0.6
v 1 5.1 -0.6
v 1 5.3 -0.6
v 1 5.6 -0.6
v 1 5.8 -0.6
v 0.6 1 -0.7
v 0.6 4.5 -0.7
v 0.7 1 -0.7
v 0.7 4.5 -0.7
v 0.7 4.8 -0.7
v 0.7 6 -0.7
v 0.8 4.8 -0.7
v 0.8 5.3 -0.7
v 0.8 5.6 -0.7
v 0.8 6 -0.7
v 0.5 1 -0.8
v 0.5 4.5 -0.8
v 0.6 1 -0.8
v 0.6 4.5 -0.8
v 0.6 4.8 -0.8
v 0.6 6 -0.8
v 0.7 4.8 -0.8
v 0.7 6 -0.8
v -0.5 1 -0.9
v -0.5 4.5 -0.9
v 0.5 1 -0.9
v 0.5 4.5 -0.9
v 0.5 4.8 -0.9
v 0.5 6 -0.9
v 0.6 4.8 -0.9
v 0.6 6 -0.9
v -0.5 4.8 -1
v -0.5 6 -1
v 0.5 4.8 -1
v 0.5 6 -1
v -0.5 4.8 1.1
v -0.5 6 1.1
v 0.5 4.8 1.1
v 0.5 6 1.1
v -0.5 1 1
v -0.5 4.5 1
v 0.5 1 1
v 0.5 4.5 1
v 0.5 4.8 1
v 0.5 6 1
v 0.6 4.8 1
v 0.6 6 1
v 0.5 1 0.9
v 0.5 4.5 0.9
v 0.6 1 0.9
v 0.6 4.5 0.9
v 0.6 4.8 0.9
v 0.6 6 0.9
v 0.7 4.8 0.9
v 0.7 6 0.9
v 0.6 1 0.8
v 0.6 4.5 0.8
v 0.7 1 0.8
v 0.7 4.5 0.8
v 0.7 4.8 0.8
v 0.7 6 0.8
v 0.8 4.8 0.8
v 0.8 5.3 0.8
v 0.8 5.6 0.8
v 0.8 6 0.8
v -0.9 1 0.7
v -0.9 4.5 0.7
v -0.5 1 0.7
v -0.5 4.5 0.7
v 0.7 1 0.7
v 0.7 4.5 0.7
v 0.8 1 0.7
v 0.8 4.5 0.7
v 0.8 5.3 0.7
v 0.8 5.4 0.7
v 0.8 5.5 0.7
v 0.8 5.6 0.7
v 0.9 1 0.7
v 0.9 4.1 0.7
v 0.9 4.4 0.7
v 0.9 4.5 0.7
v 0.9 5.1 0.7
v 0.9 5.3 0.7
v 0.9 5.6 0.7
v 0.9 5.8 0.7
v 1 1 0.7
v 1 4.1 0.7
v 1 5.1 0.7
v 1 5.3 0.7
v 1 5.6 0.7
v 1 5.8 0.7
v -1.5 0 0.6
v -1.5 0.1 0.6
v -1.4 0.1 0.6
v -0.5 0 0.6
v -0.5 0.1 0.6
v 0.5 0 0.6
v 0.5 0.1 0.6
v 0.8 5.2 0.6
v 0.8 5.3 0.6
v 0.8 5.6 0.6
v 0.8 5.7 0.6
v 0.9 4.1 0.6
v 0.9 4.2 0.6
v 0.9 5 0.6
v 0.9 5.1 0.6
v 0.9 5.2 0.6
v 0.9 5.3 0.6
v 0.9 5.6 0.6
v 0.9 5.7 0.6
v 0.9 5.8 0.6
v 0.9 5.9 0.6
v 1 4.1 0.6
v 1 4.2 0.6
v 1 5 0.6
v 1 5.1 0.6
v 1 5.8 0.6
v 1 5.9 0.6
v 1.4 0.1 0.6
v 1.5 0 0.6
v 1.5 0.1 0.6
v -1.5 0.1 0.5
v -1.5 0.2 0.5
v -1.4 0.1 0.5
v -1.4 0.2 0.5
v -0.4 0.1 0.5
v -0.4 0.2 0.5
v 0.4 0.1 0.5
v 0.4 0.2 0.5
v 0.8 5.1 0.5
v 0.8 5.2 0.5
v 0.8 5.7 0.5
v 0.8 5.8 0.5
v 0.9 4.2 0.5
v 0.9 4.3 0.5
v 0.9 4.9 0.5
v 0.9 5 0.5
v 0.9 5.1 0.5
v 0.9 5.2 0.5
v 0.9 5.7 0.5
v 0.9 5.8 0.5
v 0.9 5.9 0.5
v 0.9 6 0.5
v 1 4.2 0.5
v 1 4.3 0.5
v 1 4.9 0.5
v 1 5 0.5
v 1 5.9 0.5
v 1 6 0.5
v 1.4 0.1 0.5
v 1.4 0.2 0.5
v 1.5 0.1 0.5
v 1.5 0.2 0.5
v 0.8 5 0.4
v 0.8 5.1 0.4
v 0.8 5.8 0.4
v 0.8 5.9 0.4
v 0.9 4.3 0.4
v 0.9 4.4 0.4
v 0.9 4.8 0.4
v 0.9 4.9 0.4
v 0.9 5 0.4
v 0.9 5.1 0.4
v 0.9 5.8 0.4
v 0.9 5.9 0.4
v 0.9 6 0.4
v 0.9 6.1 0.4
v 1 4.3 0.4
v 1 4.4 0.4
v 1 4.8 0.4
v 1 4.9 0.4
v 1 6 0.4
v 1 6.1 0.4
v -1.5 0.2 0.3
v -1.5 0.3 0.3
v -1.4 0.2 0.3
v -1.4 0.3 0.3
v -0.3 0.2 0.3
v -0.3 0.3 0.3
v 0.2 0.2 0.3
v 0.2 0.3 0.3
v 0.8 4.9 0.3
v 0.8 5 0.3
v 0.8 5.9 0.3
v 0.8 6 0.3
v 0.9 4.4 0.3
v 0.9 4.5 0.3
v 0.9 4.9 0.3
v 0.9 5 0.3
v 0.9 5.9 0.3
v 0.9 6 0.3
v 1 4.4 0.3
v 1 4.5 0.3
v 1.4 0.2 0.3
v 1.4 0.3 0.3
v 1.5 0.2 0.3
v 1.5 0.3 0.3
v 0.8 4.8 0.2
v 0.8 4.9 0.2
v 0.8 6 0.2
v 0.8 6.1 0.2
v 0.9 4.7 0.2
v 0.9 4.8 0.2
v 0.9 4.9 0.2
v 0.9 6 0.2
v 0.9 6.1 0.2
v 0.9 6.2 0.2
v 1 4.7 0.2
v 1 4.8 0.2
v 1 6.1 0.2
v 1 6.2 0.2
v -0.3 1.9 -0.1
v -0.3 2.1 -0.1
v -0.2 1.9 -0.1
v -0.2 2.1 -0.1
v -0.1 1.7 -0.1
v -0.1 1.8 -0.1
v -0.1 2.2 -0.1
v -0.1 4.5 -0.1
v 0.1 1.7 -0.1
v 0.1 1.8 -0.1
v 0.1 2.2 -0.1
v 0.1 4.5 -0.1
v 0.2 1.9 -0.1
v 0.2 2.1 -0.1
v 0.3 1.9 -0.1
v 0.3 2.1 -0.1
v -0.2 1.8 -0.2
v -0.2 2.2 -0.2
v -0.1 1.9 -0.2
v -0.1 2.1 -0.2
v 0.1 1.9 -0.2
v 0.1 2.1 -0.2
v 0.2 1.8 -0.2
v 0.2 2.2 -0.2
v -0.1 1.9 -0.3
v -0.1 2.1 -0.3
v 0.1 1.9 -0.3
v 0.1 2.1 -0.3
v -0.1 7.5 -0.4
v -0.1 7.7 -0.4
v 0.1 7.5 -0.4
v 0.1 7.7 -0.4
v -0.2 7.4 -0.5
v -0.2 7.5 -0.5
v 0.2 7.4 -0.5
v 0.2 7.5 -0.5
v -1.5 0 -0.6
v -1.5 0.4 -0.6
v -1.5 0.5 -0.6
v -1.4 0 -0.6
v -1.4 0.1 -0.6
v -1.4 0.4 -0.6
v -1.4 0.5 -0.6
v -1.3 0.5 -0.6
v -1.3 0.9 -0.6
v -1.3 1 -0.6
v -1.2 0.5 -0.6
v -1.2 0.9 -0.6
v -1.2 1 -0.6
v -1.1 1 -0.6
v -1.1 6.3 -0.6
v -1 1 -0.6
v -1 6.3 -0.6
v -0.5 4.8 -0.6
v -0.5 6 -0.6
v -0.4 7.2 -0.6
v -0.4 7.3 -0.6
v -0.3 7.3 -0.6
v -0.3 7.4 -0.6
v 0.3 7.3 -0.6
v 0.3 7.4 -0.6
v 0.4 7.2 -0.6
v 0.4 7.3 -0.6
v 0.7 4.8 -0.6
v 0.7 4.9 -0.6
v 0.7 5.4 -0.6
v 0.7 5.5 -0.6
v 0.8 4.8 -0.6
v 0.8 4.9 -0.6
v 0.8 5.3 -0.6
v 0.8 5.4 -0.6
v 0.8 5.5 -0.6
v 0.8 5.6 -0.6
v 0.8 6 -0.6
v 1.2 0.5 -0.6
v 1.2 0.9 -0.6
v 1.2 1 -0.6
v 1.3 0.5 -0.6
v 1.3 0.9 -0.6
v 1.3 1 -0.6
v 1.4 0 -0.6
v 1.4 0.1 -0.6
v 1.4 0.4 -0.6
v 1.4 0.5 -0.6
v 1.5 0 -0.6
v 1.5 0.4 -0.6
v 1.5 0.5 -0.6
v -1.4 0 -0.7
v -1.4 0.1 -0.7
v -1.4 0.4 -0.7
v -1.4 0.5 -0.7
v -1.3 0 -0.7
v -1.3 0.1 -0.7
v -1.3 0.4 -0.7
v -1.3 0.5 -0.7
v -1.2 0.5 -0.7
v -1.2 0.9 -0.7
v -1.2 1 -0.7
v -1.2 6.3 -0.7
v -1.2 6.4 -0.7
v -1.1 0.5 -0.7
v -1.1 0.9 -0.7
v -1.1 1 -0.7
v -1.1 6.3 -0.7
v -1.1 6.4 -0.7
v -1 1 -0.7
v -1 6.3 -0.7
v -1 6.4 -0.7
v -1 6.6 -0.7
v -0.9 1 -0.7
v -0.9 4.5 -0.7
v -0.9 6.3 -0.7
v -0.9 6.4 -0.7
v -0.9 6.6 -0.7
v -0.9 6.7 -0.7
v -0.8 6.6 -0.7
v -0.8 6.7 -0.7
v -0.5 7 -0.7
v -0.5 7.2 -0.7
v 0.5 7 -0.7
v 0.5 7.2 -0.7
v 0.8 6.6 -0.7
v 0.8 6.7 -0.7
v 0.9 1 -0.7
v 0.9 4.3 -0.7
v 0.9 5.3 -0.7
v 0.9 5.6 -0.7
v 0.9 6.3 -0.7
v 0.9 6.4 -0.7
v 0.9 6.6 -0.7
v 0.9 6.7 -0.7
v 1 1 -0.7
v 1 4.3 -0.7
v 1 5.3 -0.7
v 1 5.6 -0.7
v 1 6.3 -0.7
v 1 6.4 -0.7
v 1 6.6 -0.7
v 1.1 0.5 -0.7
v 1.1 0.9 -0.7
v 1.1 1 -0.7
v 1.1 6.3 -0.7
v 1.1 6.4 -0.7
v 1.2 0.5 -0.7
v 1.2 0.9 -0.7
v 1.2 1 -0.7
v 1.2 6.3 -0.7
v 1.2 6.4 -0.7
v 1.3 0 -0.7
v 1.3 0.1 -0.7
v 1.3 0.4 -0.7
v 1.3 0.5 -0.7
v 1.4 0 -0.7
v 1.4 0.1 -0.7
v 1.4 0.4 -0.7
v 1.4 0.5 -0.7
v -1.3 0 -0.8
v -1.3 0.1 -0.8
v -1.3 0.4 -0.8
v -1.3 0.5 -0.8
v -1.2 0 -0.8
v -1.2 0.1 -0.8
v -1.2 0.4 -0.8
v -1.2 0.5 -0.8
v -1.1 0.5 -0.8
v -1.1 0.9 -0.8
v -1.1 1 -0.8
v -1.1 6.3 -0.8
v -1.1 6.4 -0.8
v -1 0.5 -0.8
v -1 0.9 -0.8
v -1 1 -0.8
v -1 6.3 -0.8
v -1 6.4 -0.8
v -0.9 1 -0.8
v -0.9 4.5 -0.8
v -0.9 6.3 -0.8
v -0.9 6.4 -0.8
v -0.9 6.6 -0.8
v -0.8 1 -0.8
v -0.8 4.5 -0.8
v -0.8 6.3 -0.8
v -0.8 6.4 -0.8
v -0.8 6.6 -0.8
v -0.8 6.9 -0.8
v -0.7 6.6 -0.8
v -0.7 6.9 -0.8
v -0.6 6.9 -0.8
v -0.6 7 -0.8
v 0.6 6.9 -0.8
v 0.6 7 -0.8
v 0.7 6.6 -0.8
v 0.7 6.9 -0.8
v 0.8 1 -0.8
v 0.8 6.3 -0.8
v 0.8 6.4 -0.8
v 0.8 6.6 -0.8
v 0.8 6.9 -0.8
v 0.9 1 -0.8
v 0.9 6.3 -0.8
v 0.9 6.4 -0.8
v 0.9 6.6 -0.8
v 1 0.5 -0.8
v 1 0.9 -0.8
v 1 1 -0.8
v 1 6.3 -0.8
v 1 6.4 -0.8
v 1.1 0.5 -0.8
v 1.1 0.9 -0.8
v 1.1 1 -0.8
v 1.1 6.3 -0.8
v 1.1 6.4 -0.8
v 1.2 0 -0.8
v 1.2 0.1 -0.8
v 1.2 0.4 -0.8
v 1.2 0.5 -0.8
v 1.3 0 -0.8
v 1.3 0.1 -0.8
v 1.3 0.4 -0.8
v 1.3 0.5 -0.8
v -1.2 0 -0.9
v -1.2 0.1 -0.9
v -1.2 0.4 -0.9
v -1.2 0.5 -0.9
v -1.1 0 -0.9
v -1.1 0.1 -0.9
v -1.1 0.4 -0.9
v -1.1 0.5 -0.9
v -1 0.5 -0.9
v -1 0.9 -0.9
v -1 1 -0.9
v -1 6.3 -0.9
v -1 6.4 -0.9
v -0.9 0.5 -0.9
v -0.9 0.9 -0.9
v -0.9 1 -0.9
v -0.9 6.3 -0.9
v -0.9 6.4 -0.9
v -0.8 1 -0.9
v -0.8 4.5 -0.9
v -0.8 6.3 -0.9
v -0.8 6.4 -0.9
v -0.8 6.6 -0.9
v -0.7 1 -0.9
v -0.7 4.5 -0.9
v -0.7 6.3 -0.9
v -0.7 6.4 -0.9
v -0.7 6.6 -0.9
v -0.7 6.9 -0.9
v -0.6 6.6 -0.9
v -0.6 6.9 -0.9
v 0.6 6.6 -0.9
v 0.6 6.9 -0.9
v 0.7 1 -0.9
v 0.7 6.3 -0.9
v 0.7 6.4 -0.9
v 0.7 6.6 -0.9
v 0.7 6.9 -0.9
v 0.8 1 -0.9
v 0.8 6.3 -0.9
v 0.8 6.4 -0.9
v 0.8 6.6 -0.9
v 0.9 0.5 -0.9
v 0.9 0.9 -0.9
v 0.9 1 -0.9
v 0.9 6.3 -0.9
v 0.9 6.4 -0.9
v 1 0.5 -0.9
v 1 0.9 -0.9
v 1 1 -0.9
v 1 6.3 -0.9
v 1 6.4 -0.9
v 1.1 0 -0.9
v 1.1 0.1 -0.9
v 1.1 0.4 -0.9
v 1.1 0.5 -0.9
v 1.2 0 -0.9
v 1.2 0.1 -0.9
v 1.2 0.4 -0.9
v 1.2 0.5 -0.9
v -1.1 0 -1
v -1.1 0.1 -1
v -1.1 0.4 -1
v -1.1 0.5 -1
v -1 0 -1
v -1 0.1 -1
v -1 0.4 -1
v -1 0.5 -1
v -0.9 0.5 -1
v -0.9 0.9 -1
v -0.9 1 -1
v -0.9 6.3 -1
v -0.9 6.4 -1
v -0.8 0.5 -1
v -0.8 0.9 -1
v -0.8 1 -1
v -0.8 6.3 -1
v -0.8 6.4 -1
v -0.7 1 -1
v -0.7 6.3 -1
v -0.7 6.4 -1
v -0.7 6.6 -1
v -0.6 1 -1
v -0.6 6.3 -1
v -0.6 6.4 -1
v -0.6 6.6 -1
v -0.6 6.9 -1
v -0.5 6.6 -1
v -0.5 6.7 -1
v 0.5 6.6 -1
v 0.5 6.7 -1
v 0.6 1 -1
v 0.6 6.3 -1
v 0.6 6.4 -1
v 0.6 6.6 -1
v 0.6 6.9 -1
v 0.7 1 -1
v 0.7 6.3 -1
v 0.7 6.4 -1
v 0.7 6.6 -1
v 0.8 0.5 -1
v 0.8 0.9 -1
v 0.8 1 -1
v 0.8 6.3 -1
v 0.8 6.4 -1
v 0.9 0.5 -1
v 0.9 0.9 -1
v 0.9 1 -1
v 0.9 6.3 -1
v 0.9 6.4 -1
v 1 0 -1
v 1 0.1 -1
v 1 0.4 -1
v 1 0.5 -1
v 1.1 0 -1
v 1.1 0.1 -1
v 1.1 0.4 -1
v 1.1 0.5 -1
v -1 0 -1.1
v -1 0.1 -1.1
v -1 0.4 -1.1
v -1 0.5 -1.1
v -0.9 0 -1.1
v -0.9 0.1 -1.1
v -0.9 0.4 -1.1
v -0.9 0.5 -1.1
v -0.8 0.5 -1.1
v -0.8 0.9 -1.1
v -0.8 1 -1.1
v -0.8 6.3 -1.1
v -0.8 6.4 -1.1
v -0.7 0.5 -1.1
v -0.7 0.9 -1.1
v -0.7 1 -1.1
v -0.7 6.3 -1.1
v -0.7 6.4 -1.1
v -0.6 1 -1.1
v -0.6 6.3 -1.1
v -0.6 6.4 -1.1
v -0.6 6.6 -1.1
v -0.5 6.6 -1.1
v -0.5 6.7 -1.1
v 0.5 6.6 -1.1
v 0.5 6.7 -1.1
v 0.6 1 -1.1
v 0.6 6.3 -1.1
v 0.6 6.4 -1.1
v 0.6 6.6 -1.1
v 0.7 0.5 -1.1
v 0.7 0.9 -1.1
v 0.7 1 -1.1
v 0.7 6.3 -1.1
v 0.7 6.4 -1.1
v 0.8 0.5 -1.1
v 0.8 0.9 -1.1
v 0.8 1 -1.1
v 0.8 6.3 -1.1
v 0.8 6.4 -1.1
v 0.9 0 -1.1
v 0.9 0.1 -1.1
v 0.9 0.4 -1.1
v 0.9 0.5 -1.1
v 1 0 -1.1
v 1 0.1 -1.1
v 1 0.4 -1.1
v 1 0.5 -1.1
v -0.9 0 -1.2
v -0.9 0.1 -1.2
v -0.9 0.4 -1.2
v -0.9 0.5 -1.2
v -0.8 0 -1.2
v -0.8 0.1 -1.2
v -0.8 0.4 -1.2
v -0.8 0.5 -1.2
v -0.7 0.5 -1.2
v -0.7 0.9 -1.2
v -0.7 1 -1.2
v -0.7 6.3 -1.2
v -0.7 6.4 -1.2
v -0.6 0.5 -1.2
v -0.6 0.9 -1.2
v -0.6 1 -1.2
v -0.6 6.3 -1.2
v -0.6 6.4 -1.2
v 0.6 0.5 -1.2
v 0.6 0.9 -1.2
v 0.6 1 -1.2
v 0.6 6.3 -1.2
v 0.6 6.4 -1.2
v 0.7 0.5 -1.2
v 0.7 0.9 -1.2
v 0.7 1 -1.2
v 0.7 6.3 -1.2
v 0.7 6.4 -1.2
v 0.8 0 -1.2
v 0.8 0.1 -1.2
v 0.8 0.4 -1.2
v 0.8 0.5 -1.2
v 0.9 0 -1.2
v 0.9 0.1 -1.2
v 0.9 0.4 -1.2
v 0.9 0.5 -1.2
v -0.8 0 -1.3
v -0.8 0.1 -1.3
v -0.8 0.4 -1.3
v -0.8 0.5 -1.3
v -0.7 0 -1.3
v -0.7 0.1 -1.3
v -0.7 0.4 -1.3
v -0.7 0.5 -1.3
v -0.6 0.5 -1.3
v -0.6 0.9 -1.3
v -0.6 1 -1.3
v -0.6 6.3 -1.3
v -0.6 6.4 -1.3
v 0.6 0.5 -1.3
v 0.6 0.9 -1.3
v 0.6 1 -1.3
v 0.6 6.3 -1.3
v 0.6 6.4 -1.3
v 0.7 0 -1.3
v 0.7 0.1 -1.3
v 0.7 0.4 -1.3
v 0.7 0.5 -1.3
v 0.8 0 -1.3
v 0.8 0.1 -1.3
v 0.8 0.4 -1.3
v 0.8 0.5 -1.3
v -0.7 0 -1.4
v -0.7 0.1 -1.4
v -0.7 0.4 -1.4
v -0.7 0.5 -1.4
v -0.6 0 -1.4
v -0.6 0.1 -1.4
v -0.6 0.4 -1.4
v -0.6 0.5 -1.4
v 0.6 0 -1.4
v 0.6 0.1 -1.4
v 0.6 0.4 -1.4
v 0.6 0.5 -1.4
v 0.7 0 -1.4
v 0.7 0.1 -1.4
v 0.7 0.4 -1.4
v 0.7 0.5 -1.4
v -0.6 0 -1.5
v -0.6 0.4 -1.5
v -0.6 0.5 -1.5
v -0.5 0 -1.5
v -0.5 0.1 -1.5
v -0.4 0.1 -1.5
v -0.4 0.2 -1.5
v -0.3 0.2 -1.5
v -0.3 0.3 -1.5
v 0.2 0.2 -1.5
v 0.2 0.3 -1.5
v 0.4 0.1 -1.5
v 0.4 0.2 -1.5
v 0.5 0 -1.5
v 0.5 0.1 -1.5
v 0.6 0 -1.5
v 0.6 0.4 -1.5
v 0.6 0.5 -1.5
v -0.6 0 1.6
v -0.5 0 1.6
v 0.5 0 1.6
v 0.6 0 1.6
v -0.7 0 1.5
v -0.6 0 1.5
v 0.6 0 1.5
v 0.7 0 1.5
v -0.8 0 1.4
v -0.7 0 1.4
v 0.7 0 1.4
v 0.8 0 1.4
v -0.9 0 1.3
v -0.8 0 1.3
v 0.8 0 1.3
v 0.9 0 1.3
v -1 0 1.2
v -0.9 0 1.2
v 0.9 0 1.2
v 1 0 1.2
v -1.1 0 1.1
v -1 0 1.1
v 1 0 1.1
v 1.1 0 1.1
v -1.2 0 1
v -1.1 0 1
v 1.1 0 1
v 1.2 0 1
v -1.3 0 0.9
v -1.2 0 0.9
v 1.2 0 0.9
v 1.3 0 0.9
v -1.4 0 0.8
v -1.3 0 0.8
v 1.3 0 0.8
v 1.4 0 0.8
v -1.5 0 0.7
v -1.4 0 0.7
v 1.4 0 0.7
v 1.5 0 0.7
v -1.5 0 0.6
v -0.5 0 0.6
v 0.5 0 0.6
v 1.5 0 0.6
v -1.5 0 -0.5
v -0.5 0 -0.5
v 0.5 0 -0.5
v 1.5 0 -0.5
v -1.5 0 -0.6
v -1.4 0 -0.6
v 1.4 0 -0.6
v 1.5 0 -0.6
v -1.4 0 -0.7
v -1.3 0 -0.7
v 1.3 0 -0.7
v 1.4 0 -0.7
v -1.3 0 -0.8
v -1.2 0 -0.8
v 1.2 0 -0.8
v 1.3 0 -0.8
v -1.2 0 -0.9
v -1.1 0 -0.9
v 1.1 0 -0.9
v 1.2 0 -0.9
v -1.1 0 -1
v -1 0 -1
v 1 0 -1
v 1.1 0 -1
v -1 0 -1.1
v -0.9 0 -1.1
v 0.9 0 -1.1
v 1 0 -1.1
v -0.9 0 -1.2
v -0.8 0 -1.2
v 0.8 0 -1.2
v 0.9 0 -1.2
v -0.8 0 -1.3
v -0.7 0 -1.3
v 0.7 0 -1.3
v 0.8 0 -1.3
v -0.7 0 -1.4
v -0.6 0 -1.4
v 0.6 0 -1.4
v 0.7 0 -1.4
v -0.6 0 -1.5
v -0.5 0 -1.5
v 0.5 0 -1.5
v 0.6 0 -1.5
v -0.5 0.1 1.6
v -0.4 0.1 1.6
v 0.4 0.1 1.6
v 0.5 0.1 1.6
v -0.5 0.1 1.5
v -0.4 0.1 1.5
v 0.4 0.1 1.5
v 0.5 0.1 1.5
v -1.5 0.1 0.6
v -1.4 0.1 0.6
v -0.5 0.1 0.6
v 0.5 0.1 0.6
v 1.4 0.1 0.6
v 1.5 0.1 0.6
v -1.5 0.1 0.5
v -1.4 0.1 0.5
v -0.4 0.1 0.5
v 0.4 0.1 0.5
v 1.4 0.1 0.5
v 1.5 0.1 0.5
v -1.5 0.1 -0.4
v -1.4 0.1 -0.4
v -0.4 0.1 -0.4
v 0.4 0.1 -0.4
v 1.4 0.1 -0.4
v 1.5 0.1 -0.4
v -1.5 0.1 -0.5
v -1.4 0.1 -0.5
v -0.5 0.1 -0.5
v 0.5 0.1 -0.5
v 1.4 0.1 -0.5
v 1.5 0.1 -0.5
v -0.5 0.1 -1.4
v -0.4 0.1 -1.4
v 0.4 0.1 -1.4
v 0.5 0.1 -1.4
v -0.5 0.1 -1.5
v -0.4 0.1 -1.5
v 0.4 0.1 -1.5
v 0.5 0.1 -1.5
v -0.4 0.2 1.6
v -0.3 0.2 1.6
v 0.2 0.2 1.6
v 0.4 0.2 1.6
v -0.4 0.2 1.5
v -0.3 0.2 1.5
v 0.2 0.2 1.5
v 0.4 0.2 1.5
v -1.5 0.2 0.5
v -1.4 0.2 0.5
v -0.4 0.2 0.5
v 0.4 0.2 0.5
v 1.4 0.2 0.5
v 1.5 0.2 0.5
v -1.5 0.2 0.3
v -1.4 0.2 0.3
v -0.3 0.2 0.3
v 0.2 0.2 0.3
v 1.4 0.2 0.3
v 1.5 0.2 0.3
v -1.5 0.2 -0.2
v -1.4 0.2 -0.2
v -0.3 0.2 -0.2
v 0.2 0.2 -0.2
v 1.4 0.2 -0.2
v 1.5 0.2 -0.2
v -1.5 0.2 -0.4
v -1.4 0.2 -0.4
v -0.4 0.2 -0.4
v 0.4 0.2 -0.4
v 1.4 0.2 -0.4
v 1.5 0.2 -0.4
v -0.4 0.2 -1.4
v -0.3 0.2 -1.4
v 0.2 0.2 -1.4
v 0.4 0.2 -1.4
v -0.4 0.2 -1.5
v -0.3 0.2 -1.5
v 0.2 0.2 -1.5
v 0.4 0.2 -1.5
v -0.3 0.3 1.6
v 0.2 0.3 1.6
v -0.3 0.3 1.5
v 0.2 0.3 1.5
v -1.5 0.3 0.3
v -1.4 0.3 0.3
v -0.3 0.3 0.3
v 0.2 0.3 0.3
v 1.4 0.3 0.3
v 1.5 0.3 0.3
v -1.5 0.3 -0.2
v -1.4 0.3 -0.2
v -0.3 0.3 -0.2
v 0.2 0.3 -0.2
v 1.4 0.3 -0.2
v 1.5 0.3 -0.2
v -0.3 0.3 -1.4
v 0.2 0.3 -1.4
v -0.3 0.3 -1.5
v 0.2 0.3 -1.5
v -0.1 1.7 0.1
v 0.1 1.7 0.1
v -0.1 1.7 -0.1
v 0.1 1.7 -0.1
v -0.2 1.8 0.2
v 0.2 1.8 0.2
v -0.1 1.8 0.1
v 0.1 1.8 0.1
v -0.1 1.8 -0.1
v 0.1 1.8 -0.1
v -0.2 1.8 -0.2
v 0.2 1.8 -0.2
v -0.1 1.9 0.3
v 0.1 1.9 0.3
v -0.1 1.9 0.2
v 0.1 1.9 0.2
v -0.3 1.9 0.1
v -0.2 1.9 0.1
v 0.2 1.9 0.1
v 0.3 1.9 0.1
v -0.3 1.9 -0.1
v -0.2 1.9 -0.1
v 0.2 1.9 -0.1
v 0.3 1.9 -0.1
v -0.1 1.9 -0.2
v 0.1 1.9 -0.2
v -0.1 1.9 -0.3
v 0.1 1.9 -0.3
v 0.9 4.1 0.7
v 1 4.1 0.7
v 0.9 4.1 0.6
v 1 4.1 0.6
v 0.9 4.1 -0.5
v 1 4.1 -0.5
v 0.9 4.1 -0.6
v 1 4.1 -0.6
v 0.9 4.2 0.6
v 1 4.2 0.6
v 0.9 4.2 0.5
v 1 4.2 0.5
v 0.9 4.2 -0.4
v 1 4.2 -0.4
v 0.9 4.2 -0.5
v 1 4.2 -0.5
v 0.9 4.3 0.5
v 1 4.3 0.5
v 0.9 4.3 0.4
v 1 4.3 0.4
v 0.9 4.3 -0.3
v 1 4.3 -0.3
v 0.9 4.3 -0.4
v 1 4.3 -0.4
v 0.9 4.4 0.4
v 1 4.4 0.4
v 0.9 4.4 0.3
v 1 4.4 0.3
v 0.9 4.4 -0.2
v 1 4.4 -0.2
v 0.9 4.4 -0.3
v 1 4.4 -0.3
v -0.5 4.5 1
v 0.5 4.5 1
v 0.5 4.5 0.9
v 0.6 4.5 0.9
v 0.6 4.5 0.8
v 0.7 4.5 0.8
v -0.9 4.5 0.7
v -0.5 4.5 0.7
v 0.7 4.5 0.7
v 0.8 4.5 0.7
v 0.9 4.5 0.7
v 0.9 4.5 0.6
v 0.9 4.5 0.3
v 1 4.5 0.3
v -0.1 4.5 0.1
v 0.1 4.5 0.1
v -0.1 4.5 0
v 0.1 4.5 0
v -0.1 4.5 -0.1
v 0.1 4.5 -0.1
v 0.9 4.5 -0.2
v 1 4.5 -0.2
v 0.9 4.5 -0.5
v -0.9 4.5 -0.6
v -0.5 4.5 -0.6
v 0.7 4.5 -0.6
v 0.8 4.5 -0.6
v 0.9 4.5 -0.6
v 0.6 4.5 -0.7
v 0.7 4.5 -0.7
v 0.5 4.5 -0.8
v 0.6 4.5 -0.8
v -0.5 4.5 -0.9
v 0.5 4.5 -0.9
v 0.9 5.6 0.8
v 1 5.6 0.8
v 0.8 5.6 0.7
v 0.9 5.6 0.7
v 1 5.6 0.7
v 0.8 5.6 0.6
v 0.9 5.6 0.6
v 0.8 5.6 -0.5
v 0.9 5.6 -0.5
v 0.8 5.6 -0.6
v 0.9 5.6 -0.6
v 1 5.6 -0.6
v 0.9 5.6 -0.7
v 1 5.6 -0.7
v 0.8 5.7 0.6
v 0.9 5.7 0.6
v 0.8 5.7 0.5
v 0.9 5.7 0.5
v 0.8 5.7 -0.4
v 0.9 5.7 -0.4
v 0.8 5.7 -0.5
v 0.9 5.7 -0.5
v 0.9 5.8 0.7
v 1 5.8 0.7
v 0.9 5.8 0.6
v 1 5.8 0.6
v 0.8 5.8 0.5
v 0.9 5.8 0.5
v 0.8 5.8 0.4
v 0.9 5.8 0.4
v 0.8 5.8 -0.3
v 0.9 5.8 -0.3
v 0.8 5.8 -0.4
v 0.9 5.8 -0.4
v 0.9 5.8 -0.5
v 1 5.8 -0.5
v 0.9 5.8 -0.6
v 1 5.8 -0.6
v 0.9 5.9 0.6
v 1 5.9 0.6
v 0.9 5.9 0.5
v 1 5.9 0.5
v 0.8 5.9 0.4
v 0.9 5.9 0.4
v 0.8 5.9 0.3
v 0.9 5.9 0.3
v 0.8 5.9 -0.2
v 0.9 5.9 -0.2
v 0.8 5.9 -0.3
v 0.9 5.9 -0.3
v 0.9 5.9 -0.4
v 1 5.9 -0.4
v 0.9 5.9 -0.5
v 1 5.9 -0.5
v -0.5 6 1.1
v 0.5 6 1.1
v 0.5 6 1
v 0.6 6 1
v 0.6 6 0.9
v 0.7 6 0.9
v 0.7 6 0.8
v 0.8 6 0.8
v -0.5 6 0.7
v 0.8 6 0.7
v 0.9 6 0.5
v 1 6 0.5
v 0.9 6 0.4
v 1 6 0.4
v 0.8 6 0.3
v 0.9 6 0.3
v 0.8 6 0.2
v 0.9 6 0.2
v 0.8 6 -0.1
v 0.9 6 -0.1
v 0.8 6 -0.2
v 0.9 6 -0.2
v 0.9 6 -0.3
v 1 6 -0.3
v 0.9 6 -0.4
v 1 6 -0.4
v -0.5 6 -0.6
v 0.8 6 -0.6
v 0.7 6 -0.7
v 0.8 6 -0.7
v 0.6 6 -0.8
v 0.7 6 -0.8
v 0.5 6 -0.9
v 0.6 6 -0.9
v -0.5 6 -1
v 0.5 6 -1
v 0.9 6.1 0.4
v 1 6.1 0.4
v 0.8 6.1 0.2
v 0.9 6.1 0.2
v 1 6.1 0.2
v 0.8 6.1 0.1
v 0.8 6.1 0
v 0.8 6.1 -0.1
v 0.9 6.1 -0.1
v 1 6.1 -0.1
v 0.9 6.1 -0.3
v 1 6.1 -0.3
v 0.9 6.2 0.2
v 1 6.2 0.2
v 0.9 6.2 -0.1
v 1 6.2 -0.1
v -0.6 6.3 1.4
v 0.6 6.3 1.4
v -0.7 6.3 1.3
v -0.6 6.3 1.3
v 0.6 6.3 1.3
v 0.7 6.3 1.3
v -0.8 6.3 1.2
v -0.7 6.3 1.2
v -0.6 6.3 1.2
v 0.6 6.3 1.2
v 0.7 6.3 1.2
v 0.8 6.3 1.2
v -0.9 6.3 1.1
v -0.8 6.3 1.1
v -0.7 6.3 1.1
v -0.6 6.3 1.1
v 0.6 6.3 1.1
v 0.7 6.3 1.1
v 0.8 6.3 1.1
v 0.9 6.3 1.1
v -1 6.3 1
v -0.9 6.3 1
v -0.8 6.3 1
v -0.7 6.3 1
v 0.7 6.3 1
v 0.8 6.3 1
v 0.9 6.3 1
v 1 6.3 1
v -1.1 6.3 0.9
v -1 6.3 0.9
v -0.9 6.3 0.9
v -0.8 6.3 0.9
v 0.8 6.3 0.9
v 0.9 6.3 0.9
v 1 6.3 0.9
v 1.1 6.3 0.9
v -1.2 6.3 0.8
v -1.1 6.3 0.8
v -1 6.3 0.8
v -0.9 6.3 0.8
v 0.9 6.3 0.8
v 1 6.3 0.8
v 1.1 6.3 0.8
v 1.2 6.3 0.8
v -1.1 6.3 0.7
v -1 6.3 0.7
v -1.1 6.3 -0.6
v -1 6.3 -0.6
v -1.2 6.3 -0.7
v -1.1 6.3 -0.7
v -1 6.3 -0.7
v -0.9 6.3 -0.7
v 0.9 6.3 -0.7
v 1 6.3 -0.7
v 1.1 6.3 -0.7
v 1.2 6.3 -0.7
v -1.1 6.3 -0.8
v -1 6.3 -0.8
v -0.9 6.3 -0.8
v -0.8 6.3 -0.8
v 0.8 6.3 -0.8
v 0.9 6.3 -0.8
v 1 6.3 -0.8
v 1.1 6.3 -0.8
v -1 6.3 -0.9
v -0.9 6.3 -0.9
v -0.8 6.3 -0.9
v -0.7 6.3 -0.9
v 0.7 6.3 -0.9
v 0.8 6.3 -0.9
v 0.9 6.3 -0.9
v 1 6.3 -0.9
v -0.9 6.3 -1
v -0.8 6.3 -1
v -0.7 6.3 -1
v -0.6 6.3 -1
v 0.6 6.3 -1
v 0.7 6.3 -1
v 0.8 6.3 -1
v 0.9 6.3 -1
v -0.8 6.3 -1.1
v -0.7 6.3 -1.1
v -0.6 6.3 -1.1
v 0.6 6.3 -1.1
v 0.7 6.3 -1.1
v 0.8 6.3 -1.1
v -0.7 6.3 -1.2
v -0.6 6.3 -1.2
v 0.6 6.3 -1.2
v 0.7 6.3 -1.2
v -0.6 6.3 -1.3
v 0.6 6.3 -1.3
v -0.6 0.5 1.6
v 0.6 0.5 1.6
v -0.7 0.5 1.5
v -0.6 0.5 1.5
v 0.6 0.5 1.5
v 0.7 0.5 1.5
v -0.8 0.5 1.4
v -0.7 0.5 1.4
v -0.6 0.5 1.4
v 0.6 0.5 1.4
v 0.7 0.5 1.4
v 0.8 0.5 1.4
v -0.9 0.5 1.3
v -0.8 0.5 1.3
v -0.7 0.5 1.3
v -0.6 0.5 1.3
v 0.6 0.5 1.3
v 0.7 0.5 1.3
v 0.8 0.5 1.3
v 0.9 0.5 1.3
v -1 0.5 1.2
v -0.9 0.5 1.2
v -0.8 0.5 1.2
v -0.7 0.5 1.2
v 0.7 0.5 1.2
v 0.8 0.5 1.2
v 0.9 0.5 1.2
v 1 0.5 1.2
v -1.1 0.5 1.1
v -1 0.5 1.1
v -0.9 0.5 1.1
v -0.8 0.5 1.1
v 0.8 0.5 1.1
v 0.9 0.5 1.1
v 1 0.5 1.1
v 1.1 0.5 1.1
v -1.2 0.5 1
v -1.1 0.5 1
v -1 0.5 1
v -0.9 0.5 1
v 0.9 0.5 1
v 1 0.5 1
v 1.1 0.5 1
v 1.2 0.5 1
v -1.3 0.5 0.9
v -1.2 0.5 0.9
v -1.1 0.5 0.9
v -1 0.5 0.9
v 1 0.5 0.9
v 1.1 0.5 0.9
v 1.2 0.5 0.9
v 1.3 0.5 0.9
v -1.4 0.5 0.8
v -1.3 0.5 0.8
v -1.2 0.5 0.8
v -1.1 0.5 0.8
v 1.1 0.5 0.8
v 1.2 0.5 0.8
v 1.3 0.5 0.8
v 1.4 0.5 0.8
v -1.5 0.5 0.7
v -1.4 0.5 0.7
v -1.3 0.5 0.7
v -1.2 0.5 0.7
v 1.2 0.5 0.7
v 1.3 0.5 0.7
v 1.4 0.5 0.7
v 1.5 0.5 0.7
v -1.5 0.5 -0.6
v -1.4 0.5 -0.6
v -1.3 0.5 -0.6
v -1.2 0.5 -0.6
v 1.2 0.5 -0.6
v 1.3 0.5 -0.6
v 1.4 0.5 -0.6
v 1.5 0.5 -0.6
v -1.4 0.5 -0.7
v -1.3 0.5 -0.7
v -1.2 0.5 -0.7
v -1.1 0.5 -0.7
v 1.1 0.5 -0.7
v 1.2 0.5 -0.7
v 1.3 0.5 -0.7
v 1.4 0.5 -0.7
v -1.3 0.5 -0.8
v -1.2 0.5 -0.8
v -1.1 0.5 -0.8
v -1 0.5 -0.8
v 1 0.5 -0.8
v 1.1 0.5 -0.8
v 1.2 0.5 -0.8
v 1.3 0.5 -0.8
v -1.2 0.5 -0.9
v -1.1 0.5 -0.9
v -1 0.5 -0.9
v -0.9 0.5 -0.9
v 0.9 0.5 -0.9
v 1 0.5 -0.9
v 1.1 0.5 -0.9
v 1.2 0.5 -0.9
v -1.1 0.5 -1
v -1 0.5 -1
v -0.9 0.5 -1
v -0.8 0.5 -1
v 0.8 0.5 -1
v 0.9 0.5 -1
v 1 0.5 -1
v 1.1 0.5 -1
v -1 0.5 -1.1
v -0.9 0.5 -1.1
v -0.8 0.5 -1.1
v -0.7 0.5 -1.1
v 0.7 0.5 -1.1
v 0.8 0.5 -1.1
v 0.9 0.5 -1.1
v 1 0.5 -1.1
v -0.9 0.5 -1.2
v -0.8 0.5 -1.2
v -0.7 0.5 -1.2
v -0.6 0.5 -1.2
v 0.6 0.5 -1.2
v 0.7 0.5 -1.2
v 0.8 0.5 -1.2
v 0.9 0.5 -1.2
v -0.8 0.5 -1.3
v -0.7 0.5 -1.3
v -0.6 0.5 -1.3
v 0.6 0.5 -1.3
v 0.7 0.5 -1.3
v 0.8 0.5 -1.3
v -0.7 0.5 -1.4
v -0.6 0.5 -1.4
v 0.6 0.5 -1.4
v 0.7 0.5 -1.4
v -0.6 0.5 -1.5
v 0.6 0.5 -1.5
v -0.6 1 1.4
v 0.6 1 1.4
v -0.7 1 1.3
v -0.6 1 1.3
v -0.5 1 1.3
v 0.5 1 1.3
v 0.6 1 1.3
v 0.7 1 1.3
v -0.8 1 1.2
v -0.7 1 1.2
v -0.6 1 1.2
v -0.5 1 1.2
v 0.5 1 1.2
v 0.6 1 1.2
v 0.7 1 1.2
v 0.8 1 1.2
v -0.9 1 1.1
v -0.8 1 1.1
v -0.7 1 1.1
v -0.6 1 1.1
v 0.6 1 1.1
v 0.7 1 1.1
v 0.8 1 1.1
v 0.9 1 1.1
v -1 1 1
v -0.9 1 1
v -0.8 1 1
v -0.7 1 1
v -0.5 1 1
v 0.5 1 1
v 0.7 1 1
v 0.8 1 1
v 0.9 1 1
v 1 1 1
v -1.1 1 0.9
v -1 1 0.9
v -0.9 1 0.9
v -0.8 1 0.9
v 0.5 1 0.9
v 0.6 1 0.9
v 0.8 1 0.9
v 0.9 1 0.9
v 1 1 0.9
v 1.1 1 0.9
v -1.2 1 0.8
v -1.1 1 0.8
v -1 1 0.8
v -0.9 1 0.8
v 0.6 1 0.8
v 0.7 1 0.8
v 0.9 1 0.8
v 1 1 0.8
v 1.1 1 0.8
v 1.2 1 0.8
v -1.3 1 0.7
v -1.2 1 0.7
v -1.1 1 0.7
v -1 1 0.7
v -0.9 1 0.7
v -0.5 1 0.7
v 0.7 1 0.7
v 0.8 1 0.7
v 0.9 1 0.7
v 1 1 0.7
v 1.1 1 0.7
v 1.2 1 0.7
v 1.3 1 0.7
v -1.2 1 0.6
v -1.1 1 0.6
v 1.1 1 0.6
v 1.2 1 0.6
v -1.2 1 -0.5
v -1.1 1 -0.5
v 1.1 1 -0.5
v 1.2 1 -0.5
v -1.3 1 -0.6
v -1.2 1 -0.6
v -1.1 1 -0.6
v -1 1 -0.6
v -0.9 1 -0.6
v -0.5 1 -0.6
v 0.7 1 -0.6
v 0.8 1 -0.6
v 0.9 1 -0.6
v 1 1 -0.6
v 1.1 1 -0.6
v 1.2 1 -0.6
v 1.3 1 -0.6
v -1.2 1 -0.7
v -1.1 1 -0.7
v -1 1 -0.7
v -0.9 1 -0.7
v 0.6 1 -0.7
v 0.7 1 -0.7
v 0.9 1 -0.7
v 1 1 -0.7
v 1.1 1 -0.7
v 1.2 1 -0.7
v -1.1 1 -0.8
v -1 1 -0.8
v -0.9 1 -0.8
v -0.8 1 -0.8
v 0.5 1 -0.8
v 0.6 1 -0.8
v 0.8 1 -0.8
v 0.9 1 -0.8
v 1 1 -0.8
v 1.1 1 -0.8
v -1 1 -0.9
v -0.9 1 -0.9
v -0.8 1 -0.9
v -0.7 1 -0.9
v -0.5 1 -0.9
v 0.5 1 -0.9
v 0.7 1 -0.9
v 0.8 1 -0.9
v 0.9 1 -0.9
v 1 1 -0.9
v -0.9 1 -1
v -0.8 1 -1
v -0.7 1 -1
v -0.6 1 -1
v 0.6 1 -1
v 0.7 1 -1
v 0.8 1 -1
v 0.9 1 -1
v -0.8 1 -1.1
v -0.7 1 -1.1
v -0.6 1 -1.1
v 0.6 1 -1.1
v 0.7 1 -1.1
v 0.8 1 -1.1
v -0.7 1 -1.2
v -0.6 1 -1.2
v 0.6 1 -1.2
v 0.7 1 -1.2
v -0.6 1 -1.3
v 0.6 1 -1.3
v -0.1 2.1 0.3
v 0.1 2.1 0.3
v -0.1 2.1 0.2
v 0.1 2.1 0.2
v -0.3 2.1 0.1
v -0.2 2.1 0.1
v 0.2 2.1 0.1
v 0.3 2.1 0.1
v -0.3 2.1 -0.1
v -0.2 2.1 -0.1
v 0.2 2.1 -0.1
v 0.3 2.1 -0.1
v -0.1 2.1 -0.2
v 0.1 2.1 -0.2
v -0.1 2.1 -0.3
v 0.1 2.1 -0.3
v -0.2 2.2 0.2
v 0.2 2.2 0.2
v -0.1 2.2 0.1
v 0.1 2.2 0.1
v -0.1 2.2 0
v 0.1 2.2 0
v -0.1 2.2 -0.1
v 0.1 2.2 -0.1
v -0.2 2.2 -0.2
v 0.2 2.2 -0.2
v 0.9 4.7 0.2
v 1 4.7 0.2
v 0.9 4.7 -0.1
v 1 4.7 -0.1
v -0.5 4.8 1.1
v 0.5 4.8 1.1
v 0.5 4.8 1
v 0.6 4.8 1
v 0.6 4.8 0.9
v 0.7 4.8 0.9
v 0.7 4.8 0.8
v 0.8 4.8 0.8
v -0.5 4.8 0.7
v 0.7 4.8 0.7
v 0.8 4.8 0.7
v 0.9 4.8 0.4
v 1 4.8 0.4
v 0.8 4.8 0.2
v 0.9 4.8 0.2
v 1 4.8 0.2
v 0.8 4.8 0.1
v 0.8 4.8 0
v 0.8 4.8 -0.1
v 0.9 4.8 -0.1
v 1 4.8 -0.1
v 0.9 4.8 -0.3
v 1 4.8 -0.3
v -0.5 4.8 -0.6
v 0.7 4.8 -0.6
v 0.8 4.8 -0.6
v 0.7 4.8 -0.7
v 0.8 4.8 -0.7
v 0.6 4.8 -0.8
v 0.7 4.8 -0.8
v 0.5 4.8 -0.9
v 0.6 4.8 -0.9
v -0.5 4.8 -1
v 0.5 4.8 -1
v 0.9 4.9 0.5
v 1 4.9 0.5
v 0.9 4.9 0.4
v 1 4.9 0.4
v 0.8 4.9 0.3
v 0.9 4.9 0.3
v 0.8 4.9 0.2
v 0.9 4.9 0.2
v 0.8 4.9 -0.1
v 0.9 4.9 -0.1
v 0.8 4.9 -0.2
v 0.9 4.9 -0.2
v 0.9 4.9 -0.3
v 1 4.9 -0.3
v 0.9 4.9 -0.4
v 1 4.9 -0.4
v 0.9 5 0.6
v 1 5 0.6
v 0.9 5 0.5
v 1 5 0.5
v 0.8 5 0.4
v 0.9 5 0.4
v 0.8 5 0.3
v 0.9 5 0.3
v 0.8 5 -0.2
v 0.9 5 -0.2
v 0.8 5 -0.3
v 0.9 5 -0.3
v 0.9 5 -0.4
v 1 5 -0.4
v 0.9 5 -0.5
v 1 5 -0.5
v 0.9 5.1 0.7
v 1 5.1 0.7
v 0.9 5.1 0.6
v 1 5.1 0.6
v 0.8 5.1 0.5
v 0.9 5.1 0.5
v 0.8 5.1 0.4
v 0.9 5.1 0.4
v 0.8 5.1 -0.3
v 0.9 5.1 -0.3
v 0.8 5.1 -0.4
v 0.9 5.1 -0.4
v 0.9 5.1 -0.5
v 1 5.1 -0.5
v 0.9 5.1 -0.6
v 1 5.1 -0.6
v 0.8 5.2 0.6
v 0.9 5.2 0.6
v 0.8 5.2 0.5
v 0.9 5.2 0.5
v 0.8 5.2 -0.4
v 0.9 5.2 -0.4
v 0.8 5.2 -0.5
v 0.9 5.2 -0.5
v 0.9 5.3 0.8
v 1 5.3 0.8
v 0.8 5.3 0.7
v 0.9 5.3 0.7
v 1 5.3 0.7
v 0.8 5.3 0.6
v 0.9 5.3 0.6
v 0.8 5.3 -0.5
v 0.9 5.3 -0.5
v 0.8 5.3 -0.6
v 0.9 5.3 -0.6
v 1 5.3 -0.6
v 0.9 5.3 -0.7
v 1 5.3 -0.7
v -0.6 6.4 1.4
v 0.6 6.4 1.4
v -0.7 6.4 1.3
v -0.6 6.4 1.3
v 0.6 6.4 1.3
v 0.7 6.4 1.3
v -0.8 6.4 1.2
v -0.7 6.4 1.2
v -0.6 6.4 1.2
v 0.6 6.4 1.2
v 0.7 6.4 1.2
v 0.8 6.4 1.2
v -0.9 6.4 1.1
v -0.8 6.4 1.1
v -0.7 6.4 1.1
v -0.6 6.4 1.1
v 0.6 6.4 1.1
v 0.7 6.4 1.1
v 0.8 6.4 1.1
v 0.9 6.4 1.1
v -1 6.4 1
v -0.9 6.4 1
v -0.8 6.4 1
v -0.7 6.4 1
v 0.7 6.4 1
v 0.8 6.4 1
v 0.9 6.4 1
v 1 6.4 1
v -1.1 6.4 0.9
v -1 6.4 0.9
v -0.9 6.4 0.9
v -0.8 6.4 0.9
v 0.8 6.4 0.9
v 0.9 6.4 0.9
v 1 6.4 0.9
v 1.1 6.4 0.9
v -1.2 6.4 0.8
v -1.1 6.4 0.8
v -1 6.4 0.8
v -0.9 6.4 0.8
v 0.9 6.4 0.8
v 1 6.4 0.8
v 1.1 6.4 0.8
v 1.2 6.4 0.8
v -1.2 6.4 -0.7
v -1.1 6.4 -0.7
v -1 6.4 -0.7
v -0.9 6.4 -0.7
v 0.9 6.4 -0.7
v 1 6.4 -0.7
v 1.1 6.4 -0.7
v 1.2 6.4 -0.7
v -1.1 6.4 -0.8
v -1 6.4 -0.8
v -0.9 6.4 -0.8
v -0.8 6.4 -0.8
v 0.8 6.4 -0.8
v 0.9 6.4 -0.8
v 1 6.4 -0.8
v 1.1 6.4 -0.8
v -1 6.4 -0.9
v -0.9 6.4 -0.9
v -0.8 6.4 -0.9
v -0.7 6.4 -0.9
v 0.7 6.4 -0.9
v 0.8 6.4 -0.9
v 0.9 6.4 -0.9
v 1 6.4 -0.9
v -0.9 6.4 -1
v -0.8 6.4 -1
v -0.7 6.4 -1
v -0.6 6.4 -1
v 0.6 6.4 -1
v 0.7 6.4 -1
v 0.8 6.4 -1
v 0.9 6.4 -1
v -0.8 6.4 -1.1
v -0.7 6.4 -1.1
v -0.6 6.4 -1.1
v 0.6 6.4 -1.1
v 0.7 6.4 -1.1
v 0.8 6.4 -1.1
v -0.7 6.4 -1.2
v -0.6 6.4 -1.2
v 0.6 6.4 -1.2
v 0.7 6.4 -1.2
v -0.6 6.4 -1.3
v 0.6 6.4 -1.3
v -0.6 6.6 1.2
v -0.5 6.6 1.2
v 0.5 6.6 1.2
v 0.6 6.6 1.2
v -0.7 6.6 1.1
v -0.6 6.6 1.1
v -0.5 6.6 1.1
v 0.5 6.6 1.1
v 0.6 6.6 1.1
v 0.7 6.6 1.1
v -0.8 6.6 1
v -0.7 6.6 1
v -0.6 6.6 1
v 0.6 6.6 1
v 0.7 6.6 1
v 0.8 6.6 1
v -0.9 6.6 0.9
v -0.8 6.6 0.9
v -0.7 6.6 0.9
v 0.7 6.6 0.9
v 0.8 6.6 0.9
v 0.9 6.6 0.9
v -1 6.6 0.8
v -0.9 6.6 0.8
v -0.8 6.6 0.8
v 0.8 6.6 0.8
v 0.9 6.6 0.8
v 1 6.6 0.8
v -1 6.6 -0.7
v -0.9 6.6 -0.7
v -0.8 6.6 -0.7
v 0.8 6.6 -0.7
v 0.9 6.6 -0.7
v 1 6.6 -0.7
v -0.9 6.6 -0.8
v -0.8 6.6 -0.8
v -0.7 6.6 -0.8
v 0.7 6.6 -0.8
v 0.8 6.6 -0.8
v 0.9 6.6 -0.8
v -0.8 6.6 -0.9
v -0.7 6.6 -0.9
v -0.6 6.6 -0.9
v 0.6 6.6 -0.9
v 0.7 6.6 -0.9
v 0.8 6.6 -0.9
v -0.7 6.6 -1
v -0.6 6.6 -1
v -0.5 6.6 -1
v 0.5 6.6 -1
v 0.6 6.6 -1
v 0.7 6.6 -1
v -0.6 6.6 -1.1
v -0.5 6.6 -1.1
v 0.5 6.6 -1.1
v 0.6 6.6 -1.1
v -0.5 6.7 1.2
v 0.5 6.7 1.2
v -0.5 6.7 1.1
v 0.5 6.7 1.1
v -0.9 6.7 0.8
v -0.8 6.7 0.8
v 0.8 6.7 0.8
v 0.9 6.7 0.8
v -0.9 6.7 -0.7
v -0.8 6.7 -0.7
v 0.8 6.7 -0.7
v 0.9 6.7 -0.7
v -0.5 6.7 -1
v 0.5 6.7 -1
v -0.5 6.7 -1.1
v 0.5 6.7 -1.1
v -0.6 6.9 1.1
v 0.6 6.9 1.1
v -0.7 6.9 1
v -0.6 6.9 1
v 0.6 6.9 1
v 0.7 6.9 1
v -0.8 6.9 0.9
v -0.7 6.9 0.9
v -0.6 6.9 0.9
v 0.6 6.9 0.9
v 0.7 6.9 0.9
v 0.8 6.9 0.9
v -0.8 6.9 -0.8
v -0.7 6.9 -0.8
v -0.6 6.9 -0.8
v 0.6 6.9 -0.8
v 0.7 6.9 -0.8
v 0.8 6.9 -0.8
v -0.7 6.9 -0.9
v -0.6 6.9 -0.9
v 0.6 6.9 -0.9
v 0.7 6.9 -0.9
v -0.6 6.9 -1
v 0.6 6.9 -1
v -0.6 7 0.9
v 0.6 7 0.9
v -0.5 7 0.8
v 0.5 7 0.8
v -0.5 7 -0.7
v 0.5 7 -0.7
v -0.6 7 -0.8
v 0.6 7 -0.8
v -0.5 7.2 0.8
v 0.5 7.2 0.8
v -0.4 7.2 0.7
v 0.4 7.2 0.7
v -0.4 7.2 -0.6
v 0.4 7.2 -0.6
v -0.5 7.2 -0.7
v 0.5 7.2 -0.7
v -0.4 7.3 0.7
v -0.3 7.3 0.7
v 0.3 7.3 0.7
v 0.4 7.3 0.7
v -0.4 7.3 -0.6
v -0.3 7.3 -0.6
v 0.3 7.3 -0.6
v 0.4 7.3 -0.6
v -0.3 7.4 0.7
v 0.3 7.4 0.7
v -0.2 7.4 0.6
v 0.2 7.4 0.6
v -0.2 7.4 -0.5
v 0.2 7.4 -0.5
v -0.3 7.4 -0.6
v 0.3 7.4 -0.6
v -0.2 7.5 0.6
v 0.2 7.5 0.6
v -0.1 7.5 0.5
v 0.1 7.5 0.5
v -0.1 7.5 -0.4
v 0.1 7.5 -0.4
v -0.2 7.5 -0.5
v 0.2 7.5 -0.5
v -0.1 7.7 0.5
v 0.1 7.7 0.5
v -0.1 7.7 -0.4
v 0.1 7.7 -0.4

# faces
f 5/2/1 2/2/1 1/2/1
f 8/2/1 4/2/1 3/2/1
f 9/2/1 6/2/1 5/2/1
f 12/2/1 8/2/1 7/2/1
f 13/2/1 10/2/1 9/2/1
f 14/2/1 12/2/1 11/2/1
f 15/2/1 13/2/1 9/2/1
f 15/2/1 14/2/1 13/2/1
f 15/2/1 5/2/1 1/2/1
f 15/2/1 9/2/1 5/2/1
f 16/2/1 12/2/1 14/2/1
f 16/2/1 14/2/1 15/2/1
f 16/2/1 4/2/1 8/2/1
f 16/2/1 8/2/1 12/2/1
f 17/5/1 16/5/1 15/5/1
f 18/5/1 16/5/1 17/5/1
f 23/2/1 20/2/1 19/2/1
f 24/2/1 20/2/1 23/2/1
f 25/2/1 22/2/1 21/2/1
f 26/2/1 22/2/1 25/2/1
f 27/1/1 24/1/1 23/1/1
f 28/1/1 24/1/1 27/1/1
f 29/1/1 26/1/1 25/1/1
f 30/1/1 26/1/1 29/1/1
f 31/5/1 28/5/1 27/5/1
f 32/5/1 28/5/1 31/5/1
f 33/5/1 30/5/1 29/5/1
f 34/5/1 30/5/1 33/5/1
f 39/2/1 36/2/1 35/2/1
f 40/2/1 36/2/1 39/2/1
f 41/2/1 38/2/1 37/2/1
f 42/2/1 38/2/1 41/2/1
f 43/1/1 40/1/1 39/1/1
f 44/1/1 40/1/1 43/1/1
f 45/1/1 42/1/1 41/1/1
f 46/1/1 42/1/1 45/1/1
f 47/5/1 44/5/1 43/5/1
f 48/5/1 44/5/1 47/5/1
f 51/5/1 46/5/1 45/5/1
f 52/5/1 46/5/1 51/5/1
f 53/2/1 50/2/1 49/2/1
f 54/2/1 50/2/1 53/2/1
f 55/5/1 54/5/1 53/5/1
f 56/5/1 54/5/1 55/5/1
f 61/2/1 58/2/1 57/2/1
f 62/2/1 58/2/1 61/2/1
f 63/2/1 60/2/1 59/2/1
f 64/2/1 60/2/1 63/2/1
f 65/1/1 62/1/1 61/1/1
f 66/1/1 62/1/1 65/1/1
f 67/1/1 64/1/1 63/1/1
f 68/1/1 64/1/1 67/1/1
f 69/5/1 66/5/1 65/5/1
f 70/5/1 66/5/1 69/5/1
f 75/5/1 68/5/1 67/5/1
f 76/5/1 68/5/1 75/5/1
f 77/2/1 72/2/1 71/2/1
f 78/2/1 72/2/1 77/2/1
f 79/2/1 74/2/1 73/2/1
f 80/2/1 74/2/1 79/2/1
f 81/5/1 78/5/1 77/5/1
f 82/5/1 78/5/1 81/5/1
f 83/5/1 80/5/1 79/5/1
f 84/5/1 80/5/1 83/5/1
f 87/5/1 86/5/1 85/5/1
f 88/5/1 86/5/1 87/5/1
f 93/2/1 90/2/1 89/2/1
f 94/2/1 90/2/1 93/2/1
f 95/2/1 92/2/1 91/2/1
f 96/2/1 92/2/1 95/2/1
f 97/1/1 94/1/1 93/1/1
f 98/1/1 94/1/1 97/1/1
f 99/1/1 96/1/1 95/1/1
f 100/1/1 96/1/1 99/1/1
f 101/5/1 98/5/1 97/5/1
f 102/5/1 98/5/1 101/5/1
f 107/5/1 100/5/1 99/5/1
f 108/5/1 100/5/1 107/5/1
f 109/2/1 104/2/1 103/2/1
f 110/2/1 104/2/1 109/2/1
f 111/2/1 106/2/1 105/2/1
f 112/2/1 106/2/1 111/2/1
f 113/5/1 110/5/1 109/5/1
f 114/5/1 110/5/1 113/5/1
f 119/5/1 112/5/1 111/5/1
f 120/5/1 112/5/1 119/5/1
f 123/1/1 118/1/1 117/1/1
f 123/1/1 116/1/1 115/1/1
f 123/1/1 117/1/1 116/1/1
f 124/1/1 118/1/1 123/1/1
f 127/5/1 122/5/1 121/5/1
f 128/5/1 122/5/1 127/5/1
f 129/5/1 126/5/1 125/5/1
f 130/5/1 126/5/1 129/5/1
f 135/2/1 132/2/1 131/2/1
f 136/2/1 132/2/1 135/2/1
f 137/2/1 134/2/1 133/2/1
f 138/2/1 134/2/1 137/2/1
f 139/1/1 136/1/1 135/1/1
f 140/1/1 136/1/1 139/1/1
f 141/1/1 138/1/1 137/1/1
f 142/1/1 138/1/1 141/1/1
f 143/5/1 140/5/1 139/5/1
f 144/5/1 140/5/1 143/5/1
f 149/5/1 142/5/1 141/5/1
f 150/5/1 142/5/1 149/5/1
f 151/2/1 146/2/1 145/2/1
f 152/2/1 146/2/1 151/2/1
f 153/2/1 148/2/1 147/2/1
f 154/2/1 148/2/1 153/2/1
f 155/5/1 152/5/1 151/5/1
f 156/5/1 152/5/1 155/5/1
f 161/5/1 154/5/1 153/5/1
f 162/5/1 154/5/1 161/5/1
f 165/1/1 158/1/1 157/1/1
f 166/1/1 158/1/1 165/1/1
f 167/1/1 160/1/1 159/1/1
f 168/1/1 160/1/1 167/1/1
f 171/5/1 164/5/1 163/5/1
f 172/5/1 164/5/1 171/5/1
f 175/5/1 170/5/1 169/5/1
f 176/5/1 170/5/1 175/5/1
f 177/1/1 174/1/1 173/1/1
f 178/1/1 174/1/1 177/1/1
f 183/2/1 180/2/1 179/2/1
f 184/2/1 180/2/1 183/2/1
f 185/2/1 182/2/1 181/2/1
f 186/2/1 182/2/1 185/2/1
f 187/1/1 184/1/1 183/1/1
f 188/1/1 184/1/1 187/1/1
f 189/1/1 186/1/1 185/1/1
f 190/1/1 186/1/1 189/1/1
f 191/5/1 188/5/1 187/5/1
f 192/5/1 188/5/1 191/5/1
f 197/5/1 190/5/1 189/5/1
f 198/5/1 190/5/1 197/5/1
f 199/2/1 194/2/1 193/2/1
f 200/2/1 194/2/1 199/2/1
f 201/2/1 196/2/1 195/2/1
f 202/2/1 196/2/1 201/2/1
f 203/5/1 200/5/1 199/5/1
f 204/5/1 200/5/1 203/5/1
f 209/5/1 202/5/1 201/5/1
f 210/5/1 202/5/1 209/5/1
f 211/2/1 208/2/1 207/2/1
f 212/2/1 208/2/1 211/2/1
f 215/1/1 206/1/1 205/1/1
f 216/1/1 206/1/1 215/1/1
f 217/1/1 212/1/1 211/1/1
f 218/1/1 212/1/1 217/1/1
f 221/5/1 214/5/1 213/5/1
f 222/5/1 214/5/1 221/5/1
f 227/5/1 220/5/1 219/5/1
f 228/5/1 220/5/1 227/5/1
f 229/1/1 224/1/1 223/1/1
f 230/1/1 224/1/1 229/1/1
f 231/1/1 226/1/1 225/1/1
f 232/1/1 226/1/1 231/1/1
f 233/1/1 231/1/1 230/1/1
f 234/1/1 231/1/1 233/1/1
f 239/2/1 236/2/1 235/2/1
f 240/2/1 236/2/1 239/2/1
f 241/2/1 238/2/1 237/2/1
f 242/2/1 238/2/1 241/2/1
f 243/1/1 240/1/1 239/1/1
f 244/1/1 240/1/1 243/1/1
f 245/1/1 242/1/1 241/1/1
f 246/1/1 242/1/1 245/1/1
f 247/5/1 244/5/1 243/5/1
f 248/5/1 244/5/1 247/5/1
f 253/5/1 246/5/1 245/5/1
f 254/5/1 246/5/1 253/5/1
f 255/2/1 250/2/1 249/2/1
f 256/2/1 250/2/1 255/2/1
f 257/2/1 252/2/1 251/2/1
f 258/2/1 252/2/1 257/2/1
f 259/5/1 256/5/1 255/5/1
f 260/5/1 256/5/1 259/5/1
f 265/5/1 258/5/1 257/5/1
f 266/5/1 258/5/1 265/5/1
f 267/2/1 264/2/1 263/2/1
f 268/2/1 264/2/1 267/2/1
f 271/1/1 262/1/1 261/1/1
f 272/1/1 262/1/1 271/1/1
f 273/1/1 268/1/1 267/1/1
f 274/1/1 268/1/1 273/1/1
f 277/5/1 270/5/1 269/5/1
f 278/5/1 270/5/1 277/5/1
f 283/5/1 276/5/1 275/5/1
f 284/5/1 276/5/1 283/5/1
f 285/1/1 280/1/1 279/1/1
f 286/1/1 280/1/1 285/1/1
f 289/1/1 282/1/1 281/1/1
f 290/1/1 282/1/1 289/1/1
f 291/1/1 287/1/1 286/1/1
f 292/1/1 289/1/1 288/1/1
f 293/1/1 291/1/1 286/1/1
f 293/1/1 292/1/1 291/1/1
f 294/1/1 289/1/1 292/1/1
f 294/1/1 292/1/1 293/1/1
f 299/2/1 296/2/1 295/2/1
f 300/2/1 296/2/1 299/2/1
f 301/2/1 298/2/1 297/2/1
f 302/2/1 298/2/1 301/2/1
f 303/1/1 300/1/1 299/1/1
f 304/1/1 300/1/1 303/1/1
f 305/1/1 302/1/1 301/1/1
f 306/1/1 302/1/1 305/1/1
f 307/5/1 304/5/1 303/5/1
f 308/5/1 304/5/1 307/5/1
f 313/5/1 306/5/1 305/5/1
f 314/5/1 306/5/1 313/5/1
f 315/2/1 310/2/1 309/2/1
f 316/2/1 310/2/1 315/2/1
f 317/2/1 312/2/1 311/2/1
f 318/2/1 312/2/1 317/2/1
f 319/5/1 316/5/1 315/5/1
f 320/5/1 316/5/1 319/5/1
f 325/5/1 318/5/1 317/5/1
f 326/5/1 318/5/1 325/5/1
f 327/1/1 324/1/1 323/1/1
f 330/1/1 322/1/1 321/1/1
f 331/1/1 322/1/1 330/1/1
f 332/1/1 324/1/1 327/1/1
f 333/1/1 324/1/1 332/1/1
f 336/5/1 329/5/1 328/5/1
f 337/5/1 329/5/1 336/5/1
f 342/5/1 335/5/1 334/5/1
f 343/5/1 335/5/1 342/5/1
f 344/1/1 339/1/1 338/1/1
f 345/1/1 339/1/1 344/1/1
f 348/1/1 341/1/1 340/1/1
f 349/1/1 341/1/1 348/1/1
f 350/1/1 346/1/1 345/1/1
f 351/1/1 346/1/1 350/1/1
f 352/1/1 348/1/1 347/1/1
f 353/1/1 348/1/1 352/1/1
f 358/2/1 355/2/1 354/2/1
f 359/2/1 357/2/1 356/2/1
f 360/2/1 358/2/1 354/2/1
f 361/2/1 358/2/1 360/2/1
f 362/2/1 357/2/1 359/2/1
f 363/2/1 357/2/1 362/2/1
f 364/5/1 361/5/1 360/5/1
f 365/5/1 361/5/1 364/5/1
f 370/5/1 363/5/1 362/5/1
f 371/5/1 363/5/1 370/5/1
f 372/2/1 367/2/1 366/2/1
f 373/2/1 367/2/1 372/2/1
f 374/2/1 369/2/1 368/2/1
f 375/2/1 369/2/1 374/2/1
f 376/5/1 373/5/1 372/5/1
f 377/5/1 373/5/1 376/5/1
f 382/5/1 375/5/1 374/5/1
f 383/5/1 375/5/1 382/5/1
f 386/1/1 379/1/1 378/1/1
f 387/1/1 379/1/1 386/1/1
f 388/1/1 381/1/1 380/1/1
f 389/1/1 381/1/1 388/1/1
f 392/5/1 385/5/1 384/5/1
f 393/5/1 385/5/1 392/5/1
f 398/5/1 391/5/1 390/5/1
f 399/5/1 391/5/1 398/5/1
f 400/1/1 395/1/1 394/1/1
f 401/1/1 395/1/1 400/1/1
f 404/1/1 397/1/1 396/1/1
f 405/1/1 397/1/1 404/1/1
f 406/1/1 402/1/1 401/1/1
f 407/1/1 402/1/1 406/1/1
f 410/1/1 404/1/1 403/1/1
f 411/1/1 404/1/1 410/1/1
f 412/1/1 409/1/1 408/1/1
f 413/1/1 409/1/1 412/1/1
f 418/1/1 415/1/1 414/1/1
f 419/1/1 415/1/1 418/1/1
f 420/1/1 417/1/1 416/1/1
f 421/1/1 417/1/1 420/1/1
f 424/1/1 423/1/1 422/1/1
f 425/1/1 423/1/1 424/1/1
f 428/1/1 427/1/1 426/1/1
f 429/1/1 427/1/1 428/1/1
f 432/5/1 431/5/1 430/5/1
f 433/5/1 431/5/1 432/5/1
f 436/1/1 435/1/1 434/1/1
f 437/1/1 435/1/1 436/1/1
f 440/5/1 439/5/1 438/5/1
f 441/5/1 439/5/1 440/5/1
f 442/5/1 440/5/1 438/5/1
f 443/5/1 439/5/1 441/5/1
f 444/5/1 442/5/1 438/5/1
f 444/5/1 443/5/1 442/5/1
f 445/5/1 439/5/1 443/5/1
f 445/5/1 443/5/1 444/5/1
f 448/5/1 447/5/1 446/5/1
f 449/5/1 447/5/1 448/5/1
f 452/5/1 451/5/1 450/5/1
f 453/5/1 451/5/1 452/5/1
f 458/5/1 455/5/1 454/5/1
f 459/5/1 455/5/1 458/5/1
f 460/5/1 457/5/1 456/5/1
f 461/5/1 457/5/1 460/5/1
f 465/4/1 463/4/1 462/4/1
f 466/5/1 464/5/1 463/5/1
f 466/4/1 463/4/1 465/4/1
f 467/5/1 464/5/1 466/5/1
f 470/5/1 469/5/1 468/5/1
f 471/5/1 469/5/1 470/5/1
f 478/2/1 473/2/1 472/2/1
f 479/1/1 474/1/1 473/1/1
f 479/2/1 473/2/1 478/2/1
f 480/1/1 474/1/1 479/1/1
f 481/1/1 476/1/1 475/1/1
f 482/2/1 477/2/1 476/2/1
f 482/1/1 476/1/1 481/1/1
f 483/2/1 477/2/1 482/2/1
f 490/2/1 485/2/1 484/2/1
f 491/1/1 486/1/1 485/1/1
f 491/2/1 485/2/1 490/2/1
f 492/1/1 486/1/1 491/1/1
f 493/1/1 488/1/1 487/1/1
f 494/2/1 489/2/1 488/2/1
f 494/1/1 488/1/1 493/1/1
f 495/2/1 489/2/1 494/2/1
f 500/2/1 497/2/1 496/2/1
f 501/2/1 497/2/1 500/2/1
f 502/2/1 497/2/1 501/2/1
f 503/2/1 499/2/1 498/2/1
f 504/2/1 499/2/1 503/2/1
f 505/2/1 499/2/1 504/2/1
f 510/2/1 507/2/1 506/2/1
f 511/2/1 507/2/1 510/2/1
f 512/2/1 509/2/1 508/2/1
f 513/2/1 509/2/1 512/2/1
f 518/1/1 515/1/1 514/1/1
f 519/1/1 515/1/1 518/1/1
f 520/1/1 517/1/1 516/1/1
f 521/1/1 517/1/1 520/1/1
f 526/2/1 523/2/1 522/2/1
f 527/2/1 523/2/1 526/2/1
f 528/2/1 525/2/1 524/2/1
f 529/2/1 525/2/1 528/2/1
f 534/1/1 531/1/1 530/1/1
f 535/1/1 531/1/1 534/1/1
f 536/1/1 533/1/1 532/1/1
f 537/1/1 533/1/1 536/1/1
f 542/2/1 539/2/1 538/2/1
f 543/2/1 539/2/1 542/2/1
f 544/2/1 541/2/1 540/2/1
f 545/2/1 541/2/1 544/2/1
f 550/1/1 547/1/1 546/1/1
f 551/1/1 547/1/1 550/1/1
f 552/1/1 549/1/1 548/1/1
f 553/1/1 549/1/1 552/1/1
f 558/1/1 555/1/1 554/1/1
f 559/1/1 557/1/1 556/1/1
f 560/1/1 558/1/1 554/1/1
f 561/1/1 558/1/1 560/1/1
f 562/1/1 557/1/1 559/1/1
f 563/1/1 557/1/1 562/1/1
f 564/5/1 561/5/1 560/5/1
f 565/5/1 563/5/1 562/5/1
f 566/5/1 564/5/1 560/5/1
f 567/5/1 563/5/1 565/5/1
f 568/5/1 566/5/1 560/5/1
f 569/5/1 566/5/1 568/5/1
f 570/5/1 563/5/1 567/5/1
f 571/5/1 563/5/1 570/5/1
f 572/1/1 569/1/1 568/1/1
f 573/1/1 569/1/1 572/1/1
f 574/1/1 571/1/1 570/1/1
f 575/1/1 571/1/1 574/1/1
f 580/5/1 577/5/1 576/5/1
f 583/5/1 579/5/1 578/5/1
f 584/5/1 581/5/1 580/5/1
f 587/5/1 583/5/1 582/5/1
f 588/5/1 585/5/1 584/5/1
f 588/5/1 580/5/1 576/5/1
f 588/5/1 584/5/1 580/5/1
f 589/5/1 585/5/1 588/5/1
f 590/5/1 585/5/1 589/5/1
f 593/5/1 587/5/1 586/5/1
f 594/5/1 583/5/1 587/5/1
f 594/5/1 579/5/1 583/5/1
f 594/5/1 587/5/1 593/5/1
f 595/5/1 579/5/1 594/5/1
f 596/1/1 589/1/1 588/1/1
f 597/5/1 591/5/1 590/5/1
f 597/1/1 589/1/1 596/1/1
f 597/5/1 590/5/1 589/5/1
f 598/5/1 591/5/1 597/5/1
f 599/5/1 593/5/1 592/5/1
f 599/5/1 594/5/1 593/5/1
f 600/1/1 595/1/1 594/1/1
f 600/5/1 594/5/1 599/5/1
f 601/1/1 595/1/1 600/1/1
f 602/2/2 603/2/2 604/2/2
f 604/2/2 603/2/2 605/2/2
f 606/2/2 607/2/2 610/2/2
f 610/2/2 607/2/2 611/2/2
f 611/2/2 607/2/2 612/2/2
f 608/2/2 609/2/2 613/2/2
f 613/2/2 609/2/2 614/2/2
f 614/2/2 609/2/2 615/2/2
f 616/2/2 617/2/2 620/2/2
f 620/2/2 617/2/2 621/2/2
f 618/2/2 619/2/2 622/2/2
f 622/2/2 619/2/2 623/2/2
f 624/1/2 625/1/2 628/1/2
f 628/1/2 625/1/2 629/1/2
f 626/1/2 627/1/2 630/1/2
f 630/1/2 627/1/2 631/1/2
f 632/2/2 633/2/2 638/2/2
f 633/1/2 634/1/2 639/1/2
f 638/2/2 633/2/2 639/2/2
f 639/1/2 634/1/2 640/1/2
f 635/1/2 636/1/2 641/1/2
f 636/2/2 637/2/2 642/2/2
f 641/1/2 636/1/2 642/1/2
f 642/2/2 637/2/2 643/2/2
f 644/2/2 645/2/2 650/2/2
f 645/1/2 646/1/2 651/1/2
f 650/2/2 645/2/2 651/2/2
f 651/1/2 646/1/2 652/1/2
f 647/1/2 648/1/2 653/1/2
f 648/2/2 649/2/2 654/2/2
f 653/1/2 648/1/2 654/1/2
f 654/2/2 649/2/2 655/2/2
f 656/5/2 657/5/2 658/5/2
f 658/5/2 657/5/2 659/5/2
f 660/5/2 661/5/2 664/5/2
f 664/5/2 661/5/2 665/5/2
f 662/5/2 663/5/2 666/5/2
f 666/5/2 663/5/2 667/5/2
f 668/4/2 669/4/2 671/4/2
f 669/5/2 670/5/2 672/5/2
f 671/4/2 669/4/2 672/4/2
f 672/5/2 670/5/2 673/5/2
f 674/5/2 675/5/2 676/5/2
f 676/5/2 675/5/2 677/5/2
f 678/5/2 679/5/2 680/5/2
f 680/5/2 679/5/2 681/5/2
f 678/5/2 680/5/2 682/5/2
f 681/5/2 679/5/2 683/5/2
f 678/5/2 682/5/2 684/5/2
f 682/5/2 683/5/2 684/5/2
f 683/5/2 679/5/2 685/5/2
f 684/5/2 683/5/2 685/5/2
f 686/5/2 687/5/2 688/5/2
f 688/5/2 687/5/2 689/5/2
f 690/5/2 691/5/2 692/5/2
f 692/5/2 691/5/2 693/5/2
f 694/1/2 695/1/2 696/1/2
f 696/1/2 695/1/2 697/1/2
f 698/1/2 699/1/2 700/1/2
f 700/1/2 699/1/2 701/1/2
f 702/1/2 703/1/2 706/1/2
f 706/1/2 703/1/2 707/1/2
f 704/1/2 705/1/2 708/1/2
f 708/1/2 705/1/2 709/1/2
f 710/1/2 711/1/2 712/1/2
f 712/1/2 711/1/2 713/1/2
f 714/2/2 715/2/2 718/2/2
f 716/2/2 717/2/2 719/2/2
f 714/2/2 718/2/2 720/2/2
f 720/2/2 718/2/2 721/2/2
f 719/2/2 717/2/2 722/2/2
f 722/2/2 717/2/2 723/2/2
f 720/5/2 721/5/2 724/5/2
f 724/5/2 721/5/2 725/5/2
f 722/5/2 723/5/2 730/5/2
f 730/5/2 723/5/2 731/5/2
f 726/2/2 727/2/2 732/2/2
f 732/2/2 727/2/2 733/2/2
f 728/2/2 729/2/2 734/2/2
f 734/2/2 729/2/2 735/2/2
f 732/5/2 733/5/2 736/5/2
f 736/5/2 733/5/2 737/5/2
f 734/5/2 735/5/2 742/5/2
f 742/5/2 735/5/2 743/5/2
f 738/1/2 739/1/2 746/1/2
f 746/1/2 739/1/2 747/1/2
f 740/1/2 741/1/2 748/1/2
f 748/1/2 741/1/2 749/1/2
f 744/5/2 745/5/2 752/5/2
f 752/5/2 745/5/2 753/5/2
f 750/5/2 751/5/2 758/5/2
f 758/5/2 751/5/2 759/5/2
f 754/1/2 755/1/2 760/1/2
f 760/1/2 755/1/2 761/1/2
f 756/1/2 757/1/2 764/1/2
f 764/1/2 757/1/2 765/1/2
f 761/1/2 762/1/2 766/1/2
f 766/1/2 762/1/2 767/1/2
f 763/1/2 764/1/2 770/1/2
f 770/1/2 764/1/2 771/1/2
f 768/1/2 769/1/2 772/1/2
f 772/1/2 769/1/2 773/1/2
f 774/2/2 775/2/2 778/2/2
f 778/2/2 775/2/2 779/2/2
f 776/2/2 777/2/2 780/2/2
f 780/2/2 777/2/2 781/2/2
f 778/1/2 779/1/2 782/1/2
f 782/1/2 779/1/2 783/1/2
f 780/1/2 781/1/2 784/1/2
f 784/1/2 781/1/2 785/1/2
f 782/5/2 783/5/2 786/5/2
f 786/5/2 783/5/2 787/5/2
f 784/5/2 785/5/2 792/5/2
f 792/5/2 785/5/2 793/5/2
f 788/2/2 789/2/2 794/2/2
f 794/2/2 789/2/2 795/2/2
f 790/2/2 791/2/2 796/2/2
f 796/2/2 791/2/2 797/2/2
f 794/5/2 795/5/2 798/5/2
f 798/5/2 795/5/2 799/5/2
f 796/5/2 797/5/2 804/5/2
f 804/5/2 797/5/2 805/5/2
f 800/1/2 801/1/2 808/1/2
f 808/1/2 801/1/2 809/1/2
f 802/1/2 803/1/2 810/1/2
f 810/1/2 803/1/2 811/1/2
f 806/5/2 807/5/2 814/5/2
f 814/5/2 807/5/2 815/5/2
f 812/5/2 813/5/2 820/5/2
f 820/5/2 813/5/2 821/5/2
f 816/1/2 817/1/2 822/1/2
f 822/1/2 817/1/2 823/1/2
f 818/1/2 819/1/2 826/1/2
f 826/1/2 819/1/2 827/1/2
f 823/1/2 824/1/2 828/1/2
f 828/1/2 824/1/2 829/1/2
f 825/1/2 826/1/2 830/1/2
f 830/1/2 826/1/2 831/1/2
f 832/2/2 833/2/2 836/2/2
f 836/2/2 833/2/2 837/2/2
f 834/2/2 835/2/2 838/2/2
f 838/2/2 835/2/2 839/2/2
f 836/1/2 837/1/2 840/1/2
f 840/1/2 837/1/2 841/1/2
f 838/1/2 839/1/2 842/1/2
f 842/1/2 839/1/2 843/1/2
f 840/5/2 841/5/2 844/5/2
f 844/5/2 841/5/2 845/5/2
f 842/5/2 843/5/2 850/5/2
f 850/5/2 843/5/2 851/5/2
f 846/2/2 847/2/2 852/2/2
f 852/2/2 847/2/2 853/2/2
f 848/2/2 849/2/2 854/2/2
f 854/2/2 849/2/2 855/2/2
f 852/5/2 853/5/2 856/5/2
f 856/5/2 853/5/2 857/5/2
f 854/5/2 855/5/2 862/5/2
f 862/5/2 855/5/2 863/5/2
f 864/3/2 865/3/2 869/3/2
f 866/3/2 867/3/2 870/3/2
f 868/3/2 869/3/2 873/3/2
f 870/3/2 871/3/2 874/3/2
f 872/3/2 873/3/2 877/3/2
f 873/3/2 869/3/2 878/3/2
f 877/3/2 873/3/2 878/3/2
f 874/3/2 875/3/2 879/3/2
f 870/3/2 874/3/2 879/3/2
f 879/3/2 875/3/2 880/3/2
f 876/3/2 877/3/2 883/3/2
f 877/6/2 878/6/2 884/6/2
f 883/3/2 877/3/2 884/3/2
f 878/3/2 869/3/2 885/3/2
f 884/6/2 878/6/2 885/6/2
f 869/3/2 865/3/2 886/3/2
f 885/3/2 869/3/2 886/3/2
f 865/6/2 866/6/2 887/6/2
f 886/3/2 865/3/2 887/3/2
f 866/3/2 870/3/2 888/3/2
f 887/6/2 866/6/2 888/6/2
f 870/3/2 879/3/2 888/3/2
f 888/3/2 879/3/2 889/3/2
f 879/6/2 880/6/2 890/6/2
f 889/3/2 879/3/2 890/3/2
f 880/3/2 881/3/2 891/3/2
f 890/6/2 880/6/2 891/6/2
f 891/3/2 881/3/2 892/3/2
f 883/3/2 884/3/2 895/3/2
f 884/3/2 885/3/2 895/3/2
f 882/3/2 883/3/2 895/3/2
f 885/6/2 886/6/2 896/6/2
f 895/3/2 885/3/2 896/3/2
f 886/3/2 887/3/2 897/3/2
f 896/6/2 886/6/2 897/6/2
f 888/3/2 889/3/2 897/3/2
f 887/3/2 888/3/2 897/3/2
f 889/6/2 890/6/2 898/6/2
f 897/3/2 889/3/2 898/3/2
f 892/3/2 893/3/2 899/3/2
f 898/6/2 890/6/2 899/6/2
f 891/3/2 892/3/2 899/3/2
f 890/3/2 891/3/2 899/3/2
f 899/3/2 893/3/2 900/3/2
f 897/3/2 898/3/2 902/3/2
f 900/3/2 901/3/2 902/3/2
f 899/3/2 900/3/2 902/3/2
f 898/3/2 899/3/2 902/3/2
f 894/3/2 895/3/2 902/3/2
f 895/3/2 896/3/2 902/3/2
f 896/3/2 897/3/2 902/3/2
f 902/3/2 901/3/2 903/3/2
f 903/3/2 901/3/2 904/3/2
f 904/3/2 901/3/2 905/3/2
f 905/3/2 901/3/2 906/3/2
f 906/3/2 901/3/2 907/3/2
f 902/6/2 903/6/2 908/6/2
f 903/4/2 904/4/2 909/4/2
f 908/6/2 903/6/2 909/6/2
f 904/5/2 905/5/2 910/5/2
f 909/4/2 904/4/2 910/4/2
f 905/3/2 906/3/2 911/3/2
f 906/6/2 907/6/2 911/6/2
f 911/6/2 907/6/2 912/6/2
f 908/3/2 909/3/2 913/3/2
f 909/3/2 910/3/2 913/3/2
f 913/3/2 910/3/2 914/3/2
f 914/3/2 910/3/2 915/3/2
f 915/3/2 910/3/2 916/3/2
f 911/3/2 912/3/2 917/3/2
f 905/3/2 911/3/2 917/3/2
f 917/3/2 912/3/2 918/3/2
f 918/3/2 912/3/2 919/3/2
f 919/3/2 912/3/2 920/3/2
f 914/3/2 915/3/2 921/3/2
f 921/3/2 915/3/2 922/3/2
f 922/3/2 915/3/2 923/3/2
f 915/6/2 916/6/2 924/6/2
f 923/3/2 915/3/2 924/3/2
f 916/3/2 910/3/2 925/3/2
f 924/6/2 916/6/2 925/6/2
f 910/5/2 905/5/2 926/5/2
f 925/3/2 910/3/2 926/3/2
f 905/3/2 917/3/2 927/3/2
f 926/5/2 905/5/2 927/5/2
f 917/6/2 918/6/2 928/6/2
f 927/3/2 917/3/2 928/3/2
f 918/3/2 919/3/2 929/3/2
f 928/6/2 918/6/2 929/6/2
f 929/3/2 919/3/2 930/3/2
f 930/3/2 919/3/2 931/3/2
f 931/3/2 919/3/2 932/3/2
f 922/3/2 923/3/2 933/3/2
f 923/6/2 924/6/2 934/6/2
f 933/3/2 923/3/2 934/3/2
f 924/3/2 925/3/2 935/3/2
f 934/6/2 924/6/2 935/6/2
f 925/3/2 926/3/2 935/3/2
f 929/6/2 930/6/2 936/6/2
f 928/3/2 929/3/2 936/3/2
f 930/3/2 931/3/2 937/3/2
f 936/6/2 930/6/2 937/6/2
f 937/3/2 931/3/2 938/3/2
f 934/3/2 935/3/2 939/3/2
f 935/3/2 926/3/2 940/3/2
f 939/3/2 935/3/2 940/3/2
f 928/3/2 936/3/2 941/3/2
f 936/3/2 937/3/2 941/3/2
f 941/3/2 937/3/2 942/3/2
f 940/3/2 926/3/2 943/3/2
f 943/3/2 926/3/2 944/3/2
f 927/5/2 928/5/2 945/5/2
f 926/6/2 927/6/2 945/6/2
f 928/3/2 941/3/2 946/3/2
f 945/5/2 928/5/2 946/5/2
f 946/3/2 941/3/2 947/3/2
f 944/3/2 926/3/2 948/3/2
f 926/6/2 945/6/2 949/6/2
f 948/3/2 926/3/2 949/3/2
f 945/3/2 946/3/2 950/3/2
f 949/6/2 945/6/2 950/6/2
f 950/3/2 946/3/2 951/3/2
f 858/1/2 859/1/2 954/1/2
f 954/1/2 859/1/2 955/1/2
f 860/1/2 861/1/2 956/1/2
f 956/1/2 861/1/2 957/1/2
f 952/5/2 953/5/2 960/5/2
f 960/5/2 953/5/2 961/5/2
f 958/5/2 959/5/2 966/5/2
f 966/5/2 959/5/2 967/5/2
f 962/1/2 963/1/2 968/1/2
f 968/1/2 963/1/2 969/1/2
f 964/1/2 965/1/2 972/1/2
f 972/1/2 965/1/2 973/1/2
f 969/1/2 970/1/2 974/1/2
f 971/1/2 972/1/2 975/1/2
f 969/1/2 974/1/2 976/1/2
f 974/1/2 975/1/2 976/1/2
f 975/1/2 972/1/2 977/1/2
f 976/1/2 975/1/2 977/1/2
f 978/2/2 979/2/2 982/2/2
f 982/2/2 979/2/2 983/2/2
f 980/2/2 981/2/2 984/2/2
f 984/2/2 981/2/2 985/2/2
f 982/1/2 983/1/2 986/1/2
f 986/1/2 983/1/2 987/1/2
f 984/1/2 985/1/2 988/1/2
f 988/1/2 985/1/2 989/1/2
f 986/5/2 987/5/2 990/5/2
f 990/5/2 987/5/2 991/5/2
f 988/5/2 989/5/2 996/5/2
f 996/5/2 989/5/2 997/5/2
f 992/2/2 993/2/2 998/2/2
f 998/2/2 993/2/2 999/2/2
f 994/2/2 995/2/2 1000/2/2
f 1000/2/2 995/2/2 1001/2/2
f 998/5/2 999/5/2 1002/5/2
f 1002/5/2 999/5/2 1003/5/2
f 1000/5/2 1001/5/2 1008/5/2
f 1008/5/2 1001/5/2 1009/5/2
f 1004/1/2 1005/1/2 1010/1/2
f 1006/1/2 1007/1/2 1011/1/2
f 1012/5/2 1013/5/2 1015/5/2
f 1015/5/2 1013/5/2 1016/5/2
f 1014/5/2 1015/5/2 1019/5/2
f 1019/5/2 1015/5/2 1020/5/2
f 1020/5/2 1015/5/2 1021/5/2
f 1016/5/2 1017/5/2 1022/5/2
f 1022/5/2 1017/5/2 1023/5/2
f 1023/5/2 1017/5/2 1024/5/2
f 1018/5/2 1019/5/2 1027/5/2
f 1019/5/2 1020/5/2 1027/5/2
f 1027/5/2 1020/5/2 1028/5/2
f 1028/5/2 1020/5/2 1029/5/2
f 1024/5/2 1025/5/2 1030/5/2
f 1023/5/2 1024/5/2 1030/5/2
f 1030/5/2 1025/5/2 1031/5/2
f 1031/5/2 1025/5/2 1032/5/2
f 1027/5/2 1028/5/2 1035/5/2
f 1026/5/2 1027/5/2 1035/5/2
f 1035/5/2 1028/5/2 1036/5/2
f 1036/5/2 1028/5/2 1037/5/2
f 1032/5/2 1033/5/2 1038/5/2
f 1031/5/2 1032/5/2 1038/5/2
f 1038/5/2 1033/5/2 1039/5/2
f 1039/5/2 1033/5/2 1040/5/2
f 1035/5/2 1036/5/2 1042/5/2
f 1034/5/2 1035/5/2 1042/5/2
f 1042/5/2 1036/5/2 1043/5/2
f 1040/5/2 1041/5/2 1044/5/2
f 1039/5/2 1040/5/2 1044/5/2
f 1044/5/2 1041/5/2 1045/5/2
f 1004/1/2 1010/1/2 1046/1/2
f 1034/5/2 1042/5/2 1047/5/2
f 1047/5/2 1042/5/2 1048/5/2
f 1045/5/2 1041/5/2 1049/5/2
f 1049/5/2 1041/5/2 1050/5/2
f 1011/1/2 1007/1/2 1051/1/2
f 1004/1/2 1046/1/2 1052/1/2
f 1046/5/2 1047/5/2 1052/5/2
f 1052/5/2 1047/5/2 1053/5/2
f 1050/5/2 1051/5/2 1056/5/2
f 1051/1/2 1007/1/2 1057/1/2
f 1056/5/2 1051/5/2 1057/5/2
f 1053/5/2 1054/5/2 1058/5/2
f 1055/5/2 1056/5/2 1061/5/2
f 1058/5/2 1059/5/2 1062/5/2
f 1053/5/2 1058/5/2 1062/5/2
f 1062/5/2 1059/5/2 1063/5/2
f 1063/5/2 1059/5/2 1064/5/2
f 1060/5/2 1061/5/2 1067/5/2
f 1061/5/2 1056/5/2 1068/5/2
f 1067/5/2 1061/5/2 1068/5/2
f 1068/5/2 1056/5/2 1069/5/2
f 1064/5/2 1065/5/2 1070/5/2
f 1063/5/2 1064/5/2 1070/5/2
f 1070/5/2 1065/5/2 1071/5/2
f 1071/5/2 1065/5/2 1072/5/2
f 1066/5/2 1067/5/2 1075/5/2
f 1067/5/2 1068/5/2 1075/5/2
f 1075/5/2 1068/5/2 1076/5/2
f 1076/5/2 1068/5/2 1077/5/2
f 1072/5/2 1073/5/2 1078/5/2
f 1071/5/2 1072/5/2 1078/5/2
f 1078/5/2 1073/5/2 1079/5/2
f 1079/5/2 1073/5/2 1080/5/2
f 1075/5/2 1076/5/2 1083/5/2
f 1074/5/2 1075/5/2 1083/5/2
f 1083/5/2 1076/5/2 1084/5/2
f 1084/5/2 1076/5/2 1085/5/2
f 1080/5/2 1081/5/2 1086/5/2
f 1079/5/2 1080/5/2 1086/5/2
f 1086/5/2 1081/5/2 1087/5/2
f 1083/5/2 1084/5/2 1088/5/2
f 1082/5/2 1083/5/2 1088/5/2
f 1088/5/2 1084/5/2 1089/5/2
f 1087/5/2 1088/5/2 1090/5/2
f 1090/5/2 1088/5/2 1091/5/2
f 1004/1/2 1052/1/2 1094/1/2
f 1094/1/2 1052/1/2 1095/1/2
f 1057/1/2 1007/1/2 1096/1/2
f 1096/1/2 1007/1/2 1097/1/2
f 1092/5/2 1093/5/2 1100/5/2
f 1100/5/2 1093/5/2 1101/5/2
f 1098/5/2 1099/5/2 1106/5/2
f 1106/5/2 1099/5/2 1107/5/2
f 1102/1/2 1103/1/2 1108/1/2
f 1108/1/2 1103/1/2 1109/1/2
f 1104/1/2 1105/1/2 1110/1/2
f 1110/1/2 1105/1/2 1111/1/2
f 1109/1/2 1110/1/2 1112/1/2
f 1112/1/2 1110/1/2 1113/1/2
f 1114/2/2 1115/2/2 1118/2/2
f 1118/2/2 1115/2/2 1119/2/2
f 1116/2/2 1117/2/2 1120/2/2
f 1120/2/2 1117/2/2 1121/2/2
f 1118/1/2 1119/1/2 1122/1/2
f 1122/1/2 1119/1/2 1123/1/2
f 1120/1/2 1121/1/2 1124/1/2
f 1124/1/2 1121/1/2 1125/1/2
f 1122/5/2 1123/5/2 1126/5/2
f 1126/5/2 1123/5/2 1127/5/2
f 1124/5/2 1125/5/2 1132/5/2
f 1132/5/2 1125/5/2 1133/5/2
f 1128/2/2 1129/2/2 1134/2/2
f 1134/2/2 1129/2/2 1135/2/2
f 1130/2/2 1131/2/2 1136/2/2
f 1136/2/2 1131/2/2 1137/2/2
f 1134/5/2 1135/5/2 1138/5/2
f 1138/5/2 1135/5/2 1139/5/2
f 1136/5/2 1137/5/2 1144/5/2
f 1144/5/2 1137/5/2 1145/5/2
f 1140/5/2 1141/5/2 1146/5/2
f 1142/5/2 1143/5/2 1149/5/2
f 1146/5/2 1147/5/2 1150/5/2
f 1148/5/2 1149/5/2 1153/5/2
f 1150/5/2 1151/5/2 1154/5/2
f 1140/5/2 1146/5/2 1154/5/2
f 1146/5/2 1150/5/2 1154/5/2
f 1154/5/2 1151/5/2 1155/5/2
f 1155/5/2 1151/5/2 1156/5/2
f 1152/5/2 1153/5/2 1159/5/2
f 1153/5/2 1149/5/2 1160/5/2
f 1149/5/2 1143/5/2 1160/5/2
f 1159/5/2 1153/5/2 1160/5/2
f 1160/5/2 1143/5/2 1161/5/2
f 1156/5/2 1157/5/2 1162/5/2
f 1154/1/2 1155/1/2 1162/1/2
f 1155/5/2 1156/5/2 1162/5/2
f 1162/5/2 1157/5/2 1163/5/2
f 1163/5/2 1157/5/2 1164/5/2
f 1158/5/2 1159/5/2 1167/5/2
f 1159/5/2 1160/5/2 1167/5/2
f 1167/5/2 1160/5/2 1168/5/2
f 1160/1/2 1161/1/2 1169/1/2
f 1168/5/2 1160/5/2 1169/5/2
f 1164/5/2 1165/5/2 1170/5/2
f 1163/5/2 1164/5/2 1170/5/2
f 1162/1/2 1163/1/2 1170/1/2
f 1170/5/2 1165/5/2 1171/5/2
f 1171/5/2 1165/5/2 1172/5/2
f 1167/5/2 1168/5/2 1173/5/2
f 1166/5/2 1167/5/2 1173/5/2
f 1173/5/2 1168/5/2 1174/5/2
f 1168/1/2 1169/1/2 1175/1/2
f 1174/5/2 1168/5/2 1175/5/2
f 1171/5/2 1172/5/2 1176/5/2
f 1173/5/2 1174/5/2 1176/5/2
f 1170/1/2 1171/1/2 1176/1/2
f 1172/5/2 1173/5/2 1176/5/2
f 1174/1/2 1175/1/2 1177/1/2
f 1176/5/2 1174/5/2 1177/5/2
f 1176/1/2 1177/1/2 1178/1/2
f 1178/1/2 1177/1/2 1179/1/2
f 1176/1/2 1178/1/2 1180/1/2
f 1180/1/2 1178/1/2 1181/1/2
f 1179/1/2 1177/1/2 1182/1/2
f 1182/1/2 1177/1/2 1183/1/2
f 1170/1/2 1176/1/2 1184/1/2
f 1176/1/2 1180/1/2 1184/1/2
f 1184/1/2 1180/1/2 1185/1/2
f 1183/1/2 1177/1/2 1186/1/2
f 1177/1/2 1175/1/2 1187/1/2
f 1186/1/2 1177/1/2 1187/1/2
f 1162/1/2 1170/1/2 1188/1/2
f 1170/1/2 1184/1/2 1188/1/2
f 1188/1/2 1184/1/2 1189/1/2
f 1187/1/2 1175/1/2 1190/1/2
f 1175/1/2 1169/1/2 1191/1/2
f 1190/1/2 1175/1/2 1191/1/2
f 1154/1/2 1162/1/2 1192/1/2
f 1162/1/2 1188/1/2 1192/1/2
f 1192/1/2 1188/1/2 1193/1/2
f 1191/1/2 1169/1/2 1194/1/2
f 1169/1/2 1161/1/2 1195/1/2
f 1194/1/2 1169/1/2 1195/1/2
f 1154/1/2 1192/1/2 1196/1/2
f 1196/1/2 1192/1/2 1197/1/2
f 1195/1/2 1161/1/2 1198/1/2
f 1198/1/2 1161/1/2 1199/1/2
f 1200/1/2 1201/1/2 1204/1/2
f 1202/1/2 1203/1/2 1207/1/2
f 1204/1/2 1205/1/2 1208/1/2
f 1206/1/2 1207/1/2 1211/1/2
f 1208/1/2 1209/1/2 1212/1/2
f 1210/1/2 1211/1/2 1215/1/2
f 1212/1/2 1213/1/2 1216/1/2
f 1214/1/2 1215/1/2 1219/1/2
f 1216/1/2 1217/1/2 1220/1/2
f 1218/1/2 1219/1/2 1221/1/2
f 1216/1/2 1220/1/2 1224/1/2
f 1200/1/2 1204/1/2 1224/1/2
f 1220/1/2 1221/1/2 1224/1/2
f 1204/1/2 1208/1/2 1224/1/2
f 1208/1/2 1212/1/2 1224/1/2
f 1212/1/2 1216/1/2 1224/1/2
f 1221/1/2 1219/1/2 1225/1/2
f 1224/1/2 1221/1/2 1225/1/2
f 1207/1/2 1203/1/2 1225/1/2
f 1211/1/2 1207/1/2 1225/1/2
f 1215/1/2 1211/1/2 1225/1/2
f 1219/1/2 1215/1/2 1225/1/2
f 1222/5/2 1223/5/2 1228/5/2
f 1228/5/2 1223/5/2 1229/5/2
f 1226/5/2 1227/5/2 1232/5/2
f 1232/5/2 1227/5/2 1233/5/2
f 1230/1/2 1231/1/2 1234/1/2
f 1234/1/2 1231/1/2 1235/1/2
f 1236/2/2 1237/2/2 1240/2/2
f 1240/2/2 1237/2/2 1241/2/2
f 1238/2/2 1239/2/2 1242/2/2
f 1242/2/2 1239/2/2 1243/2/2
f 1240/1/2 1241/1/2 1244/1/2
f 1244/1/2 1241/1/2 1245/1/2
f 1242/1/2 1243/1/2 1246/1/2
f 1246/1/2 1243/1/2 1247/1/2
f 1244/5/2 1245/5/2 1248/5/2
f 1248/5/2 1245/5/2 1249/5/2
f 1246/5/2 1247/5/2 1254/5/2
f 1254/5/2 1247/5/2 1255/5/2
f 1250/2/2 1251/2/2 1256/2/2
f 1256/2/2 1251/2/2 1257/2/2
f 1252/2/2 1253/2/2 1258/2/2
f 1258/2/2 1253/2/2 1259/2/2
f 1256/5/2 1257/5/2 1260/5/2
f 1260/5/2 1257/5/2 1261/5/2
f 1258/5/2 1259/5/2 1262/5/2
f 1262/5/2 1259/5/2 1263/5/2
f 1264/5/2 1265/5/2 1268/5/2
f 1268/5/2 1265/5/2 1269/5/2
f 1266/5/2 1267/5/2 1270/5/2
f 1270/5/2 1267/5/2 1271/5/2
f 1272/2/2 1273/2/2 1276/2/2
f 1276/2/2 1273/2/2 1277/2/2
f 1274/2/2 1275/2/2 1278/2/2
f 1278/2/2 1275/2/2 1279/2/2
f 1276/1/2 1277/1/2 1280/1/2
f 1280/1/2 1277/1/2 1281/1/2
f 1278/1/2 1279/1/2 1282/1/2
f 1282/1/2 1279/1/2 1283/1/2
f 1280/5/2 1281/5/2 1284/5/2
f 1284/5/2 1281/5/2 1285/5/2
f 1282/5/2 1283/5/2 1290/5/2
f 1290/5/2 1283/5/2 1291/5/2
f 1286/2/2 1287/2/2 1292/2/2
f 1292/2/2 1287/2/2 1293/2/2
f 1288/2/2 1289/2/2 1294/2/2
f 1294/2/2 1289/2/2 1295/2/2
f 1292/5/2 1293/5/2 1296/5/2
f 1296/5/2 1293/5/2 1297/5/2
f 1294/5/2 1295/5/2 1298/5/2
f 1298/5/2 1295/5/2 1299/5/2
f 1300/5/2 1301/5/2 1302/5/2
f 1302/5/2 1301/5/2 1303/5/2
f 1304/2/2 1305/2/2 1308/2/2
f 1308/2/2 1305/2/2 1309/2/2
f 1306/2/2 1307/2/2 1310/2/2
f 1310/2/2 1307/2/2 1311/2/2
f 1308/1/2 1309/1/2 1312/1/2
f 1312/1/2 1309/1/2 1313/1/2
f 1310/1/2 1311/1/2 1314/1/2
f 1314/1/2 1311/1/2 1315/1/2
f 1312/5/2 1313/5/2 1316/5/2
f 1316/5/2 1313/5/2 1317/5/2
f 1314/5/2 1315/5/2 1320/5/2
f 1320/5/2 1315/5/2 1321/5/2
f 1318/2/2 1319/2/2 1322/2/2
f 1322/2/2 1319/2/2 1323/2/2
f 1322/5/2 1323/5/2 1324/5/2
f 1324/5/2 1323/5/2 1325/5/2
f 1326/2/2 1327/2/2 1330/2/2
f 1330/2/2 1327/2/2 1331/2/2
f 1328/2/2 1329/2/2 1332/2/2
f 1332/2/2 1329/2/2 1333/2/2
f 1330/1/2 1331/1/2 1334/1/2
f 1334/1/2 1331/1/2 1335/1/2
f 1332/1/2 1333/1/2 1336/1/2
f 1336/1/2 1333/1/2 1337/1/2
f 1334/5/2 1335/5/2 1338/5/2
f 1338/5/2 1335/5/2 1339/5/2
f 1336/5/2 1337/5/2 1340/5/2
f 1340/5/2 1337/5/2 1341/5/2
f 1342/2/2 1343/2/2 1346/2/2
f 1344/2/2 1345/2/2 1349/2/2
f 1346/2/2 1347/2/2 1350/2/2
f 1348/2/2 1349/2/2 1353/2/2
f 1350/2/2 1351/2/2 1354/2/2
f 1352/2/2 1353/2/2 1355/2/2
f 1350/2/2 1354/2/2 1356/2/2
f 1354/2/2 1355/2/2 1356/2/2
f 1342/2/2 1346/2/2 1356/2/2
f 1346/2/2 1350/2/2 1356/2/2
f 1355/2/2 1353/2/2 1357/2/2
f 1356/2/2 1355/2/2 1357/2/2
f 1349/2/2 1345/2/2 1357/2/2
f 1353/2/2 1349/2/2 1357/2/2
f 1356/5/2 1357/5/2 1358/5/2
f 1358/5/2 1357/5/2 1359/5/2
f 1363/2/3 1361/2/3 1360/2/3
f 1364/2/3 1361/2/3 1363/2/3
f 1365/2/3 1361/2/3 1364/2/3
f 1366/2/3 1361/2/3 1365/2/3
f 1367/2/3 1361/2/3 1366/2/3
f 1368/2/3 1361/2/3 1367/2/3
f 1370/2/3 1361/2/3 1368/2/3
f 1372/2/3 1370/2/3 1369/2/3
f 1374/2/3 1372/2/3 1371/2/3
f 1375/2/3 1374/2/3 1373/2/3
f 1376/5/3 1362/5/3 1361/5/3
f 1376/2/3 1374/2/3 1375/2/3
f 1376/2/3 1361/2/3 1370/2/3
f 1376/2/3 1372/2/3 1374/2/3
f 1376/2/3 1370/2/3 1372/2/3
f 1377/5/3 1362/5/3 1376/5/3
f 1382/2/3 1379/2/3 1378/2/3
f 1383/1/3 1380/1/3 1379/1/3
f 1383/2/3 1379/2/3 1382/2/3
f 1384/5/3 1381/5/3 1380/5/3
f 1384/1/3 1380/1/3 1383/1/3
f 1385/5/3 1381/5/3 1384/5/3
f 1390/2/3 1387/2/3 1386/2/3
f 1391/1/3 1388/1/3 1387/1/3
f 1391/2/3 1387/2/3 1390/2/3
f 1392/5/3 1389/5/3 1388/5/3
f 1392/1/3 1388/1/3 1391/1/3
f 1393/5/3 1389/5/3 1392/5/3
f 1398/2/3 1395/2/3 1394/2/3
f 1399/1/3 1396/1/3 1395/1/3
f 1399/2/3 1395/2/3 1398/2/3
f 1400/5/3 1397/5/3 1396/5/3
f 1400/1/3 1396/1/3 1399/1/3
f 1401/5/3 1397/5/3 1400/5/3
f 1407/2/3 1403/2/3 1402/2/3
f 1408/5/3 1404/5/3 1403/5/3
f 1408/2/3 1403/2/3 1407/2/3
f 1409/5/3 1404/5/3 1408/5/3
f 1410/5/3 1406/5/3 1405/5/3
f 1411/5/3 1406/5/3 1410/5/3
f 1416/2/3 1413/2/3 1412/2/3
f 1417/1/3 1414/1/3 1413/1/3
f 1417/2/3 1413/2/3 1416/2/3
f 1418/5/3 1415/5/3 1414/5/3
f 1418/1/3 1414/1/3 1417/1/3
f 1419/5/3 1415/5/3 1418/5/3
f 1424/2/3 1421/2/3 1420/2/3
f 1425/1/3 1422/1/3 1421/1/3
f 1425/2/3 1421/2/3 1424/2/3
f 1426/5/3 1423/5/3 1422/5/3
f 1426/1/3 1422/1/3 1425/1/3
f 1427/5/3 1423/5/3 1426/5/3
f 1433/2/3 1429/2/3 1428/2/3
f 1434/5/3 1430/5/3 1429/5/3
f 1434/2/3 1429/2/3 1433/2/3
f 1435/5/3 1430/5/3 1434/5/3
f 1436/5/3 1432/5/3 1431/5/3
f 1437/5/3 1432/5/3 1436/5/3
f 1443/2/3 1439/2/3 1438/2/3
f 1444/5/3 1440/5/3 1439/5/3
f 1444/2/3 1439/2/3 1443/2/3
f 1445/5/3 1440/5/3 1444/5/3
f 1446/5/3 1442/5/3 1441/5/3
f 1447/5/3 1442/5/3 1446/5/3
f 1452/2/3 1449/2/3 1448/2/3
f 1453/1/3 1450/1/3 1449/1/3
f 1453/2/3 1449/2/3 1452/2/3
f 1454/5/3 1451/5/3 1450/5/3
f 1454/1/3 1450/1/3 1453/1/3
f 1455/5/3 1451/5/3 1454/5/3
f 1460/2/3 1457/2/3 1456/2/3
f 1461/1/3 1458/1/3 1457/1/3
f 1461/2/3 1457/2/3 1460/2/3
f 1462/5/3 1459/5/3 1458/5/3
f 1462/1/3 1458/1/3 1461/1/3
f 1463/5/3 1459/5/3 1462/5/3
f 1469/2/3 1465/2/3 1464/2/3
f 1470/5/3 1466/5/3 1465/5/3
f 1470/2/3 1465/2/3 1469/2/3
f 1471/5/3 1466/5/3 1470/5/3
f 1472/5/3 1468/5/3 1467/5/3
f 1473/5/3 1468/5/3 1472/5/3
f 1478/1/3 1475/1/3 1474/1/3
f 1479/1/3 1477/1/3 1476/1/3
f 1481/1/3 1475/1/3 1478/1/3
f 1482/1/3 1480/1/3 1479/1/3
f 1482/1/3 1479/1/3 1476/1/3
f 1483/1/3 1480/1/3 1482/1/3
f 1484/1/3 1475/1/3 1481/1/3
f 1485/1/3 1475/1/3 1484/1/3
f 1486/1/3 1482/1/3 1476/1/3
f 1487/1/3 1482/1/3 1486/1/3
f 1493/2/3 1489/2/3 1488/2/3
f 1494/5/3 1490/5/3 1489/5/3
f 1494/2/3 1489/2/3 1493/2/3
f 1495/5/3 1490/5/3 1494/5/3
f 1496/5/3 1492/5/3 1491/5/3
f 1497/5/3 1492/5/3 1496/5/3
f 1502/2/3 1499/2/3 1498/2/3
f 1503/1/3 1500/1/3 1499/1/3
f 1503/2/3 1499/2/3 1502/2/3
f 1504/5/3 1501/5/3 1500/5/3
f 1504/1/3 1500/1/3 1503/1/3
f 1505/5/3 1501/5/3 1504/5/3
f 1510/2/3 1507/2/3 1506/2/3
f 1511/1/3 1508/1/3 1507/1/3
f 1511/2/3 1507/2/3 1510/2/3
f 1512/5/3 1509/5/3 1508/5/3
f 1512/1/3 1508/1/3 1511/1/3
f 1513/5/3 1509/5/3 1512/5/3
f 1519/2/3 1515/2/3 1514/2/3
f 1520/5/3 1516/5/3 1515/5/3
f 1520/2/3 1515/2/3 1519/2/3
f 1521/5/3 1516/5/3 1520/5/3
f 1522/5/3 1518/5/3 1517/5/3
f 1523/5/3 1518/5/3 1522/5/3
f 1528/1/3 1525/1/3 1524/1/3
f 1529/1/3 1525/1/3 1528/1/3
f 1530/1/3 1527/1/3 1526/1/3
f 1531/1/3 1527/1/3 1530/1/3
f 1533/1/3 1532/1/3 1531/1/3
f 1534/1/3 1532/1/3 1533/1/3
f 1536/1/3 1532/1/3 1534/1/3
f 1540/1/3 1536/1/3 1535/1/3
f 1541/1/3 1532/1/3 1536/1/3
f 1541/1/3 1536/1/3 1540/1/3
f 1542/1/3 1538/1/3 1537/1/3
f 1543/1/3 1538/1/3 1542/1/3
f 1544/1/3 1540/1/3 1539/1/3
f 1545/1/3 1540/1/3 1544/1/3
f 1551/2/3 1547/2/3 1546/2/3
f 1552/5/3 1548/5/3 1547/5/3
f 1552/2/3 1547/2/3 1551/2/3
f 1553/5/3 1548/5/3 1552/5/3
f 1554/5/3 1550/5/3 1549/5/3
f 1555/5/3 1550/5/3 1554/5/3
f 1560/2/3 1557/2/3 1556/2/3
f 1561/1/3 1558/1/3 1557/1/3
f 1561/2/3 1557/2/3 1560/2/3
f 1562/5/3 1559/5/3 1558/5/3
f 1562/1/3 1558/1/3 1561/1/3
f 1563/5/3 1559/5/3 1562/5/3
f 1568/2/3 1565/2/3 1564/2/3
f 1569/1/3 1566/1/3 1565/1/3
f 1569/2/3 1565/2/3 1568/2/3
f 1570/5/3 1567/5/3 1566/5/3
f 1570/1/3 1566/1/3 1569/1/3
f 1571/5/3 1567/5/3 1570/5/3
f 1577/2/3 1573/2/3 1572/2/3
f 1578/5/3 1574/5/3 1573/5/3
f 1578/2/3 1573/2/3 1577/2/3
f 1579/5/3 1574/5/3 1578/5/3
f 1580/5/3 1576/5/3 1575/5/3
f 1581/5/3 1576/5/3 1580/5/3
f 1586/1/3 1583/1/3 1582/1/3
f 1587/1/3 1583/1/3 1586/1/3
f 1588/1/3 1585/1/3 1584/1/3
f 1589/1/3 1585/1/3 1588/1/3
f 1591/1/3 1590/1/3 1589/1/3
f 1592/1/3 1590/1/3 1591/1/3
f 1598/1/3 1594/1/3 1593/1/3
f 1599/1/3 1594/1/3 1598/1/3
f 1600/1/3 1596/1/3 1595/1/3
f 1601/1/3 1596/1/3 1600/1/3
f 1602/1/3 1598/1/3 1597/1/3
f 1603/1/3 1598/1/3 1602/1/3
f 1609/2/3 1605/2/3 1604/2/3
f 1610/5/3 1606/5/3 1605/5/3
f 1610/2/3 1605/2/3 1609/2/3
f 1611/5/3 1606/5/3 1610/5/3
f 1612/5/3 1608/5/3 1607/5/3
f 1613/5/3 1608/5/3 1612/5/3
f 1618/2/3 1615/2/3 1614/2/3
f 1619/1/3 1616/1/3 1615/1/3
f 1619/2/3 1615/2/3 1618/2/3
f 1620/5/3 1617/5/3 1616/5/3
f 1620/1/3 1616/1/3 1619/1/3
f 1621/5/3 1617/5/3 1620/5/3
f 1626/2/3 1623/2/3 1622/2/3
f 1627/1/3 1624/1/3 1623/1/3
f 1627/2/3 1623/2/3 1626/2/3
f 1628/5/3 1625/5/3 1624/5/3
f 1628/1/3 1624/1/3 1627/1/3
f 1629/5/3 1625/5/3 1628/5/3
f 1635/2/3 1631/2/3 1630/2/3
f 1636/5/3 1632/5/3 1631/5/3
f 1636/2/3 1631/2/3 1635/2/3
f 1637/5/3 1632/5/3 1636/5/3
f 1638/5/3 1634/5/3 1633/5/3
f 1639/5/3 1634/5/3 1638/5/3
f 1644/1/3 1641/1/3 1640/1/3
f 1645/1/3 1641/1/3 1644/1/3
f 1646/1/3 1643/1/3 1642/1/3
f 1647/1/3 1643/1/3 1646/1/3
f 1649/1/3 1648/1/3 1647/1/3
f 1650/1/3 1648/1/3 1649/1/3
f 1653/1/3 1652/1/3 1651/1/3
f 1654/1/3 1652/1/3 1653/1/3
f 1660/1/3 1656/1/3 1655/1/3
f 1661/1/3 1656/1/3 1660/1/3
f 1662/1/3 1658/1/3 1657/1/3
f 1663/1/3 1658/1/3 1662/1/3
f 1664/1/3 1660/1/3 1659/1/3
f 1665/1/3 1660/1/3 1664/1/3
f 1671/2/3 1667/2/3 1666/2/3
f 1672/5/3 1668/5/3 1667/5/3
f 1672/2/3 1667/2/3 1671/2/3
f 1673/5/3 1668/5/3 1672/5/3
f 1674/5/3 1670/5/3 1669/5/3
f 1675/5/3 1670/5/3 1674/5/3
f 1680/2/3 1677/2/3 1676/2/3
f 1681/1/3 1678/1/3 1677/1/3
f 1681/2/3 1677/2/3 1680/2/3
f 1682/5/3 1679/5/3 1678/5/3
f 1682/1/3 1678/1/3 1681/1/3
f 1683/5/3 1679/5/3 1682/5/3
f 1688/2/3 1685/2/3 1684/2/3
f 1689/1/3 1686/1/3 1685/1/3
f 1689/2/3 1685/2/3 1688/2/3
f 1690/5/3 1687/5/3 1686/5/3
f 1690/1/3 1686/1/3 1689/1/3
f 1691/5/3 1687/5/3 1690/5/3
f 1697/2/3 1693/2/3 1692/2/3
f 1698/5/3 1694/5/3 1693/5/3
f 1698/2/3 1693/2/3 1697/2/3
f 1699/5/3 1694/5/3 1698/5/3
f 1700/5/3 1696/5/3 1695/5/3
f 1701/5/3 1696/5/3 1700/5/3
f 1706/1/3 1703/1/3 1702/1/3
f 1707/1/3 1703/1/3 1706/1/3
f 1708/1/3 1705/1/3 1704/1/3
f 1709/1/3 1705/1/3 1708/1/3
f 1711/1/3 1710/1/3 1709/1/3
f 1712/1/3 1710/1/3 1711/1/3
f 1715/1/3 1714/1/3 1713/1/3
f 1716/1/3 1714/1/3 1715/1/3
f 1725/1/3 1718/1/3 1717/1/3
f 1726/1/3 1718/1/3 1725/1/3
f 1727/5/3 1720/5/3 1719/5/3
f 1728/1/3 1721/1/3 1720/1/3
f 1728/5/3 1720/5/3 1727/5/3
f 1729/1/3 1721/1/3 1728/1/3
f 1730/1/3 1723/1/3 1722/1/3
f 1731/1/3 1723/1/3 1730/1/3
f 1732/1/3 1725/1/3 1724/1/3
f 1733/1/3 1725/1/3 1732/1/3
f 1739/2/3 1735/2/3 1734/2/3
f 1740/5/3 1736/5/3 1735/5/3
f 1740/2/3 1735/2/3 1739/2/3
f 1741/5/3 1736/5/3 1740/5/3
f 1742/5/3 1738/5/3 1737/5/3
f 1743/5/3 1738/5/3 1742/5/3
f 1748/2/3 1745/2/3 1744/2/3
f 1749/1/3 1746/1/3 1745/1/3
f 1749/2/3 1745/2/3 1748/2/3
f 1750/5/3 1747/5/3 1746/5/3
f 1750/1/3 1746/1/3 1749/1/3
f 1751/5/3 1747/5/3 1750/5/3
f 1755/2/3 1753/2/3 1752/2/3
f 1756/2/3 1753/2/3 1755/2/3
f 1757/5/3 1754/5/3 1753/5/3
f 1757/2/3 1753/2/3 1756/2/3
f 1758/5/3 1754/5/3 1757/5/3
f 1762/2/3 1760/2/3 1759/2/3
f 1763/5/3 1761/5/3 1760/5/3
f 1763/2/3 1760/2/3 1762/2/3
f 1764/5/3 1761/5/3 1763/5/3
f 1767/1/3 1766/1/3 1765/1/3
f 1768/1/3 1766/1/3 1767/1/3
f 1773/1/3 1772/1/3 1771/1/3
f 1775/1/3 1773/1/3 1771/1/3
f 1775/1/3 1774/1/3 1773/1/3
f 1776/1/3 1774/1/3 1775/1/3
f 1777/1/3 1775/1/3 1771/1/3
f 1778/1/3 1775/1/3 1777/1/3
f 1779/3/3 1770/3/3 1769/3/3
f 1780/3/3 1770/3/3 1779/3/3
f 1781/3/3 1770/3/3 1780/3/3
f 1782/3/3 1770/3/3 1781/3/3
f 1783/6/3 1780/6/3 1779/6/3
f 1784/3/3 1781/3/3 1780/3/3
f 1784/6/3 1780/6/3 1783/6/3
f 1785/3/3 1781/3/3 1784/3/3
f 1786/6/3 1782/6/3 1781/6/3
f 1786/3/3 1781/3/3 1785/3/3
f 1787/3/3 1770/3/3 1782/3/3
f 1787/6/3 1782/6/3 1786/6/3
f 1788/3/3 1770/3/3 1787/3/3
f 1789/3/3 1770/3/3 1788/3/3
f 1793/2/3 1791/2/3 1790/2/3
f 1794/5/3 1792/5/3 1791/5/3
f 1794/2/3 1791/2/3 1793/2/3
f 1795/5/3 1792/5/3 1794/5/3
f 1800/2/3 1797/2/3 1796/2/3
f 1800/2/3 1798/2/3 1797/2/3
f 1801/5/3 1799/5/3 1798/5/3
f 1801/2/3 1798/2/3 1800/2/3
f 1802/5/3 1799/5/3 1801/5/3
f 1805/5/3 1804/5/3 1803/5/3
f 1806/5/3 1804/5/3 1805/5/3
f 1809/5/3 1808/5/3 1807/5/3
f 1810/5/3 1808/5/3 1809/5/3
f 1813/5/3 1812/5/3 1811/5/3
f 1814/5/3 1812/5/3 1813/5/3
f 1817/5/3 1816/5/3 1815/5/3
f 1818/5/3 1816/5/3 1817/5/3
f 1819/5/3 1817/5/3 1815/5/3
f 1820/5/3 1816/5/3 1818/5/3
f 1821/5/3 1819/5/3 1815/5/3
f 1821/5/3 1820/5/3 1819/5/3
f 1822/5/3 1816/5/3 1820/5/3
f 1822/5/3 1820/5/3 1821/5/3
f 1825/5/3 1824/5/3 1823/5/3
f 1826/5/3 1824/5/3 1825/5/3
f 1831/5/3 1828/5/3 1827/5/3
f 1832/5/3 1828/5/3 1831/5/3
f 1833/4/3 1830/4/3 1829/4/3
f 1834/4/3 1830/4/3 1833/4/3
f 1837/5/3 1836/5/3 1835/5/3
f 1838/5/3 1836/5/3 1837/5/3
f 1844/5/3 1840/5/3 1839/5/3
f 1845/5/3 1840/5/3 1844/5/3
f 1846/5/3 1842/5/3 1841/5/3
f 1847/5/3 1842/5/3 1846/5/3
f 1849/1/3 1844/1/3 1843/1/3
f 1850/1/3 1844/1/3 1849/1/3
f 1851/1/3 1848/1/3 1847/1/3
f 1852/1/3 1848/1/3 1851/1/3
f 1855/2/3 1854/2/3 1853/2/3
f 1856/2/3 1854/2/3 1855/2/3
f 1857/1/3 1856/1/3 1855/1/3
f 1858/1/3 1856/1/3 1857/1/3
f 1867/5/3 1862/5/3 1861/5/3
f 1868/5/3 1862/5/3 1867/5/3
f 1869/5/3 1864/5/3 1863/5/3
f 1870/5/3 1864/5/3 1869/5/3
f 1871/5/3 1866/5/3 1865/5/3
f 1872/5/3 1866/5/3 1871/5/3
f 1873/1/3 1860/1/3 1859/1/3
f 1874/1/3 1860/1/3 1873/1/3
f 1875/2/3 1874/2/3 1873/2/3
f 1876/2/3 1874/2/3 1875/2/3
f 1885/5/3 1878/5/3 1877/5/3
f 1886/5/3 1878/5/3 1885/5/3
f 1887/5/3 1880/5/3 1879/5/3
f 1888/5/3 1880/5/3 1887/5/3
f 1891/5/3 1882/5/3 1881/5/3
f 1892/5/3 1882/5/3 1891/5/3
f 1893/1/3 1884/1/3 1883/1/3
f 1894/1/3 1884/1/3 1893/1/3
f 1895/1/3 1890/1/3 1889/1/3
f 1896/1/3 1890/1/3 1895/1/3
f 1899/2/3 1898/2/3 1897/2/3
f 1900/2/3 1898/2/3 1899/2/3
f 1901/1/3 1900/1/3 1899/1/3
f 1902/1/3 1900/1/3 1901/1/3
f 1913/5/3 1906/5/3 1905/5/3
f 1914/5/3 1906/5/3 1913/5/3
f 1915/5/3 1908/5/3 1907/5/3
f 1916/5/3 1908/5/3 1915/5/3
f 1919/5/3 1910/5/3 1909/5/3
f 1920/5/3 1910/5/3 1919/5/3
f 1921/1/3 1912/1/3 1911/1/3
f 1922/1/3 1912/1/3 1921/1/3
f 1923/1/3 1918/1/3 1917/1/3
f 1924/1/3 1918/1/3 1923/1/3
f 1925/1/3 1904/1/3 1903/1/3
f 1926/1/3 1904/1/3 1925/1/3
f 1927/2/3 1926/2/3 1925/2/3
f 1928/2/3 1926/2/3 1927/2/3
f 1931/2/3 1930/2/3 1929/2/3
f 1932/2/3 1931/2/3 1929/2/3
f 1933/2/3 1931/2/3 1932/2/3
f 1944/5/3 1937/5/3 1936/5/3
f 1945/5/3 1937/5/3 1944/5/3
f 1946/5/3 1939/5/3 1938/5/3
f 1947/5/3 1939/5/3 1946/5/3
f 1950/5/3 1941/5/3 1940/5/3
f 1951/5/3 1941/5/3 1950/5/3
f 1952/1/3 1943/1/3 1942/1/3
f 1953/1/3 1943/1/3 1952/1/3
f 1954/1/3 1949/1/3 1948/1/3
f 1955/1/3 1949/1/3 1954/1/3
f 1956/2/3 1935/2/3 1934/2/3
f 1957/2/3 1956/2/3 1934/2/3
f 1958/2/3 1956/2/3 1957/2/3
f 1961/2/3 1960/2/3 1959/2/3
f 1962/2/3 1960/2/3 1961/2/3
f 1965/2/3 1964/2/3 1963/2/3
f 1966/2/3 1964/2/3 1965/2/3
f 1971/1/3 1966/1/3 1965/1/3
f 1972/1/3 1966/1/3 1971/1/3
f 1973/1/3 1966/1/3 1972/1/3
f 1974/1/3 1966/1/3 1973/1/3
f 1976/5/3 1970/5/3 1969/5/3
f 1976/5/3 1968/5/3 1967/5/3
f 1976/5/3 1969/5/3 1968/5/3
f 1977/5/3 1970/5/3 1976/5/3
f 1979/5/3 1972/5/3 1971/5/3
f 1980/5/3 1972/5/3 1979/5/3
f 1981/1/3 1976/1/3 1975/1/3
f 1982/1/3 1976/1/3 1981/1/3
f 1983/1/3 1978/1/3 1977/1/3
f 1984/1/3 1978/1/3 1983/1/3
f 1987/2/3 1986/2/3 1985/2/3
f 1988/2/3 1986/2/3 1987/2/3
f 1991/1/3 1990/1/3 1989/1/3
f 1992/1/3 1990/1/3 1991/1/3
f 1993/1/3 1990/1/3 1992/1/3
f 1994/1/3 1990/1/3 1993/1/3
f 1997/2/3 1996/2/3 1995/2/3
f 1998/2/3 1996/2/3 1997/2/3
f 2001/1/3 2000/1/3 1999/1/3
f 2002/1/3 2000/1/3 2001/1/3
f 2005/2/3 2004/2/3 2003/2/3
f 2006/2/3 2004/2/3 2005/2/3
f 2009/1/3 2008/1/3 2007/1/3
f 2010/1/3 2008/1/3 2009/1/3
f 2013/1/3 2012/1/3 2011/1/3
f 2014/1/3 2012/1/3 2013/1/3
f 2015/1/4 2016/1/4 2017/1/4
f 2017/1/4 2016/1/4 2018/1/4
f 2019/2/4 2020/2/4 2021/2/4
f 2021/2/4 2020/2/4 2022/2/4
f 2023/1/4 2024/1/4 2025/1/4
f 2025/1/4 2024/1/4 2026/1/4
f 2027/2/4 2028/2/4 2029/2/4
f 2029/2/4 2028/2/4 2030/2/4
f 2031/1/4 2032/1/4 2033/1/4
f 2033/1/4 2032/1/4 2034/1/4
f 2035/2/4 2036/2/4 2037/2/4
f 2037/2/4 2036/2/4 2038/2/4
f 2039/1/4 2040/1/4 2041/1/4
f 2041/1/4 2040/1/4 2042/1/4
f 2042/1/4 2040/1/4 2043/1/4
f 2043/1/4 2040/1/4 2044/1/4
f 2045/2/4 2046/2/4 2047/2/4
f 2047/2/4 2046/2/4 2048/2/4
f 2049/2/4 2050/2/4 2051/2/4
f 2051/2/4 2050/2/4 2052/2/4
f 2051/1/4 2052/1/4 2057/1/4
f 2057/1/4 2052/1/4 2058/1/4
f 2058/1/4 2052/1/4 2059/1/4
f 2059/1/4 2052/1/4 2060/1/4
f 2055/5/4 2056/5/4 2062/5/4
f 2053/5/4 2054/5/4 2062/5/4
f 2054/5/4 2055/5/4 2062/5/4
f 2062/5/4 2056/5/4 2063/5/4
f 2057/5/4 2058/5/4 2065/5/4
f 2065/5/4 2058/5/4 2066/5/4
f 2061/1/4 2062/1/4 2067/1/4
f 2067/1/4 2062/1/4 2068/1/4
f 2063/1/4 2064/1/4 2069/1/4
f 2069/1/4 2064/1/4 2070/1/4
f 2071/2/4 2072/2/4 2073/2/4
f 2071/2/4 2073/2/4 2074/2/4
f 2074/2/4 2073/2/4 2075/2/4
f 2078/5/4 2079/5/4 2086/5/4
f 2086/5/4 2079/5/4 2087/5/4
f 2080/5/4 2081/5/4 2088/5/4
f 2088/5/4 2081/5/4 2089/5/4
f 2082/5/4 2083/5/4 2092/5/4
f 2092/5/4 2083/5/4 2093/5/4
f 2084/1/4 2085/1/4 2094/1/4
f 2094/1/4 2085/1/4 2095/1/4
f 2090/1/4 2091/1/4 2096/1/4
f 2096/1/4 2091/1/4 2097/1/4
f 2076/2/4 2077/2/4 2098/2/4
f 2076/2/4 2098/2/4 2099/2/4
f 2099/2/4 2098/2/4 2100/2/4
f 2101/2/4 2102/2/4 2103/2/4
f 2103/2/4 2102/2/4 2104/2/4
f 2103/1/4 2104/1/4 2105/1/4
f 2105/1/4 2104/1/4 2106/1/4
f 2109/5/4 2110/5/4 2117/5/4
f 2117/5/4 2110/5/4 2118/5/4
f 2111/5/4 2112/5/4 2119/5/4
f 2119/5/4 2112/5/4 2120/5/4
f 2113/5/4 2114/5/4 2123/5/4
f 2123/5/4 2114/5/4 2124/5/4
f 2115/1/4 2116/1/4 2125/1/4
f 2125/1/4 2116/1/4 2126/1/4
f 2121/1/4 2122/1/4 2127/1/4
f 2127/1/4 2122/1/4 2128/1/4
f 2107/1/4 2108/1/4 2129/1/4
f 2129/1/4 2108/1/4 2130/1/4
f 2129/2/4 2130/2/4 2131/2/4
f 2131/2/4 2130/2/4 2132/2/4
f 2133/5/4 2134/5/4 2141/5/4
f 2141/5/4 2134/5/4 2142/5/4
f 2135/5/4 2136/5/4 2143/5/4
f 2143/5/4 2136/5/4 2144/5/4
f 2137/5/4 2138/5/4 2147/5/4
f 2147/5/4 2138/5/4 2148/5/4
f 2139/1/4 2140/1/4 2149/1/4
f 2149/1/4 2140/1/4 2150/1/4
f 2145/1/4 2146/1/4 2151/1/4
f 2151/1/4 2146/1/4 2152/1/4
f 2153/2/4 2154/2/4 2155/2/4
f 2155/2/4 2154/2/4 2156/2/4
f 2155/1/4 2156/1/4 2157/1/4
f 2157/1/4 2156/1/4 2158/1/4
f 2161/5/4 2162/5/4 2167/5/4
f 2167/5/4 2162/5/4 2168/5/4
f 2163/5/4 2164/5/4 2169/5/4
f 2169/5/4 2164/5/4 2170/5/4
f 2165/5/4 2166/5/4 2171/5/4
f 2171/5/4 2166/5/4 2172/5/4
f 2159/1/4 2160/1/4 2173/1/4
f 2173/1/4 2160/1/4 2174/1/4
f 2173/2/4 2174/2/4 2175/2/4
f 2175/2/4 2174/2/4 2176/2/4
f 2177/5/4 2178/5/4 2182/5/4
f 2182/5/4 2178/5/4 2183/5/4
f 2179/5/4 2180/5/4 2184/5/4
f 2184/5/4 2180/5/4 2185/5/4
f 2181/1/4 2182/1/4 2187/1/4
f 2187/1/4 2182/1/4 2188/1/4
f 2185/1/4 2186/1/4 2189/1/4
f 2189/1/4 2186/1/4 2190/1/4
f 2191/5/4 2192/5/4 2193/5/4
f 2193/5/4 2192/5/4 2194/5/4
f 2195/5/4 2196/5/4 2199/5/4
f 2199/5/4 2196/5/4 2200/5/4
f 2197/5/4 2198/5/4 2201/5/4
f 2201/5/4 2198/5/4 2202/5/4
f 2203/5/4 2204/5/4 2205/5/4
f 2205/5/4 2204/5/4 2206/5/4
f 2207/5/4 2208/5/4 2209/5/4
f 2209/5/4 2208/5/4 2210/5/4
f 2207/5/4 2209/5/4 2211/5/4
f 2210/5/4 2208/5/4 2212/5/4
f 2207/5/4 2211/5/4 2213/5/4
f 2211/5/4 2212/5/4 2213/5/4
f 2212/5/4 2208/5/4 2214/5/4
f 2213/5/4 2212/5/4 2214/5/4
f 2215/5/4 2216/5/4 2217/5/4
f 2217/5/4 2216/5/4 2218/5/4
f 2219/5/4 2220/5/4 2221/5/4
f 2221/5/4 2220/5/4 2222/5/4
f 2223/5/4 2224/5/4 2225/5/4
f 2225/5/4 2224/5/4 2226/5/4
f 2227/2/4 2228/2/4 2230/2/4
f 2230/2/4 2228/2/4 2231/2/4
f 2228/5/4 2229/5/4 2232/5/4
f 2231/2/4 2228/2/4 2232/2/4
f 2232/5/4 2229/5/4 2233/5/4
f 2234/2/4 2235/2/4 2237/2/4
f 2235/5/4 2236/5/4 2238/5/4
f 2237/2/4 2235/2/4 2238/2/4
f 2238/5/4 2236/5/4 2239/5/4
f 2240/1/4 2241/1/4 2242/1/4
f 2242/1/4 2241/1/4 2243/1/4
f 2246/1/4 2247/1/4 2248/1/4
f 2246/1/4 2248/1/4 2250/1/4
f 2248/1/4 2249/1/4 2250/1/4
f 2250/1/4 2249/1/4 2251/1/4
f 2246/1/4 2250/1/4 2252/1/4
f 2252/1/4 2250/1/4 2253/1/4
f 2244/3/4 2245/3/4 2254/3/4
f 2254/3/4 2245/3/4 2255/3/4
f 2255/3/4 2245/3/4 2256/3/4
f 2256/3/4 2245/3/4 2257/3/4
f 2254/6/4 2255/6/4 2258/6/4
f 2255/3/4 2256/3/4 2259/3/4
f 2258/6/4 2255/6/4 2259/6/4
f 2259/3/4 2256/3/4 2260/3/4
f 2256/6/4 2257/6/4 2261/6/4
f 2260/3/4 2256/3/4 2261/3/4
f 2257/3/4 2245/3/4 2262/3/4
f 2261/6/4 2257/6/4 2262/6/4
f 2262/3/4 2245/3/4 2263/3/4
f 2263/3/4 2245/3/4 2264/3/4
f 2265/2/4 2266/2/4 2268/2/4
f 2266/5/4 2267/5/4 2269/5/4
f 2268/2/4 2266/2/4 2269/2/4
f 2269/5/4 2267/5/4 2270/5/4
f 2271/2/4 2272/2/4 2275/2/4
f 2272/2/4 2273/2/4 2275/2/4
f 2273/5/4 2274/5/4 2276/5/4
f 2275/2/4 2273/2/4 2276/2/4
f 2276/5/4 2274/5/4 2277/5/4
f 2278/2/4 2279/2/4 2282/2/4
f 2279/1/4 2280/1/4 2283/1/4
f 2282/2/4 2279/2/4 2283/2/4
f 2280/5/4 2281/5/4 2284/5/4
f 2283/1/4 2280/1/4 2284/1/4
f 2284/5/4 2281/5/4 2285/5/4
f 2286/2/4 2287/2/4 2291/2/4
f 2287/5/4 2288/5/4 2292/5/4
f 2291/2/4 2287/2/4 2292/2/4
f 2292/5/4 2288/5/4 2293/5/4
f 2289/5/4 2290/5/4 2294/5/4
f 2294/5/4 2290/5/4 2295/5/4
f 2296/1/4 2297/1/4 2300/1/4
f 2300/1/4 2297/1/4 2301/1/4
f 2301/1/4 2297/1/4 2302/1/4
f 2298/1/4 2299/1/4 2303/1/4
f 2303/1/4 2299/1/4 2304/1/4
f 2304/1/4 2305/1/4 2306/1/4
f 2306/1/4 2305/1/4 2307/1/4
f 2308/1/4 2309/1/4 2310/1/4
f 2310/1/4 2309/1/4 2311/1/4
f 2312/1/4 2313/1/4 2320/1/4
f 2320/1/4 2313/1/4 2321/1/4
f 2314/5/4 2315/5/4 2322/5/4
f 2315/1/4 2316/1/4 2323/1/4
f 2322/5/4 2315/5/4 2323/5/4
f 2323/1/4 2316/1/4 2324/1/4
f 2317/1/4 2318/1/4 2325/1/4
f 2325/1/4 2318/1/4 2326/1/4
f 2319/1/4 2320/1/4 2327/1/4
f 2327/1/4 2320/1/4 2328/1/4
f 2329/2/4 2330/2/4 2334/2/4
f 2330/5/4 2331/5/4 2335/5/4
f 2334/2/4 2330/2/4 2335/2/4
f 2335/5/4 2331/5/4 2336/5/4
f 2332/5/4 2333/5/4 2337/5/4
f 2337/5/4 2333/5/4 2338/5/4
f 2339/2/4 2340/2/4 2343/2/4
f 2340/1/4 2341/1/4 2344/1/4
f 2343/2/4 2340/2/4 2344/2/4
f 2341/5/4 2342/5/4 2345/5/4
f 2344/1/4 2341/1/4 2345/1/4
f 2345/5/4 2342/5/4 2346/5/4
f 2347/2/4 2348/2/4 2351/2/4
f 2348/1/4 2349/1/4 2352/1/4
f 2351/2/4 2348/2/4 2352/2/4
f 2349/5/4 2350/5/4 2353/5/4
f 2352/1/4 2349/1/4 2353/1/4
f 2353/5/4 2350/5/4 2354/5/4
f 2355/2/4 2356/2/4 2360/2/4
f 2356/5/4 2357/5/4 2361/5/4
f 2360/2/4 2356/2/4 2361/2/4
f 2361/5/4 2357/5/4 2362/5/4
f 2358/5/4 2359/5/4 2363/5/4
f 2363/5/4 2359/5/4 2364/5/4
f 2365/2/4 2366/2/4 2370/2/4
f 2366/1/4 2367/1/4 2371/1/4
f 2370/2/4 2366/2/4 2371/2/4
f 2371/1/4 2367/1/4 2372/1/4
f 2368/1/4 2369/1/4 2373/1/4
f 2373/1/4 2369/1/4 2374/1/4
f 2374/1/4 2375/1/4 2376/1/4
f 2376/1/4 2375/1/4 2377/1/4
f 2378/1/4 2379/1/4 2380/1/4
f 2380/1/4 2379/1/4 2381/1/4
f 2382/1/4 2383/1/4 2387/1/4
f 2387/1/4 2383/1/4 2388/1/4
f 2384/1/4 2385/1/4 2389/1/4
f 2389/1/4 2385/1/4 2390/1/4
f 2386/1/4 2387/1/4 2391/1/4
f 2391/1/4 2387/1/4 2392/1/4
f 2393/2/4 2394/2/4 2398/2/4
f 2394/5/4 2395/5/4 2399/5/4
f 2398/2/4 2394/2/4 2399/2/4
f 2399/5/4 2395/5/4 2400/5/4
f 2396/5/4 2397/5/4 2401/5/4
f 2401/5/4 2397/5/4 2402/5/4
f 2403/2/4 2404/2/4 2407/2/4
f 2404/1/4 2405/1/4 2408/1/4
f 2407/2/4 2404/2/4 2408/2/4
f 2405/5/4 2406/5/4 2409/5/4
f 2408/1/4 2405/1/4 2409/1/4
f 2409/5/4 2406/5/4 2410/5/4
f 2411/2/4 2412/2/4 2415/2/4
f 2412/1/4 2413/1/4 2416/1/4
f 2415/2/4 2412/2/4 2416/2/4
f 2413/5/4 2414/5/4 2417/5/4
f 2416/1/4 2413/1/4 2417/1/4
f 2417/5/4 2414/5/4 2418/5/4
f 2419/2/4 2420/2/4 2424/2/4
f 2420/5/4 2421/5/4 2425/5/4
f 2424/2/4 2420/2/4 2425/2/4
f 2425/5/4 2421/5/4 2426/5/4
f 2422/5/4 2423/5/4 2427/5/4
f 2427/5/4 2423/5/4 2428/5/4
f 2429/2/4 2430/2/4 2434/2/4
f 2430/1/4 2431/1/4 2435/1/4
f 2434/2/4 2430/2/4 2435/2/4
f 2435/1/4 2431/1/4 2436/1/4
f 2432/1/4 2433/1/4 2437/1/4
f 2437/1/4 2433/1/4 2438/1/4
f 2438/1/4 2439/1/4 2440/1/4
f 2440/1/4 2439/1/4 2441/1/4
f 2442/1/4 2443/1/4 2447/1/4
f 2447/1/4 2443/1/4 2448/1/4
f 2444/1/4 2445/1/4 2449/1/4
f 2449/1/4 2445/1/4 2450/1/4
f 2446/1/4 2447/1/4 2451/1/4
f 2451/1/4 2447/1/4 2452/1/4
f 2453/2/4 2454/2/4 2458/2/4
f 2454/5/4 2455/5/4 2459/5/4
f 2458/2/4 2454/2/4 2459/2/4
f 2459/5/4 2455/5/4 2460/5/4
f 2456/5/4 2457/5/4 2461/5/4
f 2461/5/4 2457/5/4 2462/5/4
f 2463/2/4 2464/2/4 2467/2/4
f 2464/1/4 2465/1/4 2468/1/4
f 2467/2/4 2464/2/4 2468/2/4
f 2465/5/4 2466/5/4 2469/5/4
f 2468/1/4 2465/1/4 2469/1/4
f 2469/5/4 2466/5/4 2470/5/4
f 2471/2/4 2472/2/4 2475/2/4
f 2472/1/4 2473/1/4 2476/1/4
f 2475/2/4 2472/2/4 2476/2/4
f 2473/5/4 2474/5/4 2477/5/4
f 2476/1/4 2473/1/4 2477/1/4
f 2477/5/4 2474/5/4 2478/5/4
f 2479/2/4 2480/2/4 2484/2/4
f 2480/5/4 2481/5/4 2485/5/4
f 2484/2/4 2480/2/4 2485/2/4
f 2485/5/4 2481/5/4 2486/5/4
f 2482/5/4 2483/5/4 2487/5/4
f 2487/5/4 2483/5/4 2488/5/4
f 2489/1/4 2490/1/4 2493/1/4
f 2493/1/4 2490/1/4 2494/1/4
f 2491/1/4 2492/1/4 2495/1/4
f 2495/1/4 2492/1/4 2496/1/4
f 2496/1/4 2497/1/4 2498/1/4
f 2498/1/4 2497/1/4 2499/1/4
f 2499/1/4 2497/1/4 2501/1/4
f 2500/1/4 2501/1/4 2505/1/4
f 2501/1/4 2497/1/4 2506/1/4
f 2505/1/4 2501/1/4 2506/1/4
f 2502/1/4 2503/1/4 2507/1/4
f 2507/1/4 2503/1/4 2508/1/4
f 2504/1/4 2505/1/4 2509/1/4
f 2509/1/4 2505/1/4 2510/1/4
f 2511/2/4 2512/2/4 2516/2/4
f 2512/5/4 2513/5/4 2517/5/4
f 2516/2/4 2512/2/4 2517/2/4
f 2517/5/4 2513/5/4 2518/5/4
f 2514/5/4 2515/5/4 2519/5/4
f 2519/5/4 2515/5/4 2520/5/4
f 2521/2/4 2522/2/4 2525/2/4
f 2522/1/4 2523/1/4 2526/1/4
f 2525/2/4 2522/2/4 2526/2/4
f 2523/5/4 2524/5/4 2527/5/4
f 2526/1/4 2523/1/4 2527/1/4
f 2527/5/4 2524/5/4 2528/5/4
f 2529/2/4 2530/2/4 2533/2/4
f 2530/1/4 2531/1/4 2534/1/4
f 2533/2/4 2530/2/4 2534/2/4
f 2531/5/4 2532/5/4 2535/5/4
f 2534/1/4 2531/1/4 2535/1/4
f 2535/5/4 2532/5/4 2536/5/4
f 2537/2/4 2538/2/4 2542/2/4
f 2538/5/4 2539/5/4 2543/5/4
f 2542/2/4 2538/2/4 2543/2/4
f 2543/5/4 2539/5/4 2544/5/4
f 2540/5/4 2541/5/4 2545/5/4
f 2545/5/4 2541/5/4 2546/5/4
f 2549/1/4 2550/1/4 2551/1/4
f 2549/1/4 2551/1/4 2553/1/4
f 2551/1/4 2552/1/4 2553/1/4
f 2553/1/4 2552/1/4 2554/1/4
f 2547/1/4 2548/1/4 2555/1/4
f 2555/1/4 2548/1/4 2556/1/4
f 2549/1/4 2553/1/4 2557/1/4
f 2557/1/4 2553/1/4 2558/1/4
f 2559/2/4 2560/2/4 2564/2/4
f 2560/5/4 2561/5/4 2565/5/4
f 2564/2/4 2560/2/4 2565/2/4
f 2565/5/4 2561/5/4 2566/5/4
f 2562/5/4 2563/5/4 2567/5/4
f 2567/5/4 2563/5/4 2568/5/4
f 2569/2/4 2570/2/4 2573/2/4
f 2570/1/4 2571/1/4 2574/1/4
f 2573/2/4 2570/2/4 2574/2/4
f 2571/5/4 2572/5/4 2575/5/4
f 2574/1/4 2571/1/4 2575/1/4
f 2575/5/4 2572/5/4 2576/5/4
f 2577/2/4 2578/2/4 2581/2/4
f 2578/1/4 2579/1/4 2582/1/4
f 2581/2/4 2578/2/4 2582/2/4
f 2579/5/4 2580/5/4 2583/5/4
f 2582/1/4 2579/1/4 2583/1/4
f 2583/5/4 2580/5/4 2584/5/4
f 2585/2/4 2586/2/4 2590/2/4
f 2586/5/4 2587/5/4 2591/5/4
f 2590/2/4 2586/2/4 2591/2/4
f 2591/5/4 2587/5/4 2592/5/4
f 2588/5/4 2589/5/4 2593/5/4
f 2593/5/4 2589/5/4 2594/5/4
f 2595/2/4 2596/2/4 2600/2/4
f 2596/5/4 2597/5/4 2601/5/4
f 2600/2/4 2596/2/4 2601/2/4
f 2601/5/4 2597/5/4 2602/5/4
f 2598/5/4 2599/5/4 2603/5/4
f 2603/5/4 2599/5/4 2604/5/4
f 2605/2/4 2606/2/4 2609/2/4
f 2606/1/4 2607/1/4 2610/1/4
f 2609/2/4 2606/2/4 2610/2/4
f 2607/5/4 2608/5/4 2611/5/4
f 2610/1/4 2607/1/4 2611/1/4
f 2611/5/4 2608/5/4 2612/5/4
f 2613/2/4 2614/2/4 2617/2/4
f 2614/1/4 2615/1/4 2618/1/4
f 2617/2/4 2614/2/4 2618/2/4
f 2615/5/4 2616/5/4 2619/5/4
f 2618/1/4 2615/1/4 2619/1/4
f 2619/5/4 2616/5/4 2620/5/4
f 2621/2/4 2622/2/4 2626/2/4
f 2622/5/4 2623/5/4 2627/5/4
f 2626/2/4 2622/2/4 2627/2/4
f 2627/5/4 2623/5/4 2628/5/4
f 2624/5/4 2625/5/4 2629/5/4
f 2629/5/4 2625/5/4 2630/5/4
f 2631/2/4 2632/2/4 2635/2/4
f 2632/1/4 2633/1/4 2636/1/4
f 2635/2/4 2632/2/4 2636/2/4
f 2633/5/4 2634/5/4 2637/5/4
f 2636/1/4 2633/1/4 2637/1/4
f 2637/5/4 2634/5/4 2638/5/4
f 2639/2/4 2640/2/4 2643/2/4
f 2640/1/4 2641/1/4 2644/1/4
f 2643/2/4 2640/2/4 2644/2/4
f 2641/5/4 2642/5/4 2645/5/4
f 2644/1/4 2641/1/4 2645/1/4
f 2645/5/4 2642/5/4 2646/5/4
f 2647/2/4 2648/2/4 2651/2/4
f 2648/1/4 2649/1/4 2652/1/4
f 2651/2/4 2648/2/4 2652/2/4
f 2649/5/4 2650/5/4 2653/5/4
f 2652/1/4 2649/1/4 2653/1/4
f 2653/5/4 2650/5/4 2654/5/4
f 2655/2/4 2656/2/4 2658/2/4
f 2658/2/4 2656/2/4 2659/2/4
f 2659/2/4 2656/2/4 2660/2/4
f 2660/2/4 2656/2/4 2661/2/4
f 2661/2/4 2656/2/4 2662/2/4
f 2662/2/4 2656/2/4 2663/2/4
f 2663/2/4 2656/2/4 2665/2/4
f 2664/2/4 2665/2/4 2667/2/4
f 2666/2/4 2667/2/4 2669/2/4
f 2668/2/4 2669/2/4 2670/2/4
f 2656/5/4 2657/5/4 2671/5/4
f 2670/2/4 2669/2/4 2671/2/4
f 2665/2/4 2656/2/4 2671/2/4
f 2669/2/4 2667/2/4 2671/2/4
f 2667/2/4 2665/2/4 2671/2/4
f 2671/5/4 2657/5/4 2672/5/4
f 2678/2/5 2674/2/5 2673/2/5
f 2679/2/5 2676/2/5 2675/2/5
f 2682/2/5 2678/2/5 2677/2/5
f 2683/2/5 2680/2/5 2679/2/5
f 2686/2/5 2682/2/5 2681/2/5
f 2687/2/5 2684/2/5 2683/2/5
f 2690/2/5 2686/2/5 2685/2/5
f 2691/2/5 2688/2/5 2687/2/5
f 2694/2/5 2690/2/5 2689/2/5
f 2695/2/5 2692/2/5 2691/2/5
f 2698/2/5 2694/2/5 2693/2/5
f 2699/2/5 2696/2/5 2695/2/5
f 2702/2/5 2698/2/5 2697/2/5
f 2703/2/5 2700/2/5 2699/2/5
f 2706/2/5 2702/2/5 2701/2/5
f 2707/2/5 2704/2/5 2703/2/5
f 2710/2/5 2706/2/5 2705/2/5
f 2711/2/5 2708/2/5 2707/2/5
f 2713/2/5 2710/2/5 2709/2/5
f 2714/2/5 2674/2/5 2678/2/5
f 2714/2/5 2710/2/5 2713/2/5
f 2714/2/5 2678/2/5 2682/2/5
f 2714/2/5 2682/2/5 2686/2/5
f 2714/2/5 2706/2/5 2710/2/5
f 2714/2/5 2686/2/5 2690/2/5
f 2714/2/5 2690/2/5 2694/2/5
f 2714/2/5 2702/2/5 2706/2/5
f 2714/2/5 2694/2/5 2698/2/5
f 2714/2/5 2698/2/5 2702/2/5
f 2715/2/5 2712/2/5 2711/2/5
f 2715/2/5 2679/2/5 2675/2/5
f 2715/2/5 2711/2/5 2707/2/5
f 2715/2/5 2699/2/5 2695/2/5
f 2715/2/5 2703/2/5 2699/2/5
f 2715/2/5 2683/2/5 2679/2/5
f 2715/2/5 2695/2/5 2691/2/5
f 2715/2/5 2687/2/5 2683/2/5
f 2715/2/5 2707/2/5 2703/2/5
f 2715/2/5 2691/2/5 2687/2/5
f 2716/2/5 2712/2/5 2715/2/5
f 2721/2/5 2718/2/5 2717/2/5
f 2722/2/5 2718/2/5 2721/2/5
f 2723/2/5 2720/2/5 2719/2/5
f 2724/2/5 2720/2/5 2723/2/5
f 2725/2/5 2718/2/5 2722/2/5
f 2726/2/5 2718/2/5 2725/2/5
f 2727/2/5 2723/2/5 2719/2/5
f 2728/2/5 2723/2/5 2727/2/5
f 2729/2/5 2718/2/5 2726/2/5
f 2730/2/5 2718/2/5 2729/2/5
f 2731/2/5 2727/2/5 2719/2/5
f 2732/2/5 2727/2/5 2731/2/5
f 2733/2/5 2718/2/5 2730/2/5
f 2734/2/5 2718/2/5 2733/2/5
f 2735/2/5 2731/2/5 2719/2/5
f 2736/2/5 2731/2/5 2735/2/5
f 2737/2/5 2718/2/5 2734/2/5
f 2738/2/5 2718/2/5 2737/2/5
f 2739/2/5 2735/2/5 2719/2/5
f 2740/2/5 2735/2/5 2739/2/5
f 2741/2/5 2718/2/5 2738/2/5
f 2742/2/5 2718/2/5 2741/2/5
f 2743/2/5 2739/2/5 2719/2/5
f 2744/2/5 2739/2/5 2743/2/5
f 2745/2/5 2718/2/5 2742/2/5
f 2746/2/5 2718/2/5 2745/2/5
f 2747/2/5 2743/2/5 2719/2/5
f 2748/2/5 2743/2/5 2747/2/5
f 2749/2/5 2718/2/5 2746/2/5
f 2750/2/5 2718/2/5 2749/2/5
f 2751/2/5 2747/2/5 2719/2/5
f 2752/2/5 2747/2/5 2751/2/5
f 2753/2/5 2718/2/5 2750/2/5
f 2754/2/5 2718/2/5 2753/2/5
f 2755/2/5 2751/2/5 2719/2/5
f 2756/2/5 2751/2/5 2755/2/5
f 2757/2/5 2718/2/5 2754/2/5
f 2758/2/5 2718/2/5 2757/2/5
f 2759/2/5 2755/2/5 2719/2/5
f 2760/2/5 2755/2/5 2759/2/5
f 2765/2/5 2762/2/5 2761/2/5
f 2766/2/5 2762/2/5 2765/2/5
f 2767/2/5 2764/2/5 2763/2/5
f 2768/2/5 2764/2/5 2767/2/5
f 2771/1/5 2766/1/5 2765/1/5
f 2772/1/5 2768/1/5 2767/1/5
f 2775/2/5 2770/2/5 2769/2/5
f 2776/1/5 2771/1/5 2770/1/5
f 2776/2/5 2770/2/5 2775/2/5
f 2777/1/5 2766/1/5 2771/1/5
f 2777/1/5 2771/1/5 2776/1/5
f 2778/1/5 2772/1/5 2767/1/5
f 2778/1/5 2773/1/5 2772/1/5
f 2779/2/5 2774/2/5 2773/2/5
f 2779/1/5 2773/1/5 2778/1/5
f 2780/2/5 2774/2/5 2779/2/5
f 2787/2/5 2782/2/5 2781/2/5
f 2788/1/5 2783/1/5 2782/1/5
f 2788/2/5 2782/2/5 2787/2/5
f 2789/1/5 2783/1/5 2788/1/5
f 2790/1/5 2785/1/5 2784/1/5
f 2791/2/5 2786/2/5 2785/2/5
f 2791/1/5 2785/1/5 2790/1/5
f 2792/2/5 2786/2/5 2791/2/5
f 2793/1/5 2783/1/5 2789/1/5
f 2794/1/5 2783/1/5 2793/1/5
f 2795/1/5 2790/1/5 2784/1/5
f 2796/1/5 2790/1/5 2795/1/5
f 2797/2/5 2794/2/5 2793/2/5
f 2798/2/5 2794/2/5 2797/2/5
f 2799/2/5 2796/2/5 2795/2/5
f 2800/2/5 2796/2/5 2799/2/5
f 2805/2/5 2802/2/5 2801/2/5
f 2806/2/5 2802/2/5 2805/2/5
f 2807/2/5 2804/2/5 2803/2/5
f 2808/2/5 2804/2/5 2807/2/5
f 2811/1/5 2806/1/5 2805/1/5
f 2812/1/5 2808/1/5 2807/1/5
f 2815/2/5 2810/2/5 2809/2/5
f 2816/1/5 2811/1/5 2810/1/5
f 2816/2/5 2810/2/5 2815/2/5
f 2817/1/5 2806/1/5 2811/1/5
f 2817/1/5 2811/1/5 2816/1/5
f 2818/1/5 2812/1/5 2807/1/5
f 2818/1/5 2813/1/5 2812/1/5
f 2819/2/5 2814/2/5 2813/2/5
f 2819/1/5 2813/1/5 2818/1/5
f 2820/2/5 2814/2/5 2819/2/5
f 2827/2/5 2822/2/5 2821/2/5
f 2828/1/5 2823/1/5 2822/1/5
f 2828/2/5 2822/2/5 2827/2/5
f 2829/1/5 2823/1/5 2828/1/5
f 2830/1/5 2825/1/5 2824/1/5
f 2831/2/5 2826/2/5 2825/2/5
f 2831/1/5 2825/1/5 2830/1/5
f 2832/2/5 2826/2/5 2831/2/5
f 2833/1/5 2823/1/5 2829/1/5
f 2834/1/5 2823/1/5 2833/1/5
f 2835/1/5 2830/1/5 2824/1/5
f 2836/1/5 2830/1/5 2835/1/5
f 2837/2/5 2834/2/5 2833/2/5
f 2838/2/5 2834/2/5 2837/2/5
f 2839/2/5 2836/2/5 2835/2/5
f 2840/2/5 2836/2/5 2839/2/5
f 2843/2/5 2842/2/5 2841/2/5
f 2844/2/5 2842/2/5 2843/2/5
f 2847/1/5 2844/1/5 2843/1/5
f 2848/1/5 2844/1/5 2847/1/5
f 2851/2/5 2846/2/5 2845/2/5
f 2852/1/5 2848/1/5 2847/1/5
f 2852/2/5 2846/2/5 2851/2/5
f 2852/1/5 2847/1/5 2846/1/5
f 2852/1/5 2849/1/5 2848/1/5
f 2853/1/5 2849/1/5 2852/1/5
f 2854/1/5 2849/1/5 2853/1/5
f 2855/2/5 2850/2/5 2849/2/5
f 2855/1/5 2849/1/5 2854/1/5
f 2856/2/5 2850/2/5 2855/2/5
f 2857/1/5 2854/1/5 2853/1/5
f 2858/1/5 2854/1/5 2857/1/5
f 2859/2/5 2858/2/5 2857/2/5
f 2860/2/5 2858/2/5 2859/2/5
f 2863/5/5 2862/5/5 2861/5/5
f 2864/5/5 2862/5/5 2863/5/5
f 2867/5/5 2866/5/5 2865/5/5
f 2868/5/5 2866/5/5 2867/5/5
f 2869/5/5 2867/5/5 2865/5/5
f 2870/5/5 2866/5/5 2868/5/5
f 2871/5/5 2869/5/5 2865/5/5
f 2871/5/5 2870/5/5 2869/5/5
f 2872/5/5 2866/5/5 2870/5/5
f 2872/5/5 2870/5/5 2871/5/5
f 2875/5/5 2874/5/5 2873/5/5
f 2876/5/5 2874/5/5 2875/5/5
f 2881/5/5 2878/5/5 2877/5/5
f 2882/5/5 2878/5/5 2881/5/5
f 2883/5/5 2880/5/5 2879/5/5
f 2884/5/5 2880/5/5 2883/5/5
f 2887/5/5 2886/5/5 2885/5/5
f 2888/5/5 2886/5/5 2887/5/5
f 2891/5/5 2890/5/5 2889/5/5
f 2892/5/5 2890/5/5 2891/5/5
f 2895/5/5 2894/5/5 2893/5/5
f 2896/5/5 2894/5/5 2895/5/5
f 2899/5/5 2898/5/5 2897/5/5
f 2900/5/5 2898/5/5 2899/5/5
f 2903/5/5 2902/5/5 2901/5/5
f 2904/5/5 2902/5/5 2903/5/5
f 2907/5/5 2906/5/5 2905/5/5
f 2908/5/5 2906/5/5 2907/5/5
f 2911/5/5 2910/5/5 2909/5/5
f 2912/5/5 2910/5/5 2911/5/5
f 2915/5/5 2914/5/5 2913/5/5
f 2916/5/5 2914/5/5 2915/5/5
f 2919/5/5 2918/5/5 2917/5/5
f 2920/5/5 2918/5/5 2919/5/5
f 2923/1/5 2922/1/5 2921/1/5
f 2925/1/5 2924/1/5 2923/1/5
f 2928/1/5 2923/1/5 2921/1/5
f 2928/1/5 2926/1/5 2925/1/5
f 2928/1/5 2925/1/5 2923/1/5
f 2929/1/5 2926/1/5 2928/1/5
f 2932/1/5 2928/1/5 2927/1/5
f 2932/1/5 2931/1/5 2930/1/5
f 2932/1/5 2930/1/5 2929/1/5
f 2932/1/5 2929/1/5 2928/1/5
f 2933/1/5 2932/1/5 2927/1/5
f 2935/1/5 2933/1/5 2927/1/5
f 2936/1/5 2933/1/5 2935/1/5
f 2937/1/5 2935/1/5 2927/1/5
f 2938/1/5 2933/1/5 2936/1/5
f 2939/1/5 2937/1/5 2927/1/5
f 2940/1/5 2933/1/5 2938/1/5
f 2941/5/5 2934/5/5 2933/5/5
f 2941/1/5 2940/1/5 2939/1/5
f 2941/1/5 2933/1/5 2940/1/5
f 2942/5/5 2934/5/5 2941/5/5
f 2943/1/5 2941/1/5 2939/1/5
f 2944/1/5 2939/1/5 2927/1/5
f 2944/1/5 2943/1/5 2939/1/5
f 2945/1/5 2943/1/5 2944/1/5
f 2946/1/5 2943/1/5 2945/1/5
f 2947/1/5 2943/1/5 2946/1/5
f 2948/1/5 2943/1/5 2947/1/5
f 2949/1/5 2946/1/5 2945/1/5
f 2950/1/5 2946/1/5 2949/1/5
f 2951/1/5 2949/1/5 2945/1/5
f 2952/1/5 2949/1/5 2951/1/5
f 2953/1/5 2951/1/5 2945/1/5
f 2954/1/5 2951/1/5 2953/1/5
f 2958/1/5 2956/1/5 2955/1/5
f 2959/1/5 2956/1/5 2958/1/5
f 2960/5/5 2958/5/5 2957/5/5
f 2961/5/5 2958/5/5 2960/5/5
f 2964/5/5 2963/5/5 2962/5/5
f 2965/5/5 2963/5/5 2964/5/5
f 2967/1/5 2966/1/5 2965/1/5
f 2968/1/5 2966/1/5 2967/1/5
f 2971/5/5 2970/5/5 2969/5/5
f 2972/5/5 2970/5/5 2971/5/5
f 2975/5/5 2974/5/5 2973/5/5
f 2976/5/5 2974/5/5 2975/5/5
f 2979/1/5 2978/1/5 2977/1/5
f 2980/1/5 2978/1/5 2979/1/5
f 2983/5/5 2982/5/5 2981/5/5
f 2984/5/5 2982/5/5 2983/5/5
f 2987/5/5 2986/5/5 2985/5/5
f 2988/5/5 2986/5/5 2987/5/5
f 2991/1/5 2990/1/5 2989/1/5
f 2992/1/5 2990/1/5 2991/1/5
f 2995/1/5 2994/1/5 2993/1/5
f 2996/1/5 2994/1/5 2995/1/5
f 2999/5/5 2998/5/5 2997/5/5
f 3000/5/5 2998/5/5 2999/5/5
f 3003/5/5 3002/5/5 3001/5/5
f 3004/5/5 3002/5/5 3003/5/5
f 3007/1/5 3006/1/5 3005/1/5
f 3008/1/5 3006/1/5 3007/1/5
f 3011/1/5 3010/1/5 3009/1/5
f 3013/1/5 3012/1/5 3011/1/5
f 3015/1/5 3014/1/5 3013/1/5
f 3017/1/5 3011/1/5 3009/1/5
f 3017/1/5 3016/1/5 3015/1/5
f 3017/1/5 3015/1/5 3013/1/5
f 3017/1/5 3013/1/5 3011/1/5
f 3018/1/5 3016/1/5 3017/1/5
f 3021/1/5 3020/1/5 3019/1/5
f 3022/1/5 3020/1/5 3021/1/5
f 3025/5/5 3024/5/5 3023/5/5
f 3026/5/5 3024/5/5 3025/5/5
f 3029/5/5 3028/5/5 3027/5/5
f 3030/5/5 3028/5/5 3029/5/5
f 3033/1/5 3032/1/5 3031/1/5
f 3034/1/5 3032/1/5 3033/1/5
f 3037/1/5 3036/1/5 3035/1/5
f 3038/1/5 3036/1/5 3037/1/5
f 3039/1/5 3037/1/5 3035/1/5
f 3040/1/5 3037/1/5 3039/1/5
f 3041/1/5 3039/1/5 3035/1/5
f 3042/1/5 3039/1/5 3041/1/5
f 3043/1/5 3041/1/5 3035/1/5
f 3044/1/5 3041/1/5 3043/1/5
f 3048/1/5 3046/1/5 3045/1/5
f 3049/1/5 3046/1/5 3048/1/5
f 3050/5/5 3048/5/5 3047/5/5
f 3051/5/5 3048/5/5 3050/5/5
f 3052/5/5 3048/5/5 3051/5/5
f 3053/5/5 3048/5/5 3052/5/5
f 3055/1/5 3054/1/5 3053/1/5
f 3056/1/5 3054/1/5 3055/1/5
f 3059/1/5 3058/1/5 3057/1/5
f 3060/1/5 3058/1/5 3059/1/5
f 3064/5/5 3062/5/5 3061/5/5
f 3065/5/5 3062/5/5 3064/5/5
f 3068/5/5 3064/5/5 3063/5/5
f 3068/5/5 3066/5/5 3065/5/5
f 3068/5/5 3065/5/5 3064/5/5
f 3069/5/5 3066/5/5 3068/5/5
f 3070/5/5 3066/5/5 3069/5/5
f 3071/5/5 3066/5/5 3070/5/5
f 3074/5/5 3068/5/5 3067/5/5
f 3074/5/5 3069/5/5 3068/5/5
f 3075/5/5 3069/5/5 3074/5/5
f 3076/5/5 3069/5/5 3075/5/5
f 3077/5/5 3071/5/5 3070/5/5
f 3077/5/5 3072/5/5 3071/5/5
f 3078/5/5 3072/5/5 3077/5/5
f 3079/5/5 3072/5/5 3078/5/5
f 3082/5/5 3075/5/5 3074/5/5
f 3082/5/5 3074/5/5 3073/5/5
f 3083/5/5 3075/5/5 3082/5/5
f 3084/5/5 3075/5/5 3083/5/5
f 3085/5/5 3080/5/5 3079/5/5
f 3085/5/5 3079/5/5 3078/5/5
f 3086/5/5 3080/5/5 3085/5/5
f 3087/5/5 3080/5/5 3086/5/5
f 3090/5/5 3083/5/5 3082/5/5
f 3090/5/5 3082/5/5 3081/5/5
f 3091/5/5 3083/5/5 3090/5/5
f 3092/5/5 3083/5/5 3091/5/5
f 3093/5/5 3088/5/5 3087/5/5
f 3093/5/5 3087/5/5 3086/5/5
f 3094/5/5 3088/5/5 3093/5/5
f 3095/5/5 3088/5/5 3094/5/5
f 3098/5/5 3091/5/5 3090/5/5
f 3098/5/5 3090/5/5 3089/5/5
f 3099/5/5 3091/5/5 3098/5/5
f 3100/5/5 3091/5/5 3099/5/5
f 3101/5/5 3096/5/5 3095/5/5
f 3101/5/5 3095/5/5 3094/5/5
f 3102/5/5 3096/5/5 3101/5/5
f 3103/5/5 3096/5/5 3102/5/5
f 3105/5/5 3099/5/5 3098/5/5
f 3105/5/5 3098/5/5 3097/5/5
f 3106/5/5 3099/5/5 3105/5/5
f 3107/5/5 3105/5/5 3097/5/5
f 3109/5/5 3107/5/5 3097/5/5
f 3109/5/5 3108/5/5 3107/5/5
f 3110/5/5 3108/5/5 3109/5/5
f 3111/5/5 3108/5/5 3110/5/5
f 3114/5/5 3104/5/5 3103/5/5
f 3114/5/5 3103/5/5 3102/5/5
f 3115/5/5 3104/5/5 3114/5/5
f 3116/5/5 3104/5/5 3115/5/5
f 3117/5/5 3112/5/5 3111/5/5
f 3117/5/5 3111/5/5 3110/5/5
f 3118/5/5 3112/5/5 3117/5/5
f 3119/5/5 3112/5/5 3118/5/5
f 3122/5/5 3115/5/5 3114/5/5
f 3122/5/5 3114/5/5 3113/5/5
f 3123/5/5 3115/5/5 3122/5/5
f 3124/5/5 3115/5/5 3123/5/5
f 3125/5/5 3120/5/5 3119/5/5
f 3125/5/5 3119/5/5 3118/5/5
f 3126/5/5 3120/5/5 3125/5/5
f 3127/5/5 3120/5/5 3126/5/5
f 3130/5/5 3123/5/5 3122/5/5
f 3130/5/5 3122/5/5 3121/5/5
f 3131/5/5 3123/5/5 3130/5/5
f 3132/5/5 3123/5/5 3131/5/5
f 3133/5/5 3128/5/5 3127/5/5
f 3133/5/5 3127/5/5 3126/5/5
f 3134/5/5 3128/5/5 3133/5/5
f 3135/5/5 3128/5/5 3134/5/5
f 3138/5/5 3131/5/5 3130/5/5
f 3138/5/5 3130/5/5 3129/5/5
f 3139/5/5 3131/5/5 3138/5/5
f 3140/5/5 3131/5/5 3139/5/5
f 3141/5/5 3136/5/5 3135/5/5
f 3141/5/5 3135/5/5 3134/5/5
f 3142/5/5 3136/5/5 3141/5/5
f 3143/5/5 3136/5/5 3142/5/5
f 3144/5/5 3139/5/5 3138/5/5
f 3144/5/5 3138/5/5 3137/5/5
f 3145/5/5 3139/5/5 3144/5/5
f 3146/5/5 3139/5/5 3145/5/5
f 3147/5/5 3143/5/5 3142/5/5
f 3147/5/5 3145/5/5 3144/5/5
f 3147/5/5 3144/5/5 3143/5/5
f 3148/5/5 3145/5/5 3147/5/5
f 3149/5/5 3145/5/5 3148/5/5
f 3150/5/5 3145/5/5 3149/5/5
f 3151/5/5 3149/5/5 3148/5/5
f 3152/5/5 3149/5/5 3151/5/5
f 3153/5/6 3154/5/6 3156/5/6
f 3156/5/6 3154/5/6 3157/5/6
f 3155/5/6 3156/5/6 3160/5/6
f 3157/5/6 3158/5/6 3160/5/6
f 3156/5/6 3157/5/6 3160/5/6
f 3160/5/6 3158/5/6 3161/5/6
f 3161/5/6 3158/5/6 3162/5/6
f 3162/5/6 3158/5/6 3163/5/6
f 3159/5/6 3160/5/6 3166/5/6
f 3160/5/6 3161/5/6 3166/5/6
f 3166/5/6 3161/5/6 3167/5/6
f 3167/5/6 3161/5/6 3168/5/6
f 3162/5/6 3163/5/6 3169/5/6
f 3163/5/6 3164/5/6 3169/5/6
f 3169/5/6 3164/5/6 3170/5/6
f 3170/5/6 3164/5/6 3171/5/6
f 3166/5/6 3167/5/6 3174/5/6
f 3165/5/6 3166/5/6 3174/5/6
f 3174/5/6 3167/5/6 3175/5/6
f 3175/5/6 3167/5/6 3176/5/6
f 3171/5/6 3172/5/6 3177/5/6
f 3170/5/6 3171/5/6 3177/5/6
f 3177/5/6 3172/5/6 3178/5/6
f 3178/5/6 3172/5/6 3179/5/6
f 3174/5/6 3175/5/6 3182/5/6
f 3173/5/6 3174/5/6 3182/5/6
f 3182/5/6 3175/5/6 3183/5/6
f 3183/5/6 3175/5/6 3184/5/6
f 3179/5/6 3180/5/6 3185/5/6
f 3178/5/6 3179/5/6 3185/5/6
f 3185/5/6 3180/5/6 3186/5/6
f 3186/5/6 3180/5/6 3187/5/6
f 3182/5/6 3183/5/6 3190/5/6
f 3181/5/6 3182/5/6 3190/5/6
f 3190/5/6 3183/5/6 3191/5/6
f 3191/5/6 3183/5/6 3192/5/6
f 3187/5/6 3188/5/6 3193/5/6
f 3186/5/6 3187/5/6 3193/5/6
f 3193/5/6 3188/5/6 3194/5/6
f 3194/5/6 3188/5/6 3195/5/6
f 3190/5/6 3191/5/6 3198/5/6
f 3189/5/6 3190/5/6 3198/5/6
f 3198/5/6 3191/5/6 3199/5/6
f 3199/5/6 3191/5/6 3200/5/6
f 3195/5/6 3196/5/6 3201/5/6
f 3194/5/6 3195/5/6 3201/5/6
f 3201/5/6 3196/5/6 3202/5/6
f 3202/5/6 3196/5/6 3203/5/6
f 3198/5/6 3199/5/6 3206/5/6
f 3197/5/6 3198/5/6 3206/5/6
f 3206/5/6 3199/5/6 3207/5/6
f 3207/5/6 3199/5/6 3208/5/6
f 3203/5/6 3204/5/6 3209/5/6
f 3202/5/6 3203/5/6 3209/5/6
f 3209/5/6 3204/5/6 3210/5/6
f 3210/5/6 3204/5/6 3211/5/6
f 3206/5/6 3207/5/6 3214/5/6
f 3205/5/6 3206/5/6 3214/5/6
f 3214/5/6 3207/5/6 3215/5/6
f 3215/5/6 3207/5/6 3216/5/6
f 3211/5/6 3212/5/6 3217/5/6
f 3210/5/6 3211/5/6 3217/5/6
f 3217/5/6 3212/5/6 3218/5/6
f 3218/5/6 3212/5/6 3219/5/6
f 3214/5/6 3215/5/6 3221/5/6
f 3213/5/6 3214/5/6 3221/5/6
f 3221/5/6 3215/5/6 3222/5/6
f 3222/5/6 3215/5/6 3223/5/6
f 3219/5/6 3220/5/6 3226/5/6
f 3218/5/6 3219/5/6 3226/5/6
f 3226/5/6 3220/5/6 3227/5/6
f 3227/5/6 3220/5/6 3228/5/6
f 3223/5/6 3224/5/6 3229/5/6
f 3222/5/6 3223/5/6 3229/5/6
f 3229/5/6 3224/5/6 3230/5/6
f 3230/5/6 3224/5/6 3231/5/6
f 3226/5/6 3227/5/6 3234/5/6
f 3225/5/6 3226/5/6 3234/5/6
f 3234/5/6 3227/5/6 3235/5/6
f 3235/5/6 3227/5/6 3236/5/6
f 3231/5/6 3232/5/6 3237/5/6
f 3230/5/6 3231/5/6 3237/5/6
f 3237/5/6 3232/5/6 3238/5/6
f 3238/5/6 3232/5/6 3239/5/6
f 3234/5/6 3235/5/6 3242/5/6
f 3233/5/6 3234/5/6 3242/5/6
f 3242/5/6 3235/5/6 3243/5/6
f 3243/5/6 3235/5/6 3244/5/6
f 3239/5/6 3240/5/6 3245/5/6
f 3238/5/6 3239/5/6 3245/5/6
f 3245/5/6 3240/5/6 3246/5/6
f 3246/5/6 3240/5/6 3247/5/6
f 3242/5/6 3243/5/6 3250/5/6
f 3241/5/6 3242/5/6 3250/5/6
f 3250/5/6 3243/5/6 3251/5/6
f 3251/5/6 3243/5/6 3252/5/6
f 3247/5/6 3248/5/6 3253/5/6
f 3246/5/6 3247/5/6 3253/5/6
f 3253/5/6 3248/5/6 3254/5/6
f 3254/5/6 3248/5/6 3255/5/6
f 3250/5/6 3251/5/6 3258/5/6
f 3249/5/6 3250/5/6 3258/5/6
f 3258/5/6 3251/5/6 3259/5/6
f 3259/5/6 3251/5/6 3260/5/6
f 3255/5/6 3256/5/6 3261/5/6
f 3254/5/6 3255/5/6 3261/5/6
f 3261/5/6 3256/5/6 3262/5/6
f 3262/5/6 3256/5/6 3263/5/6
f 3258/5/6 3259/5/6 3266/5/6
f 3257/5/6 3258/5/6 3266/5/6
f 3266/5/6 3259/5/6 3267/5/6
f 3267/5/6 3259/5/6 3268/5/6
f 3263/5/6 3264/5/6 3269/5/6
f 3262/5/6 3263/5/6 3269/5/6
f 3269/5/6 3264/5/6 3270/5/6
f 3270/5/6 3264/5/6 3271/5/6
f 3266/5/6 3267/5/6 3274/5/6
f 3265/5/6 3266/5/6 3274/5/6
f 3274/5/6 3267/5/6 3275/5/6
f 3275/5/6 3267/5/6 3276/5/6
f 3271/5/6 3272/5/6 3277/5/6
f 3270/5/6 3271/5/6 3277/5/6
f 3277/5/6 3272/5/6 3278/5/6
f 3278/5/6 3272/5/6 3279/5/6
f 3274/5/6 3275/5/6 3280/5/6
f 3273/5/6 3274/5/6 3280/5/6
f 3280/5/6 3275/5/6 3281/5/6
f 3281/5/6 3275/5/6 3282/5/6
f 3278/5/6 3279/5/6 3283/5/6
f 3280/5/6 3281/5/6 3283/5/6
f 3279/5/6 3280/5/6 3283/5/6
f 3283/5/6 3281/5/6 3284/5/6
f 3284/5/6 3281/5/6 3285/5/6
f 3285/5/6 3281/5/6 3286/5/6
f 3284/5/6 3285/5/6 3287/5/6
f 3287/5/6 3285/5/6 3288/5/6
f 3289/5/6 3290/5/6 3292/5/6
f 3292/5/6 3290/5/6 3293/5/6
f 3293/5/6 3290/5/6 3294/5/6
f 3294/5/6 3290/5/6 3295/5/6
f 3291/5/6 3292/5/6 3298/5/6
f 3292/5/6 3293/5/6 3298/5/6
f 3298/5/6 3293/5/6 3299/5/6
f 3293/2/6 3294/2/6 3300/2/6
f 3299/5/6 3293/5/6 3300/5/6
f 3295/5/6 3296/5/6 3301/5/6
f 3300/2/6 3294/2/6 3301/2/6
f 3294/5/6 3295/5/6 3301/5/6
f 3301/5/6 3296/5/6 3302/5/6
f 3302/5/6 3296/5/6 3303/5/6
f 3297/5/6 3298/5/6 3306/5/6
f 3298/5/6 3299/5/6 3306/5/6
f 3306/5/6 3299/5/6 3307/5/6
f 3307/5/6 3299/5/6 3308/5/6
f 3303/5/6 3304/5/6 3309/5/6
f 3302/5/6 3303/5/6 3309/5/6
f 3309/5/6 3304/5/6 3310/5/6
f 3310/5/6 3304/5/6 3311/5/6
f 3306/5/6 3307/5/6 3314/5/6
f 3305/5/6 3306/5/6 3314/5/6
f 3314/5/6 3307/5/6 3315/5/6
f 3315/5/6 3307/5/6 3316/5/6
f 3311/5/6 3312/5/6 3319/5/6
f 3310/5/6 3311/5/6 3319/5/6
f 3319/5/6 3312/5/6 3320/5/6
f 3320/5/6 3312/5/6 3321/5/6
f 3313/5/6 3314/5/6 3324/5/6
f 3314/5/6 3315/5/6 3324/5/6
f 3324/5/6 3315/5/6 3325/5/6
f 3325/5/6 3315/5/6 3326/5/6
f 3317/2/6 3318/2/6 3327/2/6
f 3321/5/6 3322/5/6 3329/5/6
f 3320/5/6 3321/5/6 3329/5/6
f 3329/5/6 3322/5/6 3330/5/6
f 3330/5/6 3322/5/6 3331/5/6
f 3323/5/6 3324/5/6 3334/5/6
f 3324/5/6 3325/5/6 3334/5/6
f 3334/5/6 3325/5/6 3335/5/6
f 3335/5/6 3325/5/6 3336/5/6
f 3327/2/6 3328/2/6 3337/2/6
f 3331/5/6 3332/5/6 3339/5/6
f 3330/5/6 3331/5/6 3339/5/6
f 3339/5/6 3332/5/6 3340/5/6
f 3340/5/6 3332/5/6 3341/5/6
f 3333/5/6 3334/5/6 3344/5/6
f 3334/5/6 3335/5/6 3344/5/6
f 3344/5/6 3335/5/6 3345/5/6
f 3345/5/6 3335/5/6 3346/5/6
f 3337/2/6 3338/2/6 3348/2/6
f 3317/2/6 3327/2/6 3348/2/6
f 3327/2/6 3337/2/6 3348/2/6
f 3348/2/6 3338/2/6 3349/2/6
f 3341/5/6 3342/5/6 3352/5/6
f 3340/5/6 3341/5/6 3352/5/6
f 3352/5/6 3342/5/6 3353/5/6
f 3353/5/6 3342/5/6 3354/5/6
f 3344/5/6 3345/5/6 3356/5/6
f 3343/5/6 3344/5/6 3356/5/6
f 3356/5/6 3345/5/6 3357/5/6
f 3354/5/6 3355/5/6 3358/5/6
f 3350/2/6 3351/2/6 3358/2/6
f 3353/5/6 3354/5/6 3358/5/6
f 3351/2/6 3352/2/6 3358/2/6
f 3352/2/6 3353/2/6 3358/2/6
f 3348/2/6 3349/2/6 3358/2/6
f 3347/2/6 3348/2/6 3358/2/6
f 3349/2/6 3350/2/6 3358/2/6
f 3358/5/6 3355/5/6 3359/5/6
f 3356/2/6 3357/2/6 3360/2/6
f 3343/5/6 3356/5/6 3360/5/6
f 3360/2/6 3357/2/6 3361/2/6
f 3358/2/6 3359/2/6 3362/2/6
f 3347/2/6 3358/2/6 3362/2/6
f 3359/5/6 3355/5/6 3363/5/6
f 3362/2/6 3359/2/6 3363/2/6
f 3360/5/6 3361/5/6 3364/5/6
f 3343/5/6 3360/5/6 3364/5/6
f 3364/5/6 3361/5/6 3365/5/6
f 3365/5/6 3361/5/6 3366/5/6
f 3347/2/6 3362/2/6 3368/2/6
f 3368/2/6 3362/2/6 3369/2/6
f 3369/2/6 3362/2/6 3370/2/6
f 3370/2/6 3362/2/6 3371/2/6
f 3371/2/6 3362/2/6 3372/2/6
f 3372/2/6 3362/2/6 3373/2/6
f 3362/5/6 3363/5/6 3374/5/6
f 3373/2/6 3362/2/6 3374/2/6
f 3363/5/6 3355/5/6 3375/5/6
f 3374/5/6 3363/5/6 3375/5/6
f 3375/5/6 3355/5/6 3376/5/6
f 3366/5/6 3367/5/6 3377/5/6
f 3365/5/6 3366/5/6 3377/5/6
f 3377/5/6 3367/5/6 3378/5/6
f 3378/5/6 3367/5/6 3379/5/6
f 3369/2/6 3370/2/6 3381/2/6
f 3381/2/6 3370/2/6 3382/2/6
f 3373/5/6 3374/5/6 3384/5/6
f 3374/5/6 3375/5/6 3384/5/6
f 3384/5/6 3375/5/6 3385/5/6
f 3385/5/6 3375/5/6 3386/5/6
f 3379/5/6 3380/5/6 3387/5/6
f 3378/5/6 3379/5/6 3387/5/6
f 3387/5/6 3380/5/6 3388/5/6
f 3388/5/6 3380/5/6 3389/5/6
f 3369/2/6 3381/2/6 3391/2/6
f 3391/2/6 3381/2/6 3392/2/6
f 3384/5/6 3385/5/6 3394/5/6
f 3383/5/6 3384/5/6 3394/5/6
f 3394/5/6 3385/5/6 3395/5/6
f 3395/5/6 3385/5/6 3396/5/6
f 3389/5/6 3390/5/6 3397/5/6
f 3388/5/6 3389/5/6 3397/5/6
f 3397/5/6 3390/5/6 3398/5/6
f 3398/5/6 3390/5/6 3399/5/6
f 3369/2/6 3391/2/6 3401/2/6
f 3401/2/6 3391/2/6 3402/2/6
f 3394/5/6 3395/5/6 3404/5/6
f 3393/5/6 3394/5/6 3404/5/6
f 3404/5/6 3395/5/6 3405/5/6
f 3405/5/6 3395/5/6 3406/5/6
f 3399/5/6 3400/5/6 3407/5/6
f 3398/5/6 3399/5/6 3407/5/6
f 3407/5/6 3400/5/6 3408/5/6
f 3408/5/6 3400/5/6 3409/5/6
f 3404/5/6 3405/5/6 3412/5/6
f 3403/5/6 3404/5/6 3412/5/6
f 3412/5/6 3405/5/6 3413/5/6
f 3413/5/6 3405/5/6 3414/5/6
f 3409/5/6 3410/5/6 3415/5/6
f 3408/5/6 3409/5/6 3415/5/6
f 3415/5/6 3410/5/6 3416/5/6
f 3416/5/6 3410/5/6 3417/5/6
f 3412/5/6 3413/5/6 3418/5/6
f 3411/5/6 3412/5/6 3418/5/6
f 3418/5/6 3413/5/6 3419/5/6
f 3419/5/6 3413/5/6 3420/5/6
f 3416/5/6 3417/5/6 3421/5/6
f 3418/5/6 3419/5/6 3421/5/6
f 3417/5/6 3418/5/6 3421/5/6
f 3421/5/6 3419/5/6 3422/5/6
f 3422/5/6 3419/5/6 3423/5/6
f 3423/5/6 3419/5/6 3424/5/6
f 3422/5/6 3423/5/6 3425/5/6
f 3425/5/6 3423/5/6 3426/5/6
f 3427/5/6 3428/5/6 3429/5/6
f 3429/5/6 3428/5/6 3430/5/6
f 3431/5/6 3432/5/6 3435/5/6
f 3435/5/6 3432/5/6 3436/5/6
f 3433/5/6 3434/5/6 3437/5/6
f 3437/5/6 3434/5/6 3438/5/6
f 3439/5/6 3440/5/6 3441/5/6
f 3441/5/6 3440/5/6 3442/5/6
f 3443/5/6 3444/5/6 3445/5/6
f 3445/5/6 3444/5/6 3446/5/6
f 3443/5/6 3445/5/6 3447/5/6
f 3446/5/6 3444/5/6 3448/5/6
f 3443/5/6 3447/5/6 3449/5/6
f 3448/5/6 3444/5/6 3450/5/6
f 3443/5/6 3449/5/6 3451/5/6
f 3449/5/6 3450/5/6 3451/5/6
f 3450/5/6 3444/5/6 3452/5/6
f 3451/5/6 3450/5/6 3452/5/6
f 3453/1/6 3454/1/6 3455/1/6
f 3455/1/6 3454/1/6 3456/1/6
f 3457/1/6 3458/1/6 3459/1/6
f 3459/1/6 3460/1/6 3461/1/6
f 3461/1/6 3462/1/6 3463/1/6
f 3457/1/6 3459/1/6 3465/1/6
f 3463/1/6 3464/1/6 3465/1/6
f 3461/1/6 3463/1/6 3465/1/6
f 3459/1/6 3461/1/6 3465/1/6
f 3465/1/6 3464/1/6 3466/1/6
f 3466/1/6 3464/1/6 3467/1/6
f 3468/1/6 3469/1/6 3471/1/6
f 3471/1/6 3469/1/6 3472/1/6
f 3470/5/6 3471/5/6 3473/5/6
f 3473/5/6 3471/5/6 3474/5/6
f 3474/5/6 3471/5/6 3475/5/6
f 3475/5/6 3471/5/6 3476/5/6
f 3476/1/6 3477/1/6 3478/1/6
f 3478/1/6 3477/1/6 3479/1/6
f 3480/1/6 3481/1/6 3483/1/6
f 3481/1/6 3482/1/6 3483/1/6
f 3483/1/6 3482/1/6 3484/1/6
f 3480/1/6 3483/1/6 3485/1/6
f 3485/1/6 3483/1/6 3486/1/6
f 3480/1/6 3485/1/6 3487/1/6
f 3487/1/6 3485/1/6 3488/1/6
f 3480/1/6 3487/1/6 3489/1/6
f 3489/1/6 3487/1/6 3490/1/6
f 3491/1/6 3492/1/6 3493/1/6
f 3493/1/6 3492/1/6 3494/1/6
f 3495/5/6 3496/5/6 3497/5/6
f 3497/5/6 3496/5/6 3498/5/6
f 3499/5/6 3500/5/6 3501/5/6
f 3501/5/6 3500/5/6 3502/5/6
f 3503/1/6 3504/1/6 3505/1/6
f 3505/1/6 3504/1/6 3506/1/6
f 3507/1/6 3508/1/6 3509/1/6
f 3509/1/6 3508/1/6 3510/1/6
f 3511/5/6 3512/5/6 3513/5/6
f 3513/5/6 3512/5/6 3514/5/6
f 3515/5/6 3516/5/6 3517/5/6
f 3517/5/6 3516/5/6 3518/5/6
f 3519/1/6 3520/1/6 3521/1/6
f 3521/1/6 3520/1/6 3522/1/6
f 3523/1/6 3524/1/6 3525/1/6
f 3525/1/6 3524/1/6 3526/1/6
f 3527/5/6 3528/5/6 3529/5/6
f 3529/5/6 3528/5/6 3530/5/6
f 3531/5/6 3532/5/6 3533/5/6
f 3533/5/6 3532/5/6 3534/5/6
f 3535/1/6 3536/1/6 3537/1/6
f 3537/1/6 3536/1/6 3538/1/6
f 3539/5/6 3540/5/6 3541/5/6
f 3541/5/6 3540/5/6 3542/5/6
f 3543/5/6 3544/5/6 3545/5/6
f 3545/5/6 3544/5/6 3546/5/6
f 3547/1/6 3548/1/6 3550/1/6
f 3550/1/6 3548/1/6 3551/1/6
f 3549/5/6 3550/5/6 3552/5/6
f 3552/5/6 3550/5/6 3553/5/6
f 3554/5/6 3555/5/6 3556/5/6
f 3556/5/6 3555/5/6 3557/5/6
f 3557/1/6 3558/1/6 3559/1/6
f 3559/1/6 3558/1/6 3560/1/6
f 3561/5/6 3562/5/6 3564/5/6
f 3564/5/6 3562/5/6 3565/5/6
f 3563/5/6 3564/5/6 3568/5/6
f 3565/5/6 3566/5/6 3568/5/6
f 3564/5/6 3565/5/6 3568/5/6
f 3568/5/6 3566/5/6 3569/5/6
f 3569/5/6 3566/5/6 3570/5/6
f 3570/5/6 3566/5/6 3571/5/6
f 3567/5/6 3568/5/6 3574/5/6
f 3568/5/6 3569/5/6 3574/5/6
f 3574/5/6 3569/5/6 3575/5/6
f 3575/5/6 3569/5/6 3576/5/6
f 3570/5/6 3571/5/6 3577/5/6
f 3571/5/6 3572/5/6 3577/5/6
f 3577/5/6 3572/5/6 3578/5/6
f 3578/5/6 3572/5/6 3579/5/6
f 3574/5/6 3575/5/6 3582/5/6
f 3573/5/6 3574/5/6 3582/5/6
f 3582/5/6 3575/5/6 3583/5/6
f 3583/5/6 3575/5/6 3584/5/6
f 3579/5/6 3580/5/6 3585/5/6
f 3578/5/6 3579/5/6 3585/5/6
f 3585/5/6 3580/5/6 3586/5/6
f 3586/5/6 3580/5/6 3587/5/6
f 3582/5/6 3583/5/6 3590/5/6
f 3581/5/6 3582/5/6 3590/5/6
f 3590/5/6 3583/5/6 3591/5/6
f 3591/5/6 3583/5/6 3592/5/6
f 3587/5/6 3588/5/6 3593/5/6
f 3586/5/6 3587/5/6 3593/5/6
f 3593/5/6 3588/5/6 3594/5/6
f 3594/5/6 3588/5/6 3595/5/6
f 3590/5/6 3591/5/6 3598/5/6
f 3589/5/6 3590/5/6 3598/5/6
f 3598/5/6 3591/5/6 3599/5/6
f 3599/5/6 3591/5/6 3600/5/6
f 3595/5/6 3596/5/6 3601/5/6
f 3594/5/6 3595/5/6 3601/5/6
f 3601/5/6 3596/5/6 3602/5/6
f 3602/5/6 3596/5/6 3603/5/6
f 3598/5/6 3599/5/6 3605/5/6
f 3597/5/6 3598/5/6 3605/5/6
f 3605/5/6 3599/5/6 3606/5/6
f 3606/5/6 3599/5/6 3607/5/6
f 3603/5/6 3604/5/6 3610/5/6
f 3602/5/6 3603/5/6 3610/5/6
f 3610/5/6 3604/5/6 3611/5/6
f 3611/5/6 3604/5/6 3612/5/6
f 3607/5/6 3608/5/6 3613/5/6
f 3606/5/6 3607/5/6 3613/5/6
f 3613/5/6 3608/5/6 3614/5/6
f 3614/5/6 3608/5/6 3615/5/6
f 3610/5/6 3611/5/6 3618/5/6
f 3609/5/6 3610/5/6 3618/5/6
f 3618/5/6 3611/5/6 3619/5/6
f 3619/5/6 3611/5/6 3620/5/6
f 3615/5/6 3616/5/6 3621/5/6
f 3614/5/6 3615/5/6 3621/5/6
f 3621/5/6 3616/5/6 3622/5/6
f 3622/5/6 3616/5/6 3623/5/6
f 3618/5/6 3619/5/6 3626/5/6
f 3617/5/6 3618/5/6 3626/5/6
f 3626/5/6 3619/5/6 3627/5/6
f 3627/5/6 3619/5/6 3628/5/6
f 3623/5/6 3624/5/6 3629/5/6
f 3622/5/6 3623/5/6 3629/5/6
f 3629/5/6 3624/5/6 3630/5/6
f 3630/5/6 3624/5/6 3631/5/6
f 3626/5/6 3627/5/6 3634/5/6
f 3625/5/6 3626/5/6 3634/5/6
f 3634/5/6 3627/5/6 3635/5/6
f 3635/5/6 3627/5/6 3636/5/6
f 3631/5/6 3632/5/6 3637/5/6
f 3630/5/6 3631/5/6 3637/5/6
f 3637/5/6 3632/5/6 3638/5/6
f 3638/5/6 3632/5/6 3639/5/6
f 3634/5/6 3635/5/6 3640/5/6
f 3633/5/6 3634/5/6 3640/5/6
f 3640/5/6 3635/5/6 3641/5/6
f 3641/5/6 3635/5/6 3642/5/6
f 3638/5/6 3639/5/6 3643/5/6
f 3640/5/6 3641/5/6 3643/5/6
f 3639/5/6 3640/5/6 3643/5/6
f 3643/5/6 3641/5/6 3644/5/6
f 3644/5/6 3641/5/6 3645/5/6
f 3645/5/6 3641/5/6 3646/5/6
f 3644/5/6 3645/5/6 3647/5/6
f 3647/5/6 3645/5/6 3648/5/6
f 3649/1/6 3650/1/6 3654/1/6
f 3654/1/6 3650/1/6 3655/1/6
f 3651/1/6 3652/1/6 3656/1/6
f 3656/1/6 3652/1/6 3657/1/6
f 3653/1/6 3654/1/6 3660/1/6
f 3660/1/6 3654/1/6 3661/1/6
f 3657/1/6 3658/1/6 3662/1/6
f 3662/1/6 3658/1/6 3663/1/6
f 3659/1/6 3660/1/6 3666/1/6
f 3666/1/6 3660/1/6 3667/1/6
f 3663/1/6 3664/1/6 3668/1/6
f 3668/1/6 3664/1/6 3669/1/6
f 3665/1/6 3666/1/6 3672/1/6
f 3672/1/6 3666/1/6 3673/1/6
f 3669/1/6 3670/1/6 3674/1/6
f 3674/1/6 3670/1/6 3675/1/6
f 3671/1/6 3672/1/6 3677/1/6
f 3677/1/6 3672/1/6 3678/1/6
f 3675/1/6 3676/1/6 3681/1/6
f 3681/1/6 3676/1/6 3682/1/6
f 3678/1/6 3679/1/6 3683/1/6
f 3683/1/6 3679/1/6 3684/1/6
f 3680/1/6 3681/1/6 3687/1/6
f 3687/1/6 3681/1/6 3688/1/6
f 3684/1/6 3685/1/6 3689/1/6
f 3689/1/6 3685/1/6 3690/1/6
f 3686/1/6 3687/1/6 3693/1/6
f 3693/1/6 3687/1/6 3694/1/6
f 3690/1/6 3691/1/6 3695/1/6
f 3695/1/6 3691/1/6 3696/1/6
f 3692/1/6 3693/1/6 3699/1/6
f 3699/1/6 3693/1/6 3700/1/6
f 3696/1/6 3697/1/6 3701/1/6
f 3701/1/6 3697/1/6 3702/1/6
f 3698/1/6 3699/1/6 3703/1/6
f 3703/1/6 3699/1/6 3704/1/6
f 3705/1/6 3706/1/6 3707/1/6
f 3707/1/6 3706/1/6 3708/1/6
f 3709/1/6 3710/1/6 3713/1/6
f 3713/1/6 3710/1/6 3714/1/6
f 3711/1/6 3712/1/6 3715/1/6
f 3715/1/6 3712/1/6 3716/1/6
f 3717/1/6 3718/1/6 3719/1/6
f 3719/1/6 3718/1/6 3720/1/6
f 3721/1/6 3722/1/6 3724/1/6
f 3724/1/6 3722/1/6 3725/1/6
f 3723/1/6 3724/1/6 3728/1/6
f 3725/1/6 3726/1/6 3728/1/6
f 3724/1/6 3725/1/6 3728/1/6
f 3728/1/6 3726/1/6 3729/1/6
f 3729/1/6 3726/1/6 3730/1/6
f 3730/1/6 3726/1/6 3731/1/6
f 3727/1/6 3728/1/6 3733/1/6
f 3728/1/6 3729/1/6 3733/1/6
f 3733/1/6 3729/1/6 3734/1/6
f 3734/1/6 3729/1/6 3735/1/6
f 3731/1/6 3732/1/6 3736/1/6
f 3730/1/6 3731/1/6 3736/1/6
f 3736/1/6 3732/1/6 3737/1/6
f 3737/1/6 3732/1/6 3738/1/6
f 3734/1/6 3735/1/6 3739/1/6
f 3736/1/6 3737/1/6 3739/1/6
f 3735/1/6 3736/1/6 3739/1/6
f 3739/1/6 3737/1/6 3740/1/6
f 3740/1/6 3737/1/6 3741/1/6
f 3741/1/6 3737/1/6 3742/1/6
f 3740/1/6 3741/1/6 3743/1/6
f 3743/1/6 3741/1/6 3744/1/6
f 3745/1/6 3746/1/6 3747/1/6
f 3747/1/6 3746/1/6 3748/1/6
f 3745/1/6 3747/1/6 3749/1/6
f 3748/1/6 3746/1/6 3750/1/6
f 3745/1/6 3749/1/6 3751/1/6
f 3749/1/6 3750/1/6 3751/1/6
f 3750/1/6 3746/1/6 3752/1/6
f 3751/1/6 3750/1/6 3752/1/6
f 3753/1/6 3754/1/6 3755/1/6
f 3755/1/6 3754/1/6 3756/1/6
f 3753/1/6 3755/1/6 3757/1/6
f 3756/1/6 3754/1/6 3758/1/6
f 3753/1/6 3757/1/6 3759/1/6
f 3757/1/6 3758/1/6 3759/1/6
f 3758/1/6 3754/1/6 3760/1/6
f 3759/1/6 3758/1/6 3760/1/6
f 3761/1/6 3762/1/6 3765/1/6
f 3765/1/6 3762/1/6 3766/1/6
f 3763/1/6 3764/1/6 3767/1/6
f 3767/1/6 3764/1/6 3768/1/6
f 3769/1/6 3770/1/6 3771/1/6
f 3771/1/6 3770/1/6 3772/1/6
f 3769/1/6 3771/1/6 3773/1/6
f 3772/1/6 3770/1/6 3774/1/6
f 3769/1/6 3773/1/6 3775/1/6
f 3773/1/6 3774/1/6 3775/1/6
f 3774/1/6 3770/1/6 3776/1/6
f 3775/1/6 3774/1/6 3776/1/6
f 3777/5/6 3778/5/6 3779/5/6
f 3779/5/6 3778/5/6 3780/5/6
f 3777/5/6 3779/5/6 3781/5/6
f 3780/5/6 3778/5/6 3782/5/6
f 3777/5/6 3781/5/6 3783/5/6
f 3781/5/6 3782/5/6 3783/5/6
f 3782/5/6 3778/5/6 3784/5/6
f 3783/5/6 3782/5/6 3784/5/6
f 3785/5/6 3786/5/6 3787/5/6
f 3787/5/6 3786/5/6 3788/5/6
