# MagicaVoxel @ Ephtracy

# group
o 

# material
mtllib Pohon Pot.mtl
usemtl palette

# normals
vn -1 0 0
vn 1 0 0
vn 0 0 1
vn 0 0 -1
vn 0 -1 0
vn 0 1 0

# texcoords
vt 0.369141 0.5
vt 0.373047 0.5
vt 0.599609 0.5
vt 0.970703 0.5

# verts
v -1.5 0.5 0.6
v -1.5 0.5 -0.6
v -1.5 1.7 0.6
v -1.5 1.7 -0.6
v -1.4 0.1 0.5
v -1.4 0.1 -0.5
v -1.4 0.5 0.9
v -1.4 0.5 0.6
v -1.4 0.5 0.5
v -1.4 0.5 -0.5
v -1.4 0.5 -0.6
v -1.4 0.5 -0.9
v -1.4 1.7 0.9
v -1.4 1.7 0.6
v -1.4 1.7 -0.6
v -1.4 1.7 -0.9
v -1.3 0 0.4
v -1.3 0 -0.4
v -1.3 0.1 0.8
v -1.3 0.1 0.5
v -1.3 0.1 0.4
v -1.3 0.1 -0.4
v -1.3 0.1 -0.5
v -1.3 0.1 -0.8
v -1.3 0.5 1
v -1.3 0.5 0.9
v -1.3 0.5 0.8
v -1.3 0.5 0.5
v -1.3 0.5 -0.5
v -1.3 0.5 -0.8
v -1.3 0.5 -0.9
v -1.3 0.5 -1
v -1.3 1.7 1
v -1.3 1.7 0.9
v -1.3 1.7 -0.9
v -1.3 1.7 -1
v -1.2 0 0.7
v -1.2 0 0.4
v -1.2 0 -0.4
v -1.2 0 -0.7
v -1.2 0.1 0.9
v -1.2 0.1 0.8
v -1.2 0.1 0.7
v -1.2 0.1 0.4
v -1.2 0.1 -0.4
v -1.2 0.1 -0.7
v -1.2 0.1 -0.8
v -1.2 0.1 -0.9
v -1.2 0.5 1.2
v -1.2 0.5 1
v -1.2 0.5 0.9
v -1.2 0.5 0.8
v -1.2 0.5 -0.8
v -1.2 0.5 -0.9
v -1.2 0.5 -1
v -1.2 0.5 -1.2
v -1.2 1.7 1.2
v -1.2 1.7 1
v -1.2 1.7 -1
v -1.2 1.7 -1.2
v -1.1 0 0.8
v -1.1 0 0.7
v -1.1 0 -0.7
v -1.1 0 -0.8
v -1.1 0.1 1.1
v -1.1 0.1 0.9
v -1.1 0.1 0.8
v -1.1 0.1 0.7
v -1.1 0.1 -0.7
v -1.1 0.1 -0.8
v -1.1 0.1 -0.9
v -1.1 0.1 -1.1
v -1.1 0.5 1.3
v -1.1 0.5 1.2
v -1.1 0.5 1.1
v -1.1 0.5 0.9
v -1.1 0.5 -0.9
v -1.1 0.5 -1.1
v -1.1 0.5 -1.2
v -1.1 0.5 -1.3
v -1.1 1.7 1.3
v -1.1 1.7 1.2
v -1.1 1.7 -1.2
v -1.1 1.7 -1.3
v -1 0 1
v -1 0 0.8
v -1 0 -0.8
v -1 0 -1
v -1 0.1 1.2
v -1 0.1 1.1
v -1 0.1 1
v -1 0.1 0.8
v -1 0.1 -0.8
v -1 0.1 -1
v -1 0.1 -1.1
v -1 0.1 -1.2
v -1 0.5 1.4
v -1 0.5 1.3
v -1 0.5 1.2
v -1 0.5 1.1
v -1 0.5 -1.1
v -1 0.5 -1.2
v -1 0.5 -1.3
v -1 0.5 -1.4
v -1 1.3 0.3
v -1 1.3 0.1
v -1 1.4 0.3
v -1 1.4 0.1
v -1 1.7 1.4
v -1 1.7 1.3
v -1 1.7 -1.3
v -1 1.7 -1.4
v -0.9 0 1.1
v -0.9 0 1
v -0.9 0 -1
v -0.9 0 -1.1
v -0.9 0.1 1.3
v -0.9 0.1 1.2
v -0.9 0.1 1.1
v -0.9 0.1 1
v -0.9 0.1 -1
v -0.9 0.1 -1.1
v -0.9 0.1 -1.2
v -0.9 0.1 -1.3
v -0.9 0.5 1.5
v -0.9 0.5 1.4
v -0.9 0.5 1.3
v -0.9 0.5 1.2
v -0.9 0.5 -1.2
v -0.9 0.5 -1.3
v -0.9 0.5 -1.4
v -0.9 0.5 -1.5
v -0.9 1.3 -0.2
v -0.9 1.3 -0.4
v -0.9 1.4 -0.2
v -0.9 1.4 -0.4
v -0.9 1.7 1.5
v -0.9 1.7 1.4
v -0.9 1.7 -1.4
v -0.9 1.7 -1.5
v -0.9 2.8 0.5
v -0.9 2.8 0.1
v -0.9 2.8 0
v -0.9 2.8 -0.4
v -0.9 3.2 0.5
v -0.9 3.2 0.1
v -0.9 3.2 0
v -0.9 3.2 -0.4
v -0.8 0 1.2
v -0.8 0 1.1
v -0.8 0 -1.1
v -0.8 0 -1.2
v -0.8 0.1 1.4
v -0.8 0.1 1.3
v -0.8 0.1 1.2
v -0.8 0.1 1.1
v -0.8 0.1 -1.1
v -0.8 0.1 -1.2
v -0.8 0.1 -1.3
v -0.8 0.1 -1.4
v -0.8 0.5 1.4
v -0.8 0.5 1.3
v -0.8 0.5 -1.3
v -0.8 0.5 -1.4
v -0.8 1.3 0.9
v -0.8 1.3 0.8
v -0.8 1.4 0.9
v -0.8 1.4 0.8
v -0.8 2.6 0.4
v -0.8 2.6 0.2
v -0.8 2.6 -0.0999999
v -0.8 2.6 -0.3
v -0.8 2.7 0.6
v -0.8 2.7 0.4
v -0.8 2.7 0.2
v -0.8 2.7 -0.0999999
v -0.8 2.7 -0.3
v -0.8 2.7 -0.5
v -0.8 2.8 0.5
v -0.8 2.8 0.1
v -0.8 2.8 0
v -0.8 2.8 -0.4
v -0.8 2.9 0.7
v -0.8 2.9 0.6
v -0.8 2.9 -0.5
v -0.8 2.9 -0.6
v -0.8 3.1 0.7
v -0.8 3.1 0.6
v -0.8 3.1 -0.5
v -0.8 3.1 -0.6
v -0.8 3.2 0.5
v -0.8 3.2 0.1
v -0.8 3.2 0
v -0.8 3.2 -0.4
v -0.8 3.3 0.6
v -0.8 3.3 0.4
v -0.8 3.3 0.2
v -0.8 3.3 -0.0999999
v -0.8 3.3 -0.3
v -0.8 3.3 -0.5
v -0.8 3.4 0.4
v -0.8 3.4 0.2
v -0.8 3.4 -0.0999999
v -0.8 3.4 -0.3
v -0.7 0 1.3
v -0.7 0 1.2
v -0.7 0 -1.2
v -0.7 0 -1.3
v -0.7 0.1 1.3
v -0.7 0.1 1.2
v -0.7 0.1 -0.0999999
v -0.7 0.1 -0.2
v -0.7 0.1 -1.2
v -0.7 0.1 -1.3
v -0.7 0.2 -0.0999999
v -0.7 0.2 -0.2
v -0.7 0.5 1.6
v -0.7 0.5 1.5
v -0.7 0.5 -1.5
v -0.7 0.5 -1.6
v -0.7 1.3 -0.4
v -0.7 1.3 -0.5
v -0.7 1.4 -0.4
v -0.7 1.4 -0.5
v -0.7 1.7 1.6
v -0.7 1.7 1.5
v -0.7 1.7 -1.5
v -0.7 1.7 -1.6
v -0.7 2.6 0.6
v -0.7 2.6 0.4
v -0.7 2.6 0.2
v -0.7 2.6 -0.0999999
v -0.7 2.6 -0.3
v -0.7 2.6 -0.5
v -0.7 2.7 0.7
v -0.7 2.7 0.6
v -0.7 2.7 0.4
v -0.7 2.7 0.2
v -0.7 2.7 -0.0999999
v -0.7 2.7 -0.3
v -0.7 2.7 -0.5
v -0.7 2.7 -0.8
v -0.7 2.9 0.7
v -0.7 2.9 0.6
v -0.7 2.9 -0.5
v -0.7 2.9 -0.6
v -0.7 3.1 0.7
v -0.7 3.1 0.6
v -0.7 3.1 -0.5
v -0.7 3.1 -0.6
v -0.7 3.1 -0.8
v -0.7 3.3 0.6
v -0.7 3.3 0.4
v -0.7 3.3 0.2
v -0.7 3.3 -0.0999999
v -0.7 3.3 -0.3
v -0.7 3.3 -0.5
v -0.7 3.3 -0.6
v -0.7 3.4 0.4
v -0.7 3.4 0.3
v -0.7 3.4 0.2
v -0.7 3.4 -0.0999999
v -0.7 3.4 -0.3
v -0.7 3.4 -0.5
v -0.7 3.7 0.7
v -0.7 3.7 0.3
v -0.6 0.1 1.5
v -0.6 0.1 1.4
v -0.6 0.1 -1.4
v -0.6 0.1 -1.5
v -0.6 0.5 1.5
v -0.6 0.5 1.4
v -0.6 0.5 -1.4
v -0.6 0.5 -1.5
v -0.6 1.3 0.5
v -0.6 1.3 0.2
v -0.6 1.3 -0.5
v -0.6 1.3 -0.6
v -0.6 1.4 0.5
v -0.6 1.4 0.2
v -0.6 1.4 -0.5
v -0.6 1.4 -0.6
v -0.6 2.5 0.5
v -0.6 2.5 0.1
v -0.6 2.5 0
v -0.6 2.5 -0.4
v -0.6 2.5 -0.5
v -0.6 2.5 -0.7
v -0.6 2.6 0.5
v -0.6 2.6 0.1
v -0.6 2.6 0
v -0.6 2.6 -0.4
v -0.6 2.6 -0.5
v -0.6 2.6 -0.7
v -0.6 2.6 -0.9
v -0.6 2.7 -0.5
v -0.6 2.7 -0.8
v -0.6 2.8 0.8
v -0.6 2.8 0.7
v -0.6 2.8 -0.9
v -0.6 2.8 -1
v -0.6 3 -0.9
v -0.6 3 -1
v -0.6 3.1 -0.6
v -0.6 3.1 -0.8
v -0.6 3.2 -0.7
v -0.6 3.2 -0.9
v -0.6 3.3 -0.6
v -0.6 3.3 -0.7
v -0.6 3.4 0.9
v -0.6 3.4 0.8
v -0.6 3.4 0.3
v -0.6 3.4 0.1
v -0.6 3.4 0
v -0.6 3.4 -0.4
v -0.6 3.5 0
v -0.6 3.5 -0.4
v -0.6 3.6 0.9
v -0.6 3.6 0.8
v -0.6 3.6 0.2
v -0.6 3.6 0.1
v -0.6 3.7 0.7
v -0.6 3.7 0.3
v -0.6 3.8 0.8
v -0.6 3.8 0.6
v -0.6 3.8 0.4
v -0.6 3.8 0.2
v -0.6 3.9 0.6
v -0.6 3.9 0.4
v -0.5 0 1.4
v -0.5 0 1.3
v -0.5 0 -1.3
v -0.5 0 -1.4
v -0.5 0.1 1.4
v -0.5 0.1 1.3
v -0.5 0.1 -1.3
v -0.5 0.1 -1.4
v -0.5 1.3 0.2
v -0.5 1.3 0
v -0.5 1.4 0.2
v -0.5 1.4 0
v -0.5 2.5 -0.4
v -0.5 2.5 -0.5
v -0.5 2.5 -0.7
v -0.5 2.5 -0.9
v -0.5 2.6 0.7
v -0.5 2.6 0.6
v -0.5 2.6 -0.4
v -0.5 2.6 -0.5
v -0.5 2.6 -0.7
v -0.5 2.6 -0.9
v -0.5 2.6 -1
v -0.5 2.7 0.7
v -0.5 2.7 0.6
v -0.5 2.8 -0.9
v -0.5 2.8 -1
v -0.5 3 -0.9
v -0.5 3 -1
v -0.5 3.2 0.9
v -0.5 3.2 0.8
v -0.5 3.2 -0.7
v -0.5 3.2 -0.9
v -0.5 3.2 -1
v -0.5 3.3 -0.5
v -0.5 3.3 -0.6
v -0.5 3.3 -0.7
v -0.5 3.3 -0.9
v -0.5 3.4 0.9
v -0.5 3.4 0.8
v -0.5 3.4 -0.5
v -0.5 3.4 -0.6
v -0.5 3.6 0.9
v -0.5 3.6 0.8
v -0.5 3.6 0.2
v -0.5 3.6 0.1
v -0.5 3.8 0.9
v -0.5 3.8 0.8
v -0.5 3.8 0.6
v -0.5 3.8 0.4
v -0.5 3.8 0.2
v -0.5 3.8 0.1
v -0.5 3.9 0.8
v -0.5 3.9 0.6
v -0.5 3.9 0.4
v -0.5 3.9 0.2
v -0.4 0.5 1.7
v -0.4 0.5 1.6
v -0.4 0.5 -1.6
v -0.4 0.5 -1.7
v -0.4 1.3 0.5
v -0.4 1.3 0.3
v -0.4 1.3 -0.2
v -0.4 1.3 -0.4
v -0.4 1.4 0.5
v -0.4 1.4 0.3
v -0.4 1.4 -0.2
v -0.4 1.4 -0.4
v -0.4 1.7 1.7
v -0.4 1.7 1.6
v -0.4 1.7 -1.6
v -0.4 1.7 -1.7
v -0.4 2.4 -0.4
v -0.4 2.4 -0.8
v -0.4 2.5 -0.4
v -0.4 2.5 -0.8
v -0.4 2.7 -1
v -0.4 2.7 -1.1
v -0.4 3.1 -1
v -0.4 3.1 -1.1
v -0.4 3.3 1
v -0.4 3.3 0.9
v -0.4 3.3 -0.6
v -0.4 3.3 -0.8
v -0.4 3.4 0.1
v -0.4 3.4 0
v -0.4 3.4 -0.6
v -0.4 3.4 -0.8
v -0.4 3.5 0
v -0.4 3.7 1
v -0.4 3.7 0.9
v -0.4 3.7 0.1
v -0.4 3.7 0
v -0.4 3.9 0.7
v -0.4 3.9 0.3
v -0.4 4 0.7
v -0.4 4 0.3
v -0.3 0.1 1.6
v -0.3 0.1 1.5
v -0.3 0.1 -1.5
v -0.3 0.1 -1.6
v -0.3 0.5 1.6
v -0.3 0.5 1.5
v -0.3 0.5 -1.5
v -0.3 0.5 -1.6
v -0.3 1.3 0.3
v -0.3 1.3 0.1
v -0.3 1.3 -0.0999999
v -0.3 1.3 -0.2
v -0.3 1.3 -0.7
v -0.3 1.3 -0.8
v -0.3 1.4 0.3
v -0.3 1.4 0.1
v -0.3 1.4 -0.0999999
v -0.3 1.4 -0.2
v -0.3 1.4 -0.7
v -0.3 1.4 -0.8
v -0.3 2.5 -0.9
v -0.3 2.5 -1
v -0.3 2.6 -0.9
v -0.3 2.6 -1
v -0.3 2.8 0.9
v -0.3 2.8 0.8
v -0.3 3.2 0.9
v -0.3 3.2 0.8
v -0.3 3.2 -0.9
v -0.3 3.2 -1
v -0.3 3.3 -0.9
v -0.3 3.3 -1
v -0.3 3.5 0
v -0.3 3.5 -0.4
v -0.3 3.7 0
v -0.3 3.7 -0.4
v -0.3 3.8 0.9
v -0.3 3.8 0.8
v -0.3 3.8 0.2
v -0.3 3.8 0.1
v -0.3 3.9 0.9
v -0.3 3.9 0.8
v -0.3 3.9 0.2
v -0.3 3.9 0.1
v -0.2 0 1.5
v -0.2 0 1.4
v -0.2 0 -1.4
v -0.2 0 -1.5
v -0.2 0.1 1.5
v -0.2 0.1 1.4
v -0.2 0.1 -1.4
v -0.2 0.1 -1.5
v -0.2 1.3 0.8
v -0.2 1.3 0.6
v -0.2 1.3 0.1
v -0.2 1.3 -0.0999999
v -0.2 1.4 0.8
v -0.2 1.4 0.6
v -0.2 1.4 0.1
v -0.2 1.4 0
v -0.2 1.4 -0.0999999
v -0.2 1.5 0.1
v -0.2 1.5 0
v -0.2 1.7 0
v -0.2 1.7 -0.0999999
v -0.2 1.8 0
v -0.2 1.8 -0.0999999
v -0.2 2.3 0
v -0.2 2.3 -0.0999999
v -0.2 2.4 0.1
v -0.2 2.4 0
v -0.2 2.5 0.1
v -0.2 2.5 0
v -0.2 2.5 -0.0999999
v -0.2 2.6 0.8
v -0.2 2.6 0.6
v -0.2 2.6 0.1
v -0.2 2.6 0
v -0.2 2.7 1
v -0.2 2.7 0.8
v -0.2 2.7 0.7
v -0.2 2.7 0.6
v -0.2 2.8 0.9
v -0.2 2.8 0.7
v -0.2 2.9 1.1
v -0.2 2.9 1
v -0.2 3.1 1.1
v -0.2 3.1 1
v -0.2 3.3 1
v -0.2 3.3 0.9
v -0.2 3.4 -0.4
v -0.2 3.4 -0.6
v -0.2 3.6 -0.5
v -0.2 3.6 -0.6
v -0.2 3.7 0.1
v -0.2 3.7 -0.4
v -0.2 3.8 0.1
v -0.2 3.8 -0.0999999
v -0.2 3.8 -0.3
v -0.2 3.8 -0.5
v -0.2 3.9 -0.0999999
v -0.2 3.9 -0.3
v -0.1 1.4 0.8
v -0.1 1.4 0.7
v -0.1 1.4 0.3
v -0.1 1.4 0.1
v -0.1 1.4 0
v -0.1 1.4 -0.2
v -0.1 1.5 0.8
v -0.1 1.5 0.7
v -0.1 1.5 0.3
v -0.1 1.5 0.2
v -0.1 1.5 0.1
v -0.1 1.5 0
v -0.1 1.5 -0.0999999
v -0.1 1.5 -0.2
v -0.1 1.6 0.3
v -0.1 1.6 0.2
v -0.1 1.6 0
v -0.1 1.6 -0.0999999
v -0.1 1.7 0.3
v -0.1 1.7 0.2
v -0.1 1.7 0.1
v -0.1 1.7 0
v -0.1 1.8 0.3
v -0.1 1.8 0.2
v -0.1 1.8 0
v -0.1 1.9 0.3
v -0.1 1.9 0.2
v -0.1 1.9 0.1
v -0.1 1.9 0
v -0.1 2 0.2
v -0.1 2 0.1
v -0.1 2 0
v -0.1 2.2 0
v -0.1 2.2 -0.0999999
v -0.1 2.3 0
v -0.1 2.3 -0.0999999
v -0.1 2.3 -0.2
v -0.1 2.4 0.1
v -0.1 2.4 0
v -0.1 2.4 -0.0999999
v -0.1 2.4 -0.2
v -0.1 2.5 0
v -0.1 2.5 -0.0999999
v -0.1 2.6 1
v -0.1 2.6 0.8
v -0.1 2.6 0
v -0.1 2.6 -0.0999999
v -0.1 2.7 1.1
v -0.1 2.7 1
v -0.1 2.7 0.8
v -0.1 2.9 1.1
v -0.1 2.9 1
v -0.1 3.1 1.1
v -0.1 3.1 1
v -0.1 3.3 1.1
v -0.1 3.3 1
v -0.1 3.6 -0.5
v -0.1 3.6 -0.6
v -0.1 3.8 0.1
v -0.1 3.8 -0.0999999
v -0.1 3.8 -0.3
v -0.1 3.8 -0.5
v -0.1 3.8 -0.6
v -0.1 3.9 0.1
v -0.1 3.9 -0.0999999
v -0.1 3.9 -0.3
v -0.1 3.9 -0.5
v -1.19209e-07 1.3 0.4
v -1.19209e-07 1.3 0.3
v -1.19209e-07 1.4 0.4
v -1.19209e-07 1.4 0.3
v -1.19209e-07 1.5 0.1
v -1.19209e-07 1.5 0
v -1.19209e-07 1.6 0
v -1.19209e-07 1.6 -0.0999999
v -1.19209e-07 1.7 0.3
v -1.19209e-07 1.7 0.2
v -1.19209e-07 1.7 0.1
v -1.19209e-07 1.7 -0.0999999
v -1.19209e-07 1.7 -0.2
v -1.19209e-07 1.8 0.3
v -1.19209e-07 1.8 0.2
v -1.19209e-07 1.8 0
v -1.19209e-07 1.8 -0.0999999
v -1.19209e-07 1.8 -0.2
v -1.19209e-07 1.9 0.3
v -1.19209e-07 1.9 0.2
v -1.19209e-07 1.9 0.1
v -1.19209e-07 1.9 0
v -1.19209e-07 2 0.2
v -1.19209e-07 2 0.1
v -1.19209e-07 2 0
v -1.19209e-07 2.1 0.3
v -1.19209e-07 2.1 0.2
v -1.19209e-07 2.2 0
v -1.19209e-07 2.2 -0.0999999
v -1.19209e-07 2.2 -0.2
v -1.19209e-07 2.3 -0.0999999
v -1.19209e-07 2.3 -0.2
v -1.19209e-07 2.4 -0.0999999
v -1.19209e-07 2.4 -0.2
v -1.19209e-07 2.5 0.9
v -1.19209e-07 2.5 0.5
v -1.19209e-07 2.5 -0.2
v -1.19209e-07 2.5 -0.3
v -1.19209e-07 2.6 0.9
v -1.19209e-07 2.6 0.5
v -1.19209e-07 2.6 0.2
v -1.19209e-07 2.6 0.1
v -1.19209e-07 2.6 -0.0999999
v -1.19209e-07 2.6 -0.3
v -1.19209e-07 2.8 1.2
v -1.19209e-07 2.8 1.1
v -1.19209e-07 3.2 1.2
v -1.19209e-07 3.2 1.1
v -1.19209e-07 3.4 -0.6
v -1.19209e-07 3.4 -0.7
v -1.19209e-07 3.7 -0.6
v -1.19209e-07 3.7 -0.7
v -1.19209e-07 3.9 0
v -1.19209e-07 3.9 -0.4
v -1.19209e-07 4 0
v -1.19209e-07 4 -0.4
v 0.0999999 1.3 0.9
v 0.0999999 1.3 0.7
v 0.0999999 1.3 -0.2
v 0.0999999 1.3 -0.3
v 0.0999999 1.3 -1
v 0.0999999 1.3 -1.1
v 0.0999999 1.4 0.9
v 0.0999999 1.4 0.7
v 0.0999999 1.4 0.4
v 0.0999999 1.4 0.3
v 0.0999999 1.4 -0.2
v 0.0999999 1.4 -0.3
v 0.0999999 1.4 -1
v 0.0999999 1.4 -1.1
v 0.0999999 1.5 0.4
v 0.0999999 1.5 0.3
v 0.0999999 1.6 -0.0999999
v 0.0999999 1.6 -0.2
v 0.0999999 1.7 -0.0999999
v 0.0999999 1.7 -0.2
v 0.0999999 2 -0.0999999
v 0.0999999 2 -0.2
v 0.0999999 2.1 0.3
v 0.0999999 2.1 0.2
v 0.0999999 2.2 -0.0999999
v 0.0999999 2.2 -0.2
v 0.0999999 2.2 -0.3
v 0.0999999 2.4 -0.3
v 0.0999999 2.4 -0.4
v 0.0999999 2.5 -0.2
v 0.0999999 2.5 -0.4
v 0.0999999 2.6 1.1
v 0.0999999 2.6 1
v 0.0999999 2.6 0.4
v 0.0999999 2.6 0.3
v 0.0999999 2.7 1.1
v 0.0999999 2.7 1
v 0.0999999 2.7 0.4
v 0.0999999 2.7 0.3
v 0.0999999 2.7 0.2
v 0.0999999 3.3 1.1
v 0.0999999 3.3 1
v 0.0999999 3.4 1.1
v 0.0999999 3.4 1
v 0.0999999 3.8 0.2
v 0.0999999 3.8 0.1
v 0.0999999 3.8 -0.5
v 0.0999999 3.8 -0.6
v 0.0999999 3.9 0.2
v 0.0999999 3.9 0.1
v 0.0999999 3.9 -0.5
v 0.0999999 3.9 -0.6
v 0.2 1.3 1
v 0.2 1.3 0.9
v 0.2 1.4 1
v 0.2 1.4 0.9
v 0.2 1.5 -0.0999999
v 0.2 1.5 -0.2
v 0.2 1.6 -0.0999999
v 0.2 1.6 -0.2
v 0.2 1.7 0.3
v 0.2 1.7 0.2
v 0.2 1.8 0.3
v 0.2 1.8 0.2
v 0.2 1.8 -0.0999999
v 0.2 1.8 -0.2
v 0.2 2 -0.0999999
v 0.2 2 -0.2
v 0.3 1.3 0.7
v 0.3 1.3 0.6
v 0.3 1.3 -0.5
v 0.3 1.3 -0.6
v 0.3 1.4 0.7
v 0.3 1.4 0.6
v 0.3 1.4 -0.5
v 0.3 1.4 -0.6
v 0.3 2.5 0.5
v 0.3 2.5 0.3
v 0.3 2.6 0.5
v 0.3 2.6 0.3
v 0.3 3.2 -0.6
v 0.3 3.2 -0.7
v 0.3 3.3 -0.6
v 0.3 3.3 -0.7
v 0.3 3.5 0.8
v 0.3 3.5 0.7
v 0.3 3.7 0.8
v 0.3 3.7 0.7
v 0.3 3.9 0.5
v 0.3 3.9 0.1
v 0.3 4 0.5
v 0.3 4 0.1
v 0.4 1.3 0.5
v 0.4 1.3 0.4
v 0.4 1.3 -0.3
v 0.4 1.3 -0.4
v 0.4 1.4 0.5
v 0.4 1.4 0.4
v 0.4 1.4 -0.3
v 0.4 1.4 -0.4
v 0.4 2.4 0.4
v 0.4 2.4 0.1
v 0.4 2.5 0.4
v 0.4 2.5 0.1
v 0.4 2.6 -0.6
v 0.4 2.6 -0.7
v 0.4 2.7 -0.6
v 0.4 2.7 -0.7
v 0.4 2.7 -0.8
v 0.4 2.9 -0.7
v 0.4 2.9 -0.8
v 0.4 3.1 -0.7
v 0.4 3.1 -0.8
v 0.4 3.3 -0.7
v 0.4 3.3 -0.8
v 0.4 3.8 0.7
v 0.4 3.8 0.6
v 0.4 3.9 0.7
v 0.4 3.9 0.6
v 0.5 0.1 1.5
v 0.5 0.1 1.4
v 0.5 0.1 -1.4
v 0.5 0.1 -1.5
v 0.5 0.5 1.5
v 0.5 0.5 1.4
v 0.5 0.5 -1.4
v 0.5 0.5 -1.5
v 0.5 1.3 0.7
v 0.5 1.3 0.5
v 0.5 1.3 0.4
v 0.5 1.3 0.3
v 0.5 1.3 -0.2
v 0.5 1.3 -0.3
v 0.5 1.4 0.7
v 0.5 1.4 0.6
v 0.5 1.4 0.5
v 0.5 1.4 0.4
v 0.5 1.4 0.3
v 0.5 1.4 -0.2
v 0.5 1.4 -0.3
v 0.5 1.5 0.6
v 0.5 1.5 0.5
v 0.5 2.5 0.6
v 0.5 2.5 0.5
v 0.5 2.5 -0.4
v 0.5 2.5 -0.6
v 0.5 2.6 0.6
v 0.5 2.6 0.5
v 0.5 2.6 -0.4
v 0.5 2.6 -0.6
v 0.5 2.8 -0.8
v 0.5 2.8 -0.9
v 0.5 3.2 -0.8
v 0.5 3.2 -0.9
v 0.6 1.3 1.6
v 0.6 1.3 1.5
v 0.6 1.3 1
v 0.6 1.3 0.8
v 0.6 1.3 -0.7
v 0.6 1.3 -0.9
v 0.6 1.3 -1.5
v 0.6 1.3 -1.6
v 0.6 1.4 1
v 0.6 1.4 0.8
v 0.6 1.4 -0.7
v 0.6 1.4 -0.9
v 0.6 1.7 1.6
v 0.6 1.7 1.5
v 0.6 1.7 -1.5
v 0.6 1.7 -1.6
v 0.6 2.6 -0.7
v 0.6 2.6 -0.8
v 0.6 2.7 -0.7
v 0.6 2.7 -0.8
v 0.6 3.3 -0.7
v 0.6 3.3 -0.8
v 0.6 3.4 -0.7
v 0.6 3.4 -0.8
v 0.7 1.3 0.5
v 0.7 1.3 0.4
v 0.7 1.3 0.1
v 0.7 1.3 0
v 0.7 1.4 0.5
v 0.7 1.4 0.4
v 0.7 1.4 0.1
v 0.7 1.4 0
v 0.8 0.1 1.4
v 0.8 0.1 1.3
v 0.8 0.1 -1.3
v 0.8 0.1 -1.4
v 0.8 0.5 1.4
v 0.8 0.5 1.3
v 0.8 0.5 -1.3
v 0.8 0.5 -1.4
v 0.8 1.3 1
v 0.8 1.3 0.9
v 0.8 1.3 0.3
v 0.8 1.3 0.2
v 0.8 1.4 1
v 0.8 1.4 0.9
v 0.8 1.4 0.3
v 0.8 1.4 0.2
v 0.9 1.3 1.5
v 0.9 1.3 1.4
v 0.9 1.3 0.1
v 0.9 1.3 -0.2
v 0.9 1.3 -0.4
v 0.9 1.3 -0.7
v 0.9 1.3 -1.4
v 0.9 1.3 -1.5
v 0.9 1.4 0.1
v 0.9 1.4 -0.2
v 0.9 1.4 -0.4
v 0.9 1.4 -0.7
v 0.9 1.7 1.5
v 0.9 1.7 1.4
v 0.9 1.7 -1.4
v 0.9 1.7 -1.5
v 1 0.1 1.3
v 1 0.1 1.2
v 1 0.1 -1.2
v 1 0.1 -1.3
v 1 0.5 1.3
v 1 0.5 1.2
v 1 0.5 -1.2
v 1 0.5 -1.3
v 1 1.3 0.6
v 1 1.3 0.5
v 1 1.4 0.6
v 1 1.4 0.5
v 1.1 0.1 1.2
v 1.1 0.1 1.1
v 1.1 0.1 -1.1
v 1.1 0.1 -1.2
v 1.1 0.5 1.2
v 1.1 0.5 1.1
v 1.1 0.5 -1.1
v 1.1 0.5 -1.2
v 1.1 1.3 1.4
v 1.1 1.3 1.3
v 1.1 1.3 0.5
v 1.1 1.3 0.4
v 1.1 1.3 -1.3
v 1.1 1.3 -1.4
v 1.1 1.4 0.5
v 1.1 1.4 0.4
v 1.1 1.7 1.4
v 1.1 1.7 1.3
v 1.1 1.7 -1.3
v 1.1 1.7 -1.4
v 1.2 0.1 1.1
v 1.2 0.1 0.9
v 1.2 0.1 -1
v 1.2 0.1 -1.1
v 1.2 0.5 1.1
v 1.2 0.5 0.9
v 1.2 0.5 -1
v 1.2 0.5 -1.1
v 1.2 1.3 1.3
v 1.2 1.3 1.2
v 1.2 1.3 0.4
v 1.2 1.3 0.3
v 1.2 1.3 -1.2
v 1.2 1.3 -1.3
v 1.2 1.4 0.4
v 1.2 1.4 0.3
v 1.2 1.7 1.3
v 1.2 1.7 1.2
v 1.2 1.7 -1.2
v 1.2 1.7 -1.3
v 1.3 0.1 0.9
v 1.3 0.1 0.8
v 1.3 0.1 -0.8
v 1.3 0.1 -1
v 1.3 0.5 0.9
v 1.3 0.5 0.8
v 1.3 0.5 -0.8
v 1.3 0.5 -1
v 1.3 1.3 1.2
v 1.3 1.3 1
v 1.3 1.3 0.3
v 1.3 1.3 0.2
v 1.3 1.3 -1.1
v 1.3 1.3 -1.2
v 1.3 1.4 0.3
v 1.3 1.4 0.2
v 1.3 1.7 1.2
v 1.3 1.7 1
v 1.3 1.7 -1.1
v 1.3 1.7 -1.2
v 1.4 0.1 0.8
v 1.4 0.1 0.7
v 1.4 0.1 -0.7
v 1.4 0.1 -0.8
v 1.4 0.5 0.8
v 1.4 0.5 0.7
v 1.4 0.5 -0.7
v 1.4 0.5 -0.8
v 1.4 1.3 1
v 1.4 1.3 0.9
v 1.4 1.3 0.2
v 1.4 1.3 -0.0999999
v 1.4 1.3 -0.9
v 1.4 1.3 -1.1
v 1.4 1.4 0.2
v 1.4 1.4 -0.0999999
v 1.4 1.7 1
v 1.4 1.7 0.9
v 1.4 1.7 -0.9
v 1.4 1.7 -1.1
v 1.5 0.1 0.7
v 1.5 0.1 0.4
v 1.5 0.1 -0.4
v 1.5 0.1 -0.7
v 1.5 0.5 0.7
v 1.5 0.5 0.4
v 1.5 0.5 -0.4
v 1.5 0.5 -0.7
v 1.5 1.3 0.9
v 1.5 1.3 0.8
v 1.5 1.3 -0.8
v 1.5 1.3 -0.9
v 1.5 1.7 0.9
v 1.5 1.7 0.8
v 1.5 1.7 -0.8
v 1.5 1.7 -0.9
v 1.6 0.1 0.4
v 1.6 0.1 -0.4
v 1.6 0.5 0.4
v 1.6 0.5 -0.4
v 1.6 1.3 0.8
v 1.6 1.3 0.5
v 1.6 1.3 -0.5
v 1.6 1.3 -0.8
v 1.6 1.7 0.8
v 1.6 1.7 0.5
v 1.6 1.7 -0.5
v 1.6 1.7 -0.8
v 1.7 1.3 0.5
v 1.7 1.3 -0.5
v 1.7 1.7 0.5
v 1.7 1.7 -0.5
v -1.4 1.3 0.5
v -1.4 1.3 -0.5
v -1.4 1.7 0.5
v -1.4 1.7 -0.5
v -1.3 0.1 0.4
v -1.3 0.1 -0.4
v -1.3 0.5 0.4
v -1.3 0.5 -0.4
v -1.3 1.3 0.8
v -1.3 1.3 0.5
v -1.3 1.3 -0.5
v -1.3 1.3 -0.8
v -1.3 1.7 0.8
v -1.3 1.7 0.5
v -1.3 1.7 -0.5
v -1.3 1.7 -0.8
v -1.2 0.1 0.7
v -1.2 0.1 0.4
v -1.2 0.1 -0.4
v -1.2 0.1 -0.7
v -1.2 0.5 0.7
v -1.2 0.5 0.4
v -1.2 0.5 -0.4
v -1.2 0.5 -0.7
v -1.2 1.3 0.9
v -1.2 1.3 0.8
v -1.2 1.3 -0.8
v -1.2 1.3 -0.9
v -1.2 1.7 0.9
v -1.2 1.7 0.8
v -1.2 1.7 -0.8
v -1.2 1.7 -0.9
v -1.1 0.1 0.8
v -1.1 0.1 0.7
v -1.1 0.1 -0.7
v -1.1 0.1 -0.8
v -1.1 0.5 0.8
v -1.1 0.5 0.7
v -1.1 0.5 -0.7
v -1.1 0.5 -0.8
v -1.1 1.3 1.1
v -1.1 1.3 0.9
v -1.1 1.3 -0.9
v -1.1 1.3 -1.1
v -1.1 1.7 1.1
v -1.1 1.7 0.9
v -1.1 1.7 -0.9
v -1.1 1.7 -1.1
v -1 0.1 1
v -1 0.1 0.8
v -1 0.1 -0.8
v -1 0.1 -1
v -1 0.5 1
v -1 0.5 0.8
v -1 0.5 -0.8
v -1 0.5 -1
v -1 1.3 1.2
v -1 1.3 1.1
v -1 1.3 -1.1
v -1 1.3 -1.2
v -1 1.7 1.2
v -1 1.7 1.1
v -1 1.7 -1.1
v -1 1.7 -1.2
v -0.9 0.1 1.1
v -0.9 0.1 1
v -0.9 0.1 -1
v -0.9 0.1 -1.1
v -0.9 0.5 1.1
v -0.9 0.5 1
v -0.9 0.5 -1
v -0.9 0.5 -1.1
v -0.9 1.3 1.3
v -0.9 1.3 1.2
v -0.9 1.3 0.3
v -0.9 1.3 0.1
v -0.9 1.3 -1.2
v -0.9 1.3 -1.3
v -0.9 1.4 0.3
v -0.9 1.4 0.1
v -0.9 1.7 1.3
v -0.9 1.7 1.2
v -0.9 1.7 -1.2
v -0.9 1.7 -1.3
v -0.8 0.1 1.2
v -0.8 0.1 1.1
v -0.8 0.1 -1.1
v -0.8 0.1 -1.2
v -0.8 0.5 1.2
v -0.8 0.5 1.1
v -0.8 0.5 -1.1
v -0.8 0.5 -1.2
v -0.8 1.3 1.4
v -0.8 1.3 1.3
v -0.8 1.3 -0.2
v -0.8 1.3 -0.4
v -0.8 1.3 -1.3
v -0.8 1.3 -1.4
v -0.8 1.4 -0.2
v -0.8 1.4 -0.4
v -0.8 1.7 1.4
v -0.8 1.7 1.3
v -0.8 1.7 -1.3
v -0.8 1.7 -1.4
v -0.7 0.1 1.3
v -0.7 0.1 1.2
v -0.7 0.1 -1.2
v -0.7 0.1 -1.3
v -0.7 0.5 1.3
v -0.7 0.5 1.2
v -0.7 0.5 -1.2
v -0.7 0.5 -1.3
v -0.6 1.3 1.5
v -0.6 1.3 1.4
v -0.6 1.3 0.9
v -0.6 1.3 0.8
v -0.6 1.3 -1.4
v -0.6 1.3 -1.5
v -0.6 1.4 0.9
v -0.6 1.4 0.8
v -0.6 1.7 1.5
v -0.6 1.7 1.4
v -0.6 1.7 -1.4
v -0.6 1.7 -1.5
v -0.5 0.1 1.4
v -0.5 0.1 1.3
v -0.5 0.1 -0.0999999
v -0.5 0.1 -0.2
v -0.5 0.1 -1.3
v -0.5 0.1 -1.4
v -0.5 0.2 -0.0999999
v -0.5 0.2 -0.2
v -0.5 0.5 1.4
v -0.5 0.5 1.3
v -0.5 0.5 -1.3
v -0.5 0.5 -1.4
v -0.5 1.3 0.5
v -0.5 1.3 0.3
v -0.5 1.3 -0.4
v -0.5 1.3 -0.6
v -0.5 1.4 0.5
v -0.5 1.4 0.3
v -0.5 1.4 -0.4
v -0.5 1.4 -0.6
v -0.4 1.3 0.3
v -0.4 1.3 0
v -0.4 1.4 0.3
v -0.4 1.4 0
v -0.3 1.3 1.6
v -0.3 1.3 1.5
v -0.3 1.3 0.5
v -0.3 1.3 0.3
v -0.3 1.3 -0.2
v -0.3 1.3 -0.4
v -0.3 1.3 -1.5
v -0.3 1.3 -1.6
v -0.3 1.4 0.5
v -0.3 1.4 0.3
v -0.3 1.4 -0.2
v -0.3 1.4 -0.4
v -0.3 1.7 1.6
v -0.3 1.7 1.5
v -0.3 1.7 -1.5
v -0.3 1.7 -1.6
v -0.3 2.6 0.7
v -0.3 2.6 0.6
v -0.3 2.7 0.7
v -0.3 2.7 0.6
v -0.2 0.1 1.5
v -0.2 0.1 1.4
v -0.2 0.1 -1.4
v -0.2 0.1 -1.5
v -0.2 0.5 1.5
v -0.2 0.5 1.4
v -0.2 0.5 -1.4
v -0.2 0.5 -1.5
v -0.2 2.5 0.5
v -0.2 2.5 0.1
v -0.2 2.5 0
v -0.2 2.5 -0.0999999
v -0.2 2.5 -0.2
v -0.2 2.6 0.5
v -0.2 2.6 0.2
v -0.2 2.6 0.1
v -0.2 2.6 0
v -0.2 2.6 -0.2
v -0.1 1.3 -0.7
v -0.1 1.3 -0.8
v -0.1 1.4 -0.7
v -0.1 1.4 -0.8
v -0.1 2.5 -0.2
v -0.1 2.5 -0.3
v -0.1 2.5 -0.9
v -0.1 2.5 -1
v -0.1 2.6 -0.2
v -0.1 2.6 -0.3
v -0.1 2.6 -0.9
v -0.1 2.6 -1
v -0.1 3.2 -0.9
v -0.1 3.2 -1
v -0.1 3.3 -0.9
v -0.1 3.3 -1
v -0.1 3.8 0.9
v -0.1 3.8 0.8
v -0.1 3.8 0.2
v -0.1 3.8 0.1
v -0.1 3.9 0.9
v -0.1 3.9 0.8
v -0.1 3.9 0.2
v -0.1 3.9 0.1
v -1.19209e-07 1.3 0.8
v -1.19209e-07 1.3 0.7
v -1.19209e-07 1.4 0.7
v -1.19209e-07 1.5 0.8
v -1.19209e-07 1.5 0.7
v -1.19209e-07 2.4 -0.4
v -1.19209e-07 2.4 -0.8
v -1.19209e-07 2.5 -0.4
v -1.19209e-07 2.5 -0.8
v -1.19209e-07 2.6 0.4
v -1.19209e-07 2.6 0.2
v -1.19209e-07 2.7 0.4
v -1.19209e-07 2.7 0.2
v -1.19209e-07 2.7 -1
v -1.19209e-07 2.7 -1.1
v -1.19209e-07 3.1 -1
v -1.19209e-07 3.1 -1.1
v -1.19209e-07 3.3 -0.7
v -1.19209e-07 3.3 -0.8
v -1.19209e-07 3.4 1
v -1.19209e-07 3.4 0.9
v -1.19209e-07 3.4 -0.7
v -1.19209e-07 3.4 -0.8
v -1.19209e-07 3.7 1
v -1.19209e-07 3.7 0.9
v -1.19209e-07 3.9 0.7
v -1.19209e-07 3.9 0.3
v -1.19209e-07 4 0.7
v -1.19209e-07 4 0.3
v 0.0999999 1.3 0.7
v 0.0999999 1.3 0.6
v 0.0999999 1.4 0.7
v 0.0999999 1.4 0.6
v 0.0999999 1.7 0.3
v 0.0999999 1.7 0.2
v 0.0999999 2.1 0.3
v 0.0999999 2.1 0.2
v 0.0999999 2.5 -0.4
v 0.0999999 2.5 -0.5
v 0.0999999 2.5 -0.7
v 0.0999999 2.5 -0.9
v 0.0999999 2.6 -0.4
v 0.0999999 2.6 -0.5
v 0.0999999 2.6 -0.7
v 0.0999999 2.6 -0.9
v 0.0999999 2.6 -1
v 0.0999999 2.8 -0.9
v 0.0999999 2.8 -1
v 0.0999999 3 -0.9
v 0.0999999 3 -1
v 0.0999999 3.2 -0.7
v 0.0999999 3.2 -0.9
v 0.0999999 3.2 -1
v 0.0999999 3.3 -0.7
v 0.0999999 3.3 -0.9
v 0.0999999 3.6 0.9
v 0.0999999 3.6 0.8
v 0.0999999 3.8 0.9
v 0.0999999 3.8 0.8
v 0.0999999 3.8 0.6
v 0.0999999 3.9 0.8
v 0.0999999 3.9 0.6
v 0.2 1.3 0.4
v 0.2 1.3 0.3
v 0.2 1.5 0.4
v 0.2 1.5 0.3
v 0.2 1.6 0.3
v 0.2 1.6 0.2
v 0.2 1.6 -0.0999999
v 0.2 1.6 -0.2
v 0.2 1.7 0.3
v 0.2 1.7 0.2
v 0.2 1.8 -0.0999999
v 0.2 1.8 -0.2
v 0.2 2.1 0.3
v 0.2 2.1 0.2
v 0.2 2.2 -0.2
v 0.2 2.2 -0.3
v 0.2 2.3 -0.0999999
v 0.2 2.3 -0.2
v 0.2 2.3 -0.3
v 0.2 2.5 0.3
v 0.2 2.5 0.2
v 0.2 2.5 -0.0999999
v 0.2 2.5 -0.2
v 0.2 2.5 -0.5
v 0.2 2.5 -0.7
v 0.2 2.6 -0.5
v 0.2 2.6 -0.6
v 0.2 2.6 -0.7
v 0.2 2.6 -0.9
v 0.2 2.7 -0.6
v 0.2 2.7 -0.8
v 0.2 2.8 -0.9
v 0.2 2.8 -1
v 0.2 3 -0.9
v 0.2 3 -1
v 0.2 3.1 -0.7
v 0.2 3.1 -0.8
v 0.2 3.2 -0.6
v 0.2 3.2 -0.7
v 0.2 3.2 -0.9
v 0.2 3.3 -0.6
v 0.2 3.3 -0.7
v 0.2 3.5 0.9
v 0.2 3.5 0.7
v 0.2 3.6 0.9
v 0.2 3.6 0.8
v 0.2 3.8 0.8
v 0.2 3.8 0.7
v 0.3 1.3 0.9
v 0.3 1.3 0.8
v 0.3 1.3 -0.2
v 0.3 1.3 -0.3
v 0.3 1.3 -1
v 0.3 1.3 -1.1
v 0.3 1.4 0.9
v 0.3 1.4 0.8
v 0.3 1.4 -0.2
v 0.3 1.4 -0.3
v 0.3 1.4 -1
v 0.3 1.4 -1.1
v 0.3 1.5 0
v 0.3 1.5 -0.0999999
v 0.3 1.6 0.1
v 0.3 1.6 0
v 0.3 1.6 -0.0999999
v 0.3 1.7 0.3
v 0.3 1.7 0.2
v 0.3 1.7 0.1
v 0.3 1.7 0
v 0.3 1.7 -0.0999999
v 0.3 1.8 0.3
v 0.3 1.8 0.2
v 0.3 1.8 0.1
v 0.3 1.8 0
v 0.3 1.8 -0.0999999
v 0.3 1.8 -0.2
v 0.3 1.9 0
v 0.3 1.9 -0.0999999
v 0.3 2.2 0
v 0.3 2.2 -0.0999999
v 0.3 2.3 -0.0999999
v 0.3 2.3 -0.2
v 0.3 2.3 -0.3
v 0.3 2.4 -0.3
v 0.3 2.4 -0.4
v 0.3 2.5 0.2
v 0.3 2.5 0.1
v 0.3 2.5 -0.2
v 0.3 2.5 -0.4
v 0.3 2.6 1.1
v 0.3 2.6 1
v 0.3 2.7 1.1
v 0.3 2.7 1
v 0.3 2.7 -0.7
v 0.3 2.7 -0.8
v 0.3 2.9 -0.7
v 0.3 2.9 -0.8
v 0.3 3.3 1.1
v 0.3 3.3 1
v 0.3 3.4 1.1
v 0.3 3.4 1
v 0.3 3.8 -0.5
v 0.3 3.8 -0.6
v 0.3 3.9 -0.5
v 0.3 3.9 -0.6
v 0.4 1.3 1
v 0.4 1.3 0.9
v 0.4 1.3 0.7
v 0.4 1.3 0.6
v 0.4 1.3 0.3
v 0.4 1.3 -0.2
v 0.4 1.3 -0.5
v 0.4 1.3 -0.6
v 0.4 1.4 1
v 0.4 1.4 0.9
v 0.4 1.4 0.7
v 0.4 1.4 0.6
v 0.4 1.4 -0.5
v 0.4 1.4 -0.6
v 0.4 1.5 0.3
v 0.4 1.5 0.2
v 0.4 1.5 0
v 0.4 1.5 -0.0999999
v 0.4 1.6 0.1
v 0.4 1.6 0
v 0.4 1.6 -0.0999999
v 0.4 1.6 -0.2
v 0.4 1.7 0.1
v 0.4 1.7 0
v 0.4 1.7 -0.0999999
v 0.4 1.8 0.2
v 0.4 1.8 0.1
v 0.4 1.8 0
v 0.4 1.8 -0.0999999
v 0.4 1.9 0
v 0.4 1.9 -0.0999999
v 0.4 2 0.1
v 0.4 2 0
v 0.4 2.3 0
v 0.4 2.3 -0.0999999
v 0.4 2.5 0.9
v 0.4 2.5 0.5
v 0.4 2.5 0
v 0.4 2.5 -0.0999999
v 0.4 2.6 0.9
v 0.4 2.6 0.5
v 0.4 2.8 1.2
v 0.4 2.8 1.1
v 0.4 3.2 1.2
v 0.4 3.2 1.1
v 0.4 3.4 0.9
v 0.4 3.4 0.8
v 0.4 3.4 -0.6
v 0.4 3.4 -0.7
v 0.4 3.5 0.9
v 0.4 3.5 0.8
v 0.4 3.7 -0.6
v 0.4 3.7 -0.7
v 0.4 3.9 0
v 0.4 3.9 -0.4
v 0.4 4 0
v 0.4 4 -0.4
v 0.5 0 1.5
v 0.5 0 1.4
v 0.5 0 -1.4
v 0.5 0 -1.5
v 0.5 0.1 1.5
v 0.5 0.1 1.4
v 0.5 0.1 -1.4
v 0.5 0.1 -1.5
v 0.5 1.3 0.8
v 0.5 1.3 0.7
v 0.5 1.4 0.8
v 0.5 1.4 0.7
v 0.5 2 0.1
v 0.5 2 0
v 0.5 2.2 0
v 0.5 2.2 -0.0999999
v 0.5 2.3 0
v 0.5 2.3 -0.0999999
v 0.5 2.4 0.1
v 0.5 2.4 0
v 0.5 2.6 1
v 0.5 2.6 0.8
v 0.5 2.7 1.1
v 0.5 2.7 1
v 0.5 2.7 0.8
v 0.5 2.9 1.1
v 0.5 2.9 1
v 0.5 3.1 1.1
v 0.5 3.1 1
v 0.5 3.3 1.1
v 0.5 3.3 1
v 0.5 3.3 0.8
v 0.5 3.4 1
v 0.5 3.4 0.8
v 0.5 3.6 -0.5
v 0.5 3.6 -0.6
v 0.5 3.8 -0.3
v 0.5 3.8 -0.5
v 0.5 3.8 -0.6
v 0.5 3.9 -0.3
v 0.5 3.9 -0.5
v 0.6 0.1 1.6
v 0.6 0.1 1.5
v 0.6 0.1 -1.5
v 0.6 0.1 -1.6
v 0.6 0.5 1.6
v 0.6 0.5 1.5
v 0.6 0.5 -1.5
v 0.6 0.5 -1.6
v 0.6 1.3 0.7
v 0.6 1.3 0.4
v 0.6 1.3 -0.2
v 0.6 1.3 -0.4
v 0.6 1.4 0.7
v 0.6 1.4 0.6
v 0.6 1.4 0.5
v 0.6 1.4 0.4
v 0.6 1.4 -0.2
v 0.6 1.4 -0.4
v 0.6 1.5 0.6
v 0.6 1.5 0.5
v 0.6 2.6 0.8
v 0.6 2.6 0.6
v 0.6 2.7 1
v 0.6 2.7 0.8
v 0.6 2.7 0.7
v 0.6 2.7 0.6
v 0.6 2.8 0.9
v 0.6 2.8 0.7
v 0.6 2.9 1.1
v 0.6 2.9 1
v 0.6 3.1 1.1
v 0.6 3.1 1
v 0.6 3.2 0.9
v 0.6 3.2 0.7
v 0.6 3.3 1
v 0.6 3.3 0.8
v 0.6 3.3 0.7
v 0.6 3.5 -0.4
v 0.6 3.5 -0.6
v 0.6 3.6 -0.5
v 0.6 3.6 -0.6
v 0.6 3.7 -0.0999999
v 0.6 3.7 -0.4
v 0.6 3.8 0.7
v 0.6 3.8 0.6
v 0.6 3.8 0
v 0.6 3.8 -0.0999999
v 0.6 3.8 -0.3
v 0.6 3.8 -0.5
v 0.6 3.9 0.7
v 0.6 3.9 0.6
v 0.6 3.9 0
v 0.6 3.9 -0.3
v 0.7 0.5 1.7
v 0.7 0.5 1.6
v 0.7 0.5 -1.6
v 0.7 0.5 -1.7
v 0.7 1.3 1
v 0.7 1.3 0.9
v 0.7 1.3 -0.7
v 0.7 1.3 -0.9
v 0.7 1.4 1
v 0.7 1.4 0.9
v 0.7 1.4 -0.7
v 0.7 1.4 -0.9
v 0.7 1.7 1.7
v 0.7 1.7 1.6
v 0.7 1.7 -1.6
v 0.7 1.7 -1.7
v 0.7 2.5 0.6
v 0.7 2.5 0.5
v 0.7 2.5 -0.0999999
v 0.7 2.5 -0.2
v 0.7 2.6 0.6
v 0.7 2.6 0.5
v 0.7 2.6 -0.0999999
v 0.7 2.6 -0.2
v 0.7 2.8 0.9
v 0.7 2.8 0.7
v 0.7 3.1 0.7
v 0.7 3.1 0.6
v 0.7 3.2 0.9
v 0.7 3.2 0.7
v 0.7 3.2 0.6
v 0.7 3.3 0.8
v 0.7 3.3 0.7
v 0.7 3.4 -0.0999999
v 0.7 3.4 -0.2
v 0.7 3.5 -0.2
v 0.7 3.5 -0.4
v 0.7 3.7 0.8
v 0.7 3.7 0.7
v 0.7 3.7 -0.0999999
v 0.7 3.7 -0.4
v 0.7 3.9 0.5
v 0.7 3.9 0.1
v 0.7 4 0.5
v 0.7 4 0.1
v 0.8 0 1.4
v 0.8 0 1.3
v 0.8 0 -1.3
v 0.8 0 -1.4
v 0.8 0.1 1.4
v 0.8 0.1 1.3
v 0.8 0.1 -1.3
v 0.8 0.1 -1.4
v 0.8 1.3 0.9
v 0.8 1.3 0.8
v 0.8 1.3 0.1
v 0.8 1.3 0
v 0.8 1.4 0.9
v 0.8 1.4 0.8
v 0.8 1.4 0.1
v 0.8 1.4 0
v 0.8 2.4 0.4
v 0.8 2.4 0
v 0.8 2.5 0.4
v 0.8 2.5 0
v 0.8 2.6 -0.7
v 0.8 2.6 -0.8
v 0.8 2.7 0.7
v 0.8 2.7 0.6
v 0.8 2.7 -0.7
v 0.8 2.7 -0.8
v 0.8 3.1 0.7
v 0.8 3.1 0.6
v 0.8 3.2 0.7
v 0.8 3.2 0.6
v 0.8 3.3 0
v 0.8 3.3 -0.0999999
v 0.8 3.3 -0.7
v 0.8 3.3 -0.8
v 0.8 3.4 0.7
v 0.8 3.4 0.6
v 0.8 3.4 0
v 0.8 3.4 -0.0999999
v 0.8 3.4 -0.7
v 0.8 3.4 -0.8
v 0.8 3.6 0.7
v 0.8 3.6 0.6
v 0.8 3.6 0
v 0.8 3.6 -0.0999999
v 0.8 3.8 0.7
v 0.8 3.8 0.6
v 0.8 3.8 0.4
v 0.8 3.8 0.2
v 0.8 3.8 0
v 0.8 3.8 -0.0999999
v 0.8 3.9 0.6
v 0.8 3.9 0.4
v 0.8 3.9 0.2
v 0.8 3.9 0
v 0.9 0.1 1.5
v 0.9 0.1 1.4
v 0.9 0.1 -1.4
v 0.9 0.1 -1.5
v 0.9 0.5 1.5
v 0.9 0.5 1.4
v 0.9 0.5 -1.4
v 0.9 0.5 -1.5
v 0.9 1.3 0.4
v 0.9 1.3 0.2
v 0.9 1.4 0.4
v 0.9 1.4 0.2
v 0.9 2.5 0.5
v 0.9 2.5 0.3
v 0.9 2.5 0.1
v 0.9 2.5 -0.0999999
v 0.9 2.5 -0.2
v 0.9 2.5 -0.6
v 0.9 2.6 0.6
v 0.9 2.6 0.5
v 0.9 2.6 0.3
v 0.9 2.6 0.1
v 0.9 2.6 -0.0999999
v 0.9 2.6 -0.2
v 0.9 2.6 -0.6
v 0.9 2.8 0.6
v 0.9 2.8 0.5
v 0.9 2.8 -0.8
v 0.9 2.8 -0.9
v 0.9 3 0.6
v 0.9 3 0.5
v 0.9 3.2 0.5
v 0.9 3.2 0.3
v 0.9 3.2 0.1
v 0.9 3.2 0
v 0.9 3.2 -0.8
v 0.9 3.2 -0.9
v 0.9 3.3 0.5
v 0.9 3.3 0.3
v 0.9 3.3 0
v 0.9 3.4 0.7
v 0.9 3.4 0.6
v 0.9 3.4 0
v 0.9 3.4 -0.0999999
v 0.9 3.4 -0.2
v 0.9 3.4 -0.6
v 0.9 3.5 -0.2
v 0.9 3.5 -0.6
v 0.9 3.6 0.7
v 0.9 3.6 0.6
v 0.9 3.6 0
v 0.9 3.6 -0.0999999
v 0.9 3.7 0.5
v 0.9 3.7 0.1
v 0.9 3.8 0.6
v 0.9 3.8 0.4
v 0.9 3.8 0.2
v 0.9 3.8 0
v 0.9 3.9 0.4
v 0.9 3.9 0.2
v 1 0 1.3
v 1 0 1.2
v 1 0 -1.2
v 1 0 -1.3
v 1 0.1 1.3
v 1 0.1 1.2
v 1 0.1 -1.2
v 1 0.1 -1.3
v 1 0.5 1.6
v 1 0.5 1.5
v 1 0.5 -1.5
v 1 0.5 -1.6
v 1 1.3 1
v 1 1.3 0.9
v 1 1.3 0.5
v 1 1.3 0.4
v 1 1.3 0.1
v 1 1.3 -0.0999999
v 1 1.3 -0.4
v 1 1.3 -0.7
v 1 1.4 1
v 1 1.4 0.9
v 1 1.4 0.5
v 1 1.4 0.4
v 1 1.4 0.1
v 1 1.4 -0.0999999
v 1 1.4 -0.4
v 1 1.4 -0.7
v 1 1.7 1.6
v 1 1.7 1.5
v 1 1.7 -1.5
v 1 1.7 -1.6
v 1 2.5 0.3
v 1 2.5 0.1
v 1 2.6 0.5
v 1 2.6 0.3
v 1 2.6 0.1
v 1 2.6 -0.3
v 1 2.6 -0.5
v 1 2.6 -0.7
v 1 2.7 0.4
v 1 2.7 0
v 1 2.7 -0.0999999
v 1 2.7 -0.3
v 1 2.7 -0.5
v 1 2.7 -0.7
v 1 2.7 -0.8
v 1 2.8 0.6
v 1 2.8 0.5
v 1 2.9 0
v 1 2.9 -0.0999999
v 1 2.9 -0.7
v 1 2.9 -0.8
v 1 3 0.6
v 1 3 0.5
v 1 3.1 0.4
v 1 3.1 -0.0999999
v 1 3.1 -0.7
v 1 3.1 -0.8
v 1 3.2 0.5
v 1 3.2 0.3
v 1 3.2 0.1
v 1 3.2 0
v 1 3.3 0.5
v 1 3.3 0.3
v 1 3.3 0
v 1 3.3 -0.0999999
v 1 3.3 -0.3
v 1 3.3 -0.5
v 1 3.3 -0.7
v 1 3.3 -0.8
v 1 3.4 -0.0999999
v 1 3.4 -0.3
v 1 3.4 -0.5
v 1 3.4 -0.7
v 1 3.7 0.5
v 1 3.7 0.1
v 1.1 0 1.2
v 1.1 0 1.1
v 1.1 0 -1.1
v 1.1 0 -1.2
v 1.1 0.1 1.4
v 1.1 0.1 1.3
v 1.1 0.1 1.2
v 1.1 0.1 1.1
v 1.1 0.1 -1.1
v 1.1 0.1 -1.2
v 1.1 0.1 -1.3
v 1.1 0.1 -1.4
v 1.1 0.5 1.4
v 1.1 0.5 1.3
v 1.1 0.5 -1.3
v 1.1 0.5 -1.4
v 1.1 1.3 -0.0999999
v 1.1 1.3 -0.2
v 1.1 1.4 -0.0999999
v 1.1 1.4 -0.2
v 1.1 2.6 -0.3
v 1.1 2.6 -0.5
v 1.1 2.7 0.4
v 1.1 2.7 0
v 1.1 2.7 -0.0999999
v 1.1 2.7 -0.3
v 1.1 2.7 -0.5
v 1.1 2.7 -0.7
v 1.1 2.8 -0.2
v 1.1 2.8 -0.6
v 1.1 2.9 0
v 1.1 2.9 -0.0999999
v 1.1 2.9 -0.7
v 1.1 2.9 -0.8
v 1.1 3.1 0.4
v 1.1 3.1 -0.0999999
v 1.1 3.1 -0.7
v 1.1 3.1 -0.8
v 1.1 3.2 -0.2
v 1.1 3.2 -0.6
v 1.1 3.3 -0.0999999
v 1.1 3.3 -0.3
v 1.1 3.3 -0.5
v 1.1 3.3 -0.7
v 1.1 3.4 -0.3
v 1.1 3.4 -0.5
v 1.2 0 1.1
v 1.2 0 1
v 1.2 0 -1
v 1.2 0 -1.1
v 1.2 0.1 1.3
v 1.2 0.1 1.2
v 1.2 0.1 1.1
v 1.2 0.1 1
v 1.2 0.1 -1
v 1.2 0.1 -1.1
v 1.2 0.1 -1.2
v 1.2 0.1 -1.3
v 1.2 0.5 1.5
v 1.2 0.5 1.4
v 1.2 0.5 1.3
v 1.2 0.5 1.2
v 1.2 0.5 -1.2
v 1.2 0.5 -1.3
v 1.2 0.5 -1.4
v 1.2 0.5 -1.5
v 1.2 1.3 0.6
v 1.2 1.3 0.5
v 1.2 1.4 0.6
v 1.2 1.4 0.5
v 1.2 1.7 1.5
v 1.2 1.7 1.4
v 1.2 1.7 -1.4
v 1.2 1.7 -1.5
v 1.2 2.8 -0.2
v 1.2 2.8 -0.6
v 1.2 3.2 -0.2
v 1.2 3.2 -0.6
v 1.3 0 1
v 1.3 0 0.8
v 1.3 0 -0.8
v 1.3 0 -1
v 1.3 0.1 1.2
v 1.3 0.1 1
v 1.3 0.1 0.8
v 1.3 0.1 -0.8
v 1.3 0.1 -1
v 1.3 0.1 -1.1
v 1.3 0.1 -1.2
v 1.3 0.5 1.4
v 1.3 0.5 1.3
v 1.3 0.5 1.2
v 1.3 0.5 1
v 1.3 0.5 -1.1
v 1.3 0.5 -1.2
v 1.3 0.5 -1.3
v 1.3 0.5 -1.4
v 1.3 1.3 0.5
v 1.3 1.3 0.3
v 1.3 1.4 0.5
v 1.3 1.4 0.3
v 1.3 1.7 1.4
v 1.3 1.7 1.3
v 1.3 1.7 -1.3
v 1.3 1.7 -1.4
v 1.4 0 0.8
v 1.4 0 0.7
v 1.4 0 -0.7
v 1.4 0 -0.8
v 1.4 0.1 1
v 1.4 0.1 0.9
v 1.4 0.1 0.8
v 1.4 0.1 0.7
v 1.4 0.1 -0.7
v 1.4 0.1 -0.8
v 1.4 0.1 -0.9
v 1.4 0.1 -1.1
v 1.4 0.5 1.3
v 1.4 0.5 1.1
v 1.4 0.5 1
v 1.4 0.5 0.9
v 1.4 0.5 -0.9
v 1.4 0.5 -1.1
v 1.4 0.5 -1.2
v 1.4 0.5 -1.3
v 1.4 1.7 1.3
v 1.4 1.7 1.1
v 1.4 1.7 -1.2
v 1.4 1.7 -1.3
v 1.5 0 0.7
v 1.5 0 0.4
v 1.5 0 -0.4
v 1.5 0 -0.7
v 1.5 0.1 0.9
v 1.5 0.1 0.8
v 1.5 0.1 0.7
v 1.5 0.1 0.4
v 1.5 0.1 -0.4
v 1.5 0.1 -0.7
v 1.5 0.1 -0.8
v 1.5 0.1 -0.9
v 1.5 0.5 1.1
v 1.5 0.5 1
v 1.5 0.5 0.9
v 1.5 0.5 0.8
v 1.5 0.5 -0.8
v 1.5 0.5 -0.9
v 1.5 0.5 -1
v 1.5 0.5 -1.2
v 1.5 1.3 0.3
v 1.5 1.3 -0.0999999
v 1.5 1.4 0.3
v 1.5 1.4 -0.0999999
v 1.5 1.7 1.1
v 1.5 1.7 1
v 1.5 1.7 -1
v 1.5 1.7 -1.2
v 1.6 0 0.4
v 1.6 0 -0.4
v 1.6 0.1 0.8
v 1.6 0.1 0.5
v 1.6 0.1 0.4
v 1.6 0.1 -0.4
v 1.6 0.1 -0.5
v 1.6 0.1 -0.8
v 1.6 0.5 1
v 1.6 0.5 0.9
v 1.6 0.5 0.8
v 1.6 0.5 0.5
v 1.6 0.5 -0.5
v 1.6 0.5 -0.8
v 1.6 0.5 -0.9
v 1.6 0.5 -1
v 1.6 1.7 1
v 1.6 1.7 0.9
v 1.6 1.7 -0.9
v 1.6 1.7 -1
v 1.7 0.1 0.5
v 1.7 0.1 -0.5
v 1.7 0.5 0.9
v 1.7 0.5 0.6
v 1.7 0.5 0.5
v 1.7 0.5 -0.5
v 1.7 0.5 -0.9
v 1.7 1.7 0.9
v 1.7 1.7 0.6
v 1.7 1.7 -0.5
v 1.7 1.7 -0.9
v 1.8 0.5 0.6
v 1.8 0.5 -0.5
v 1.8 1.7 0.6
v 1.8 1.7 -0.5
v -0.4 0.5 1.7
v -0.4 1.7 1.7
v 0.7 0.5 1.7
v 0.7 1.7 1.7
v -0.7 0.5 1.6
v -0.7 1.7 1.6
v -0.4 0.5 1.6
v -0.4 1.7 1.6
v -0.3 0.1 1.6
v -0.3 0.5 1.6
v 0.6 0.1 1.6
v 0.6 0.5 1.6
v 0.7 0.5 1.6
v 0.7 1.7 1.6
v 1 0.5 1.6
v 1 1.7 1.6
v -0.9 0.5 1.5
v -0.9 1.7 1.5
v -0.7 0.5 1.5
v -0.7 1.7 1.5
v -0.6 0.1 1.5
v -0.6 0.5 1.5
v -0.3 0.1 1.5
v -0.3 0.5 1.5
v -0.2 0 1.5
v -0.2 0.1 1.5
v 0.5 0 1.5
v 0.5 0.1 1.5
v 0.6 0.1 1.5
v 0.6 0.5 1.5
v 0.9 0.1 1.5
v 0.9 0.5 1.5
v 1 0.5 1.5
v 1 1.7 1.5
v 1.2 0.5 1.5
v 1.2 1.7 1.5
v -1 0.5 1.4
v -1 1.7 1.4
v -0.9 0.5 1.4
v -0.9 1.7 1.4
v -0.8 0.1 1.4
v -0.8 0.5 1.4
v -0.6 0.1 1.4
v -0.6 0.5 1.4
v -0.5 0 1.4
v -0.5 0.1 1.4
v -0.2 0 1.4
v -0.2 0.1 1.4
v 0.5 0 1.4
v 0.5 0.1 1.4
v 0.8 0 1.4
v 0.8 0.1 1.4
v 0.9 0.1 1.4
v 0.9 0.5 1.4
v 1.1 0.1 1.4
v 1.1 0.5 1.4
v 1.2 0.5 1.4
v 1.2 1.7 1.4
v 1.3 0.5 1.4
v 1.3 1.7 1.4
v -1.1 0.5 1.3
v -1.1 1.7 1.3
v -1 0.5 1.3
v -1 1.7 1.3
v -0.9 0.1 1.3
v -0.9 0.5 1.3
v -0.8 0.1 1.3
v -0.8 0.5 1.3
v -0.7 0 1.3
v -0.7 0.1 1.3
v -0.5 0 1.3
v -0.5 0.1 1.3
v 0.8 0 1.3
v 0.8 0.1 1.3
v 1 0 1.3
v 1 0.1 1.3
v 1.1 0.1 1.3
v 1.1 0.5 1.3
v 1.2 0.1 1.3
v 1.2 0.5 1.3
v 1.3 0.5 1.3
v 1.3 1.7 1.3
v 1.4 0.5 1.3
v 1.4 1.7 1.3
v -1.2 0.5 1.2
v -1.2 1.7 1.2
v -1.1 0.5 1.2
v -1.1 1.7 1.2
v -1 0.1 1.2
v -1 0.5 1.2
v -0.9 0.1 1.2
v -0.9 0.5 1.2
v -0.8 0 1.2
v -0.8 0.1 1.2
v -0.7 0 1.2
v -0.7 0.1 1.2
v -1.19209e-07 2.8 1.2
v -1.19209e-07 3.2 1.2
v 0.4 2.8 1.2
v 0.4 3.2 1.2
v 1 0 1.2
v 1 0.1 1.2
v 1.1 0 1.2
v 1.1 0.1 1.2
v 1.2 0.1 1.2
v 1.2 0.5 1.2
v 1.3 0.1 1.2
v 1.3 0.5 1.2
v -1.1 0.1 1.1
v -1.1 0.5 1.1
v -1 0.1 1.1
v -1 0.5 1.1
v -0.9 0 1.1
v -0.9 0.1 1.1
v -0.8 0 1.1
v -0.8 0.1 1.1
v -0.2 2.9 1.1
v -0.2 3.1 1.1
v -0.1 2.7 1.1
v -0.1 2.9 1.1
v -0.1 3.1 1.1
v -0.1 3.3 1.1
v -1.19209e-07 2.8 1.1
v -1.19209e-07 3.2 1.1
v 0.0999999 2.6 1.1
v 0.0999999 2.7 1.1
v 0.0999999 3.3 1.1
v 0.0999999 3.4 1.1
v 0.3 2.6 1.1
v 0.3 2.7 1.1
v 0.3 3.3 1.1
v 0.3 3.4 1.1
v 0.4 2.8 1.1
v 0.4 3.2 1.1
v 0.5 2.7 1.1
v 0.5 2.9 1.1
v 0.5 3.1 1.1
v 0.5 3.3 1.1
v 0.6 2.9 1.1
v 0.6 3.1 1.1
v 1.1 0 1.1
v 1.1 0.1 1.1
v 1.2 0 1.1
v 1.2 0.1 1.1
v 1.4 0.5 1.1
v 1.4 1.7 1.1
v 1.5 0.5 1.1
v 1.5 1.7 1.1
v -1.3 0.5 1
v -1.3 1.7 1
v -1.2 0.5 1
v -1.2 1.7 1
v -1 0 1
v -1 0.1 1
v -0.9 0 1
v -0.9 0.1 1
v -0.4 3.3 1
v -0.4 3.7 1
v -0.2 2.7 1
v -0.2 2.9 1
v -0.2 3.1 1
v -0.2 3.3 1
v -0.1 2.6 1
v -0.1 2.7 1
v -0.1 2.9 1
v -0.1 3.1 1
v -0.1 3.3 1
v -1.19209e-07 3.4 1
v -1.19209e-07 3.7 1
v 0.0999999 2.6 1
v 0.0999999 2.7 1
v 0.0999999 3.3 1
v 0.0999999 3.4 1
v 0.2 1.3 1
v 0.2 1.4 1
v 0.3 2.6 1
v 0.3 2.7 1
v 0.3 3.3 1
v 0.3 3.4 1
v 0.4 1.3 1
v 0.4 1.4 1
v 0.5 2.6 1
v 0.5 2.7 1
v 0.5 2.9 1
v 0.5 3.1 1
v 0.5 3.3 1
v 0.5 3.4 1
v 0.6 1.3 1
v 0.6 1.4 1
v 0.6 2.7 1
v 0.6 2.9 1
v 0.6 3.1 1
v 0.6 3.3 1
v 0.7 1.3 1
v 0.7 1.4 1
v 0.8 1.3 1
v 0.8 1.4 1
v 1 1.3 1
v 1 1.4 1
v 1.2 0 1
v 1.2 0.1 1
v 1.3 0 1
v 1.3 0.1 1
v 1.3 0.5 1
v 1.4 0.1 1
v 1.4 0.5 1
v 1.5 0.5 1
v 1.5 1.7 1
v 1.6 0.5 1
v 1.6 1.7 1
v -1.4 0.5 0.9
v -1.4 1.7 0.9
v -1.3 0.5 0.9
v -1.3 1.7 0.9
v -1.2 0.1 0.9
v -1.2 0.5 0.9
v -1.1 0.1 0.9
v -1.1 0.5 0.9
v -0.8 1.3 0.9
v -0.8 1.4 0.9
v -0.6 1.3 0.9
v -0.6 1.4 0.9
v -0.6 3.4 0.9
v -0.6 3.6 0.9
v -0.5 3.2 0.9
v -0.5 3.4 0.9
v -0.5 3.6 0.9
v -0.5 3.8 0.9
v -0.4 3.3 0.9
v -0.4 3.7 0.9
v -0.3 2.8 0.9
v -0.3 3.2 0.9
v -0.3 3.8 0.9
v -0.3 3.9 0.9
v -0.2 2.8 0.9
v -0.2 3.3 0.9
v -0.1 3.8 0.9
v -0.1 3.9 0.9
v -1.19209e-07 2.5 0.9
v -1.19209e-07 2.6 0.9
v -1.19209e-07 3.4 0.9
v -1.19209e-07 3.7 0.9
v 0.0999999 1.3 0.9
v 0.0999999 1.4 0.9
v 0.0999999 3.6 0.9
v 0.0999999 3.8 0.9
v 0.2 1.3 0.9
v 0.2 1.4 0.9
v 0.2 3.5 0.9
v 0.2 3.6 0.9
v 0.4 2.5 0.9
v 0.4 2.6 0.9
v 0.4 3.4 0.9
v 0.4 3.5 0.9
v 0.6 2.8 0.9
v 0.6 3.2 0.9
v 0.7 1.3 0.9
v 0.7 1.4 0.9
v 0.7 2.8 0.9
v 0.7 3.2 0.9
v 0.8 1.3 0.9
v 0.8 1.4 0.9
v 1.4 0.1 0.9
v 1.4 0.5 0.9
v 1.5 0.1 0.9
v 1.5 0.5 0.9
v 1.6 0.5 0.9
v 1.6 1.7 0.9
v 1.7 0.5 0.9
v 1.7 1.7 0.9
v -1.3 0.1 0.8
v -1.3 0.5 0.8
v -1.2 0.1 0.8
v -1.2 0.5 0.8
v -1.1 0 0.8
v -1.1 0.1 0.8
v -1 0 0.8
v -1 0.1 0.8
v -0.6 2.8 0.8
v -0.6 3.4 0.8
v -0.6 3.6 0.8
v -0.6 3.8 0.8
v -0.5 3.2 0.8
v -0.5 3.4 0.8
v -0.5 3.6 0.8
v -0.5 3.8 0.8
v -0.5 3.9 0.8
v -0.3 2.8 0.8
v -0.3 3.2 0.8
v -0.3 3.8 0.8
v -0.3 3.9 0.8
v -0.2 1.3 0.8
v -0.2 1.4 0.8
v -0.2 2.6 0.8
v -0.2 2.7 0.8
v -0.1 1.4 0.8
v -0.1 1.5 0.8
v -0.1 2.6 0.8
v -0.1 2.7 0.8
v -0.1 3.8 0.8
v -0.1 3.9 0.8
v -1.19209e-07 1.3 0.8
v -1.19209e-07 1.5 0.8
v 0.0999999 3.6 0.8
v 0.0999999 3.8 0.8
v 0.0999999 3.9 0.8
v 0.2 3.6 0.8
v 0.2 3.8 0.8
v 0.3 1.3 0.8
v 0.3 1.4 0.8
v 0.3 3.5 0.8
v 0.3 3.7 0.8
v 0.4 3.4 0.8
v 0.4 3.5 0.8
v 0.5 1.3 0.8
v 0.5 1.4 0.8
v 0.5 2.6 0.8
v 0.5 2.7 0.8
v 0.5 3.3 0.8
v 0.5 3.4 0.8
v 0.6 2.6 0.8
v 0.6 2.7 0.8
v 0.6 3.3 0.8
v 0.7 3.3 0.8
v 0.7 3.7 0.8
v 1.3 0 0.8
v 1.3 0.1 0.8
v 1.4 0 0.8
v 1.4 0.1 0.8
v 1.5 0.1 0.8
v 1.5 0.5 0.8
v 1.6 0.1 0.8
v 1.6 0.5 0.8
v -1.2 0 0.7
v -1.2 0.1 0.7
v -1.1 0 0.7
v -1.1 0.1 0.7
v -0.8 2.9 0.7
v -0.8 3.1 0.7
v -0.7 2.7 0.7
v -0.7 2.9 0.7
v -0.7 3.1 0.7
v -0.7 3.7 0.7
v -0.6 2.8 0.7
v -0.6 3.7 0.7
v -0.5 2.6 0.7
v -0.5 2.7 0.7
v -0.4 3.9 0.7
v -0.4 4 0.7
v -0.3 2.6 0.7
v -0.3 2.7 0.7
v -0.2 2.7 0.7
v -0.2 2.8 0.7
v -1.19209e-07 1.3 0.7
v -1.19209e-07 1.4 0.7
v -1.19209e-07 3.9 0.7
v -1.19209e-07 4 0.7
v 0.0999999 1.3 0.7
v 0.0999999 1.4 0.7
v 0.2 3.5 0.7
v 0.2 3.8 0.7
v 0.3 3.5 0.7
v 0.3 3.7 0.7
v 0.4 3.8 0.7
v 0.4 3.9 0.7
v 0.5 1.3 0.7
v 0.5 1.4 0.7
v 0.6 1.3 0.7
v 0.6 1.4 0.7
v 0.6 2.7 0.7
v 0.6 2.8 0.7
v 0.6 3.2 0.7
v 0.6 3.3 0.7
v 0.6 3.8 0.7
v 0.6 3.9 0.7
v 0.7 2.8 0.7
v 0.7 3.1 0.7
v 0.7 3.2 0.7
v 0.7 3.3 0.7
v 0.7 3.7 0.7
v 0.8 2.7 0.7
v 0.8 3.1 0.7
v 0.8 3.2 0.7
v 0.8 3.4 0.7
v 0.8 3.6 0.7
v 0.8 3.8 0.7
v 0.9 3.4 0.7
v 0.9 3.6 0.7
v 1.4 0 0.7
v 1.4 0.1 0.7
v 1.5 0 0.7
v 1.5 0.1 0.7
v -1.5 0.5 0.6
v -1.5 1.7 0.6
v -1.4 0.5 0.6
v -1.4 1.7 0.6
v -0.8 2.7 0.6
v -0.8 2.9 0.6
v -0.8 3.1 0.6
v -0.8 3.3 0.6
v -0.7 2.6 0.6
v -0.7 2.7 0.6
v -0.7 2.9 0.6
v -0.7 3.1 0.6
v -0.7 3.3 0.6
v -0.6 3.8 0.6
v -0.6 3.9 0.6
v -0.5 2.6 0.6
v -0.5 2.7 0.6
v -0.5 3.8 0.6
v -0.5 3.9 0.6
v -0.3 2.6 0.6
v -0.3 2.7 0.6
v -0.2 2.6 0.6
v -0.2 2.7 0.6
v 0.0999999 3.8 0.6
v 0.0999999 3.9 0.6
v 0.4 3.8 0.6
v 0.4 3.9 0.6
v 0.5 1.4 0.6
v 0.5 1.5 0.6
v 0.5 2.5 0.6
v 0.5 2.6 0.6
v 0.6 1.4 0.6
v 0.6 1.5 0.6
v 0.6 2.6 0.6
v 0.6 2.7 0.6
v 0.6 3.8 0.6
v 0.6 3.9 0.6
v 0.7 2.5 0.6
v 0.7 2.6 0.6
v 0.7 3.1 0.6
v 0.7 3.2 0.6
v 0.8 2.7 0.6
v 0.8 3.1 0.6
v 0.8 3.2 0.6
v 0.8 3.4 0.6
v 0.8 3.6 0.6
v 0.8 3.8 0.6
v 0.8 3.9 0.6
v 0.9 2.6 0.6
v 0.9 2.8 0.6
v 0.9 3 0.6
v 0.9 3.4 0.6
v 0.9 3.6 0.6
v 0.9 3.8 0.6
v 1 1.3 0.6
v 1 1.4 0.6
v 1 2.8 0.6
v 1 3 0.6
v 1.2 1.3 0.6
v 1.2 1.4 0.6
v 1.7 0.5 0.6
v 1.7 1.7 0.6
v 1.8 0.5 0.6
v 1.8 1.7 0.6
v -1.4 0.1 0.5
v -1.4 0.5 0.5
v -1.3 0.1 0.5
v -1.3 0.5 0.5
v -0.9 2.8 0.5
v -0.9 3.2 0.5
v -0.8 2.8 0.5
v -0.8 3.2 0.5
v -0.6 1.3 0.5
v -0.6 1.4 0.5
v -0.6 2.5 0.5
v -0.6 2.6 0.5
v -0.5 1.3 0.5
v -0.5 1.4 0.5
v -0.4 1.3 0.5
v -0.4 1.4 0.5
v -0.3 1.3 0.5
v -0.3 1.4 0.5
v -0.2 2.5 0.5
v -0.2 2.6 0.5
v 0.3 3.9 0.5
v 0.3 4 0.5
v 0.4 1.3 0.5
v 0.4 1.4 0.5
v 0.4 2.5 0.5
v 0.4 2.6 0.5
v 0.5 1.3 0.5
v 0.5 1.4 0.5
v 0.5 2.5 0.5
v 0.5 2.6 0.5
v 0.7 1.3 0.5
v 0.7 1.4 0.5
v 0.7 2.5 0.5
v 0.7 2.6 0.5
v 0.7 3.9 0.5
v 0.7 4 0.5
v 0.9 2.5 0.5
v 0.9 2.6 0.5
v 0.9 2.8 0.5
v 0.9 3 0.5
v 0.9 3.2 0.5
v 0.9 3.3 0.5
v 0.9 3.7 0.5
v 1 1.3 0.5
v 1 1.4 0.5
v 1 2.6 0.5
v 1 2.8 0.5
v 1 3 0.5
v 1 3.2 0.5
v 1 3.3 0.5
v 1 3.7 0.5
v 1.2 1.3 0.5
v 1.2 1.4 0.5
v 1.3 1.3 0.5
v 1.3 1.4 0.5
v 1.6 0.1 0.5
v 1.6 0.5 0.5
v 1.7 0.1 0.5
v 1.7 0.5 0.5
v -1.3 0 0.4
v -1.3 0.1 0.4
v -1.2 0 0.4
v -1.2 0.1 0.4
v -0.8 2.6 0.4
v -0.8 2.7 0.4
v -0.8 3.3 0.4
v -0.8 3.4 0.4
v -0.7 2.6 0.4
v -0.7 2.7 0.4
v -0.7 3.3 0.4
v -0.7 3.4 0.4
v -1.19209e-07 1.3 0.4
v -1.19209e-07 1.4 0.4
v 0.0999999 1.4 0.4
v 0.0999999 1.5 0.4
v 0.2 1.3 0.4
v 0.2 1.5 0.4
v 0.4 2.4 0.4
v 0.4 2.5 0.4
v 0.6 1.3 0.4
v 0.6 1.4 0.4
v 0.7 1.3 0.4
v 0.7 1.4 0.4
v 0.8 2.4 0.4
v 0.8 2.5 0.4
v 0.8 3.8 0.4
v 0.8 3.9 0.4
v 0.9 3.8 0.4
v 0.9 3.9 0.4
v 1 2.7 0.4
v 1 3.1 0.4
v 1.1 2.7 0.4
v 1.1 3.1 0.4
v 1.5 0 0.4
v 1.5 0.1 0.4
v 1.6 0 0.4
v 1.6 0.1 0.4
v -1 1.3 0.3
v -1 1.4 0.3
v -0.9 1.3 0.3
v -0.9 1.4 0.3
v -0.5 1.3 0.3
v -0.5 1.4 0.3
v -0.4 1.3 0.3
v -0.4 1.4 0.3
v -0.3 1.3 0.3
v -0.3 1.4 0.3
v -0.1 1.4 0.3
v -0.1 1.5 0.3
v -0.1 1.6 0.3
v -0.1 1.7 0.3
v -0.1 1.8 0.3
v -0.1 1.9 0.3
v -1.19209e-07 1.3 0.3
v -1.19209e-07 1.4 0.3
v -1.19209e-07 1.7 0.3
v -1.19209e-07 1.8 0.3
v -1.19209e-07 1.9 0.3
v -1.19209e-07 2.1 0.3
v 0.0999999 1.4 0.3
v 0.0999999 1.5 0.3
v 0.0999999 1.7 0.3
v 0.0999999 2.1 0.3
v 0.0999999 2.6 0.3
v 0.2 1.3 0.3
v 0.2 1.5 0.3
v 0.2 1.6 0.3
v 0.2 1.7 0.3
v 0.2 1.8 0.3
v 0.2 2.1 0.3
v 0.2 2.5 0.3
v 0.3 1.7 0.3
v 0.3 1.8 0.3
v 0.3 2.5 0.3
v 0.3 2.6 0.3
v 0.4 1.3 0.3
v 0.4 1.5 0.3
v 0.9 2.5 0.3
v 0.9 2.6 0.3
v 0.9 3.2 0.3
v 0.9 3.3 0.3
v 1 2.5 0.3
v 1 2.6 0.3
v 1 3.2 0.3
v 1 3.3 0.3
v 1.3 1.3 0.3
v 1.3 1.4 0.3
v 1.5 1.3 0.3
v 1.5 1.4 0.3
v -0.1 1.5 0.2
v -0.1 1.6 0.2
v -0.1 1.7 0.2
v -0.1 1.8 0.2
v -0.1 1.9 0.2
v -0.1 2 0.2
v -1.19209e-07 1.7 0.2
v -1.19209e-07 1.8 0.2
v -1.19209e-07 1.9 0.2
v -1.19209e-07 2 0.2
v -1.19209e-07 2.1 0.2
v -1.19209e-07 2.6 0.2
v -1.19209e-07 2.7 0.2
v 0.0999999 1.7 0.2
v 0.0999999 2.1 0.2
v 0.0999999 2.7 0.2
v 0.2 1.6 0.2
v 0.2 1.7 0.2
v 0.2 1.8 0.2
v 0.2 2.1 0.2
v 0.2 2.5 0.2
v 0.3 1.7 0.2
v 0.3 1.8 0.2
v 0.3 2.5 0.2
v 0.4 1.5 0.2
v 0.4 1.8 0.2
v -0.2 1.4 0.1
v -0.2 1.5 0.1
v -0.2 2.4 0.1
v -0.2 2.5 0.1
v -0.2 2.6 0.1
v -0.1 1.4 0.1
v -0.1 1.5 0.1
v -0.1 2 0.1
v -0.1 2.4 0.1
v -0.1 3.8 0.1
v -0.1 3.9 0.1
v -1.19209e-07 2 0.1
v -1.19209e-07 2.6 0.1
v 0.0999999 3.8 0.1
v 0.0999999 3.9 0.1
v 0.3 1.8 0.1
v 0.3 2.5 0.1
v 0.4 1.8 0.1
v 0.4 2 0.1
v 0.4 2.4 0.1
v 0.4 2.5 0.1
v 0.5 2 0.1
v 0.5 2.4 0.1
v 0.7 1.3 0.1
v 0.7 1.4 0.1
v 0.8 1.3 0.1
v 0.8 1.4 0.1
v 0.9 1.3 0.1
v 0.9 1.4 0.1
v 1 1.3 0.1
v 1 1.4 0.1
v -0.9 2.8 0
v -0.9 3.2 0
v -0.8 2.8 0
v -0.8 3.2 0
v -0.6 2.5 0
v -0.6 2.6 0
v -0.6 3.4 0
v -0.6 3.5 0
v -0.4 3.4 0
v -0.4 3.5 0
v -0.2 1.7 0
v -0.2 1.8 0
v -0.2 2.3 0
v -0.2 2.4 0
v -0.2 2.5 0
v -0.2 2.6 0
v -0.1 1.5 0
v -0.1 1.6 0
v -0.1 1.7 0
v -0.1 1.8 0
v -0.1 2.3 0
v -0.1 2.4 0
v -1.19209e-07 1.5 0
v -1.19209e-07 1.6 0
v -1.19209e-07 3.9 0
v -1.19209e-07 4 0
v 0.3 1.6 0
v 0.3 1.7 0
v 0.4 1.6 0
v 0.4 1.7 0
v 0.4 3.9 0
v 0.4 4 0
v 0.9 3.2 0
v 0.9 3.3 0
v 1 3.2 0
v 1 3.3 0
v -0.8 2.6 -0.0999999
v -0.8 2.7 -0.0999999
v -0.8 3.3 -0.0999999
v -0.8 3.4 -0.0999999
v -0.7 0.1 -0.0999999
v -0.7 0.2 -0.0999999
v -0.7 2.6 -0.0999999
v -0.7 2.7 -0.0999999
v -0.7 3.3 -0.0999999
v -0.7 3.4 -0.0999999
v -0.5 0.1 -0.0999999
v -0.5 0.2 -0.0999999
v -0.3 1.3 -0.0999999
v -0.3 1.4 -0.0999999
v -0.2 1.3 -0.0999999
v -0.2 1.4 -0.0999999
v -0.2 3.8 -0.0999999
v -0.2 3.9 -0.0999999
v -0.1 3.8 -0.0999999
v -0.1 3.9 -0.0999999
v 0.3 1.5 -0.0999999
v 0.3 1.6 -0.0999999
v 0.4 1.5 -0.0999999
v 0.4 1.6 -0.0999999
v 0.8 3.3 -0.0999999
v 0.8 3.4 -0.0999999
v 0.9 3.4 -0.0999999
v 1 1.3 -0.0999999
v 1 1.4 -0.0999999
v 1 2.7 -0.0999999
v 1 2.9 -0.0999999
v 1 3.1 -0.0999999
v 1 3.3 -0.0999999
v 1 3.4 -0.0999999
v 1.1 1.3 -0.0999999
v 1.1 1.4 -0.0999999
v 1.1 2.7 -0.0999999
v 1.1 2.9 -0.0999999
v 1.1 3.1 -0.0999999
v 1.1 3.3 -0.0999999
v -0.9 1.3 -0.2
v -0.9 1.4 -0.2
v -0.8 1.3 -0.2
v -0.8 1.4 -0.2
v -0.4 1.3 -0.2
v -0.4 1.4 -0.2
v -0.3 1.3 -0.2
v -0.3 1.4 -0.2
v -0.2 2.5 -0.2
v -0.2 2.6 -0.2
v -0.1 2.5 -0.2
v -0.1 2.6 -0.2
v 0.2 2.3 -0.2
v 0.2 2.5 -0.2
v 0.3 2.3 -0.2
v 0.3 2.5 -0.2
v 0.5 1.3 -0.2
v 0.5 1.4 -0.2
v 0.6 1.3 -0.2
v 0.6 1.4 -0.2
v 0.7 2.5 -0.2
v 0.7 2.6 -0.2
v 0.7 3.4 -0.2
v 0.7 3.5 -0.2
v 0.9 2.5 -0.2
v 0.9 2.6 -0.2
v 0.9 3.4 -0.2
v 0.9 3.5 -0.2
v 1.1 2.8 -0.2
v 1.1 3.2 -0.2
v 1.2 2.8 -0.2
v 1.2 3.2 -0.2
v -0.1 2.5 -0.3
v -0.1 2.6 -0.3
v -1.19209e-07 2.5 -0.3
v -1.19209e-07 2.6 -0.3
v 0.4 1.3 -0.3
v 0.4 1.4 -0.3
v 0.5 1.3 -0.3
v 0.5 1.4 -0.3
v 1 2.6 -0.3
v 1 2.7 -0.3
v 1 3.3 -0.3
v 1 3.4 -0.3
v 1.1 2.6 -0.3
v 1.1 2.7 -0.3
v 1.1 3.3 -0.3
v 1.1 3.4 -0.3
v -1.3 0.1 -0.4
v -1.3 0.5 -0.4
v -1.2 0.1 -0.4
v -1.2 0.5 -0.4
v -0.7 1.3 -0.4
v -0.7 1.4 -0.4
v -0.5 1.3 -0.4
v -0.5 1.4 -0.4
v -0.4 2.4 -0.4
v -0.4 2.5 -0.4
v -1.19209e-07 2.4 -0.4
v -1.19209e-07 2.5 -0.4
v 0.9 1.3 -0.4
v 0.9 1.4 -0.4
v 1 1.3 -0.4
v 1 1.4 -0.4
v 1.5 0.1 -0.4
v 1.5 0.5 -0.4
v 1.6 0.1 -0.4
v 1.6 0.5 -0.4
v -1.4 1.3 -0.5
v -1.4 1.7 -0.5
v -1.3 1.3 -0.5
v -1.3 1.7 -0.5
v -0.6 2.5 -0.5
v -0.6 2.6 -0.5
v -0.5 2.5 -0.5
v -0.5 2.6 -0.5
v 0.0999999 2.5 -0.5
v 0.0999999 2.6 -0.5
v 0.2 2.5 -0.5
v 0.2 2.6 -0.5
v 0.3 1.3 -0.5
v 0.3 1.4 -0.5
v 0.4 1.3 -0.5
v 0.4 1.4 -0.5
v 1.6 1.3 -0.5
v 1.6 1.7 -0.5
v 1.7 1.3 -0.5
v 1.7 1.7 -0.5
v -1.2 0.1 -0.7
v -1.2 0.5 -0.7
v -1.1 0.1 -0.7
v -1.1 0.5 -0.7
v -0.3 1.3 -0.7
v -0.3 1.4 -0.7
v -0.1 1.3 -0.7
v -0.1 1.4 -0.7
v 0.6 1.3 -0.7
v 0.6 1.4 -0.7
v 0.7 1.3 -0.7
v 0.7 1.4 -0.7
v 1.4 0.1 -0.7
v 1.4 0.5 -0.7
v 1.5 0.1 -0.7
v 1.5 0.5 -0.7
v -1.3 1.3 -0.8
v -1.3 1.7 -0.8
v -1.2 1.3 -0.8
v -1.2 1.7 -0.8
v -1.1 0.1 -0.8
v -1.1 0.5 -0.8
v -1 0.1 -0.8
v -1 0.5 -0.8
v 1.3 0.1 -0.8
v 1.3 0.5 -0.8
v 1.4 0.1 -0.8
v 1.4 0.5 -0.8
v 1.5 1.3 -0.8
v 1.5 1.7 -0.8
v 1.6 1.3 -0.8
v 1.6 1.7 -0.8
v -1.2 1.3 -0.9
v -1.2 1.7 -0.9
v -1.1 1.3 -0.9
v -1.1 1.7 -0.9
v 1.4 1.3 -0.9
v 1.4 1.7 -0.9
v 1.5 1.3 -0.9
v 1.5 1.7 -0.9
v -1 0.1 -1
v -1 0.5 -1
v -0.9 0.1 -1
v -0.9 0.5 -1
v 0.0999999 1.3 -1
v 0.0999999 1.4 -1
v 0.3 1.3 -1
v 0.3 1.4 -1
v 1.2 0.1 -1
v 1.2 0.5 -1
v 1.3 0.1 -1
v 1.3 0.5 -1
v -1.1 1.3 -1.1
v -1.1 1.7 -1.1
v -1 1.3 -1.1
v -1 1.7 -1.1
v -0.9 0.1 -1.1
v -0.9 0.5 -1.1
v -0.8 0.1 -1.1
v -0.8 0.5 -1.1
v 1.1 0.1 -1.1
v 1.1 0.5 -1.1
v 1.2 0.1 -1.1
v 1.2 0.5 -1.1
v 1.3 1.3 -1.1
v 1.3 1.7 -1.1
v 1.4 1.3 -1.1
v 1.4 1.7 -1.1
v -1 1.3 -1.2
v -1 1.7 -1.2
v -0.9 1.3 -1.2
v -0.9 1.7 -1.2
v -0.8 0.1 -1.2
v -0.8 0.5 -1.2
v -0.7 0.1 -1.2
v -0.7 0.5 -1.2
v 1 0.1 -1.2
v 1 0.5 -1.2
v 1.1 0.1 -1.2
v 1.1 0.5 -1.2
v 1.2 1.3 -1.2
v 1.2 1.7 -1.2
v 1.3 1.3 -1.2
v 1.3 1.7 -1.2
v -0.9 1.3 -1.3
v -0.9 1.7 -1.3
v -0.8 1.3 -1.3
v -0.8 1.7 -1.3
v -0.7 0.1 -1.3
v -0.7 0.5 -1.3
v -0.5 0.1 -1.3
v -0.5 0.5 -1.3
v 0.8 0.1 -1.3
v 0.8 0.5 -1.3
v 1 0.1 -1.3
v 1 0.5 -1.3
v 1.1 1.3 -1.3
v 1.1 1.7 -1.3
v 1.2 1.3 -1.3
v 1.2 1.7 -1.3
v -0.8 1.3 -1.4
v -0.8 1.7 -1.4
v -0.6 1.3 -1.4
v -0.6 1.7 -1.4
v -0.5 0.1 -1.4
v -0.5 0.5 -1.4
v -0.2 0.1 -1.4
v -0.2 0.5 -1.4
v 0.5 0.1 -1.4
v 0.5 0.5 -1.4
v 0.8 0.1 -1.4
v 0.8 0.5 -1.4
v 0.9 1.3 -1.4
v 0.9 1.7 -1.4
v 1.1 1.3 -1.4
v 1.1 1.7 -1.4
v -0.6 1.3 -1.5
v -0.6 1.7 -1.5
v -0.3 1.3 -1.5
v -0.3 1.7 -1.5
v -0.2 0.1 -1.5
v -0.2 0.5 -1.5
v 0.5 0.1 -1.5
v 0.5 0.5 -1.5
v 0.6 1.3 -1.5
v 0.6 1.7 -1.5
v 0.9 1.3 -1.5
v 0.9 1.7 -1.5
v -0.3 1.3 -1.6
v -0.3 1.7 -1.6
v 0.6 1.3 -1.6
v 0.6 1.7 -1.6
v -0.3 1.3 1.6
v -0.3 1.7 1.6
v 0.6 1.3 1.6
v 0.6 1.7 1.6
v -0.6 1.3 1.5
v -0.6 1.7 1.5
v -0.3 1.3 1.5
v -0.3 1.7 1.5
v -0.2 0.1 1.5
v -0.2 0.5 1.5
v 0.5 0.1 1.5
v 0.5 0.5 1.5
v 0.6 1.3 1.5
v 0.6 1.7 1.5
v 0.9 1.3 1.5
v 0.9 1.7 1.5
v -0.8 1.3 1.4
v -0.8 1.7 1.4
v -0.6 1.3 1.4
v -0.6 1.7 1.4
v -0.5 0.1 1.4
v -0.5 0.5 1.4
v -0.2 0.1 1.4
v -0.2 0.5 1.4
v 0.5 0.1 1.4
v 0.5 0.5 1.4
v 0.8 0.1 1.4
v 0.8 0.5 1.4
v 0.9 1.3 1.4
v 0.9 1.7 1.4
v 1.1 1.3 1.4
v 1.1 1.7 1.4
v -0.9 1.3 1.3
v -0.9 1.7 1.3
v -0.8 1.3 1.3
v -0.8 1.7 1.3
v -0.7 0.1 1.3
v -0.7 0.5 1.3
v -0.5 0.1 1.3
v -0.5 0.5 1.3
v 0.8 0.1 1.3
v 0.8 0.5 1.3
v 1 0.1 1.3
v 1 0.5 1.3
v 1.1 1.3 1.3
v 1.1 1.7 1.3
v 1.2 1.3 1.3
v 1.2 1.7 1.3
v -1 1.3 1.2
v -1 1.7 1.2
v -0.9 1.3 1.2
v -0.9 1.7 1.2
v -0.8 0.1 1.2
v -0.8 0.5 1.2
v -0.7 0.1 1.2
v -0.7 0.5 1.2
v 1 0.1 1.2
v 1 0.5 1.2
v 1.1 0.1 1.2
v 1.1 0.5 1.2
v 1.2 1.3 1.2
v 1.2 1.7 1.2
v 1.3 1.3 1.2
v 1.3 1.7 1.2
v -1.1 1.3 1.1
v -1.1 1.7 1.1
v -1 1.3 1.1
v -1 1.7 1.1
v -0.9 0.1 1.1
v -0.9 0.5 1.1
v -0.8 0.1 1.1
v -0.8 0.5 1.1
v 1.1 0.1 1.1
v 1.1 0.5 1.1
v 1.2 0.1 1.1
v 1.2 0.5 1.1
v -1 0.1 1
v -1 0.5 1
v -0.9 0.1 1
v -0.9 0.5 1
v 1.3 1.3 1
v 1.3 1.7 1
v 1.4 1.3 1
v 1.4 1.7 1
v -1.2 1.3 0.9
v -1.2 1.7 0.9
v -1.1 1.3 0.9
v -1.1 1.7 0.9
v 0.3 1.3 0.9
v 0.3 1.4 0.9
v 0.4 1.3 0.9
v 0.4 1.4 0.9
v 0.8 1.3 0.9
v 0.8 1.4 0.9
v 1 1.3 0.9
v 1 1.4 0.9
v 1.2 0.1 0.9
v 1.2 0.5 0.9
v 1.3 0.1 0.9
v 1.3 0.5 0.9
v 1.4 1.3 0.9
v 1.4 1.7 0.9
v 1.5 1.3 0.9
v 1.5 1.7 0.9
v -1.3 1.3 0.8
v -1.3 1.7 0.8
v -1.2 1.3 0.8
v -1.2 1.7 0.8
v -1.1 0.1 0.8
v -1.1 0.5 0.8
v -1 0.1 0.8
v -1 0.5 0.8
v -0.8 1.3 0.8
v -0.8 1.4 0.8
v -0.6 1.3 0.8
v -0.6 1.4 0.8
v 0.6 1.3 0.8
v 0.6 1.4 0.8
v 0.8 1.3 0.8
v 0.8 1.4 0.8
v 1.3 0.1 0.8
v 1.3 0.5 0.8
v 1.4 0.1 0.8
v 1.4 0.5 0.8
v 1.5 1.3 0.8
v 1.5 1.7 0.8
v 1.6 1.3 0.8
v 1.6 1.7 0.8
v -1.2 0.1 0.7
v -1.2 0.5 0.7
v -1.1 0.1 0.7
v -1.1 0.5 0.7
v -0.1 1.4 0.7
v -0.1 1.5 0.7
v -1.19209e-07 1.4 0.7
v -1.19209e-07 1.5 0.7
v 0.0999999 1.3 0.7
v 0.0999999 1.4 0.7
v 0.3 1.3 0.7
v 0.3 1.4 0.7
v 0.4 1.3 0.7
v 0.4 1.4 0.7
v 0.5 1.3 0.7
v 0.5 1.4 0.7
v 1.4 0.1 0.7
v 1.4 0.5 0.7
v 1.5 0.1 0.7
v 1.5 0.5 0.7
v -0.2 1.3 0.6
v -0.2 1.4 0.6
v 0.0999999 1.3 0.6
v 0.0999999 1.4 0.6
v 0.3 1.3 0.6
v 0.3 1.4 0.6
v 0.4 1.3 0.6
v 0.4 1.4 0.6
v -1.4 1.3 0.5
v -1.4 1.7 0.5
v -1.3 1.3 0.5
v -1.3 1.7 0.5
v -1.19209e-07 2.5 0.5
v -1.19209e-07 2.6 0.5
v 0.3 2.5 0.5
v 0.3 2.6 0.5
v 0.5 1.4 0.5
v 0.5 1.5 0.5
v 0.6 1.4 0.5
v 0.6 1.5 0.5
v 1 1.3 0.5
v 1 1.4 0.5
v 1.1 1.3 0.5
v 1.1 1.4 0.5
v 1.6 1.3 0.5
v 1.6 1.7 0.5
v 1.7 1.3 0.5
v 1.7 1.7 0.5
v -1.3 0.1 0.4
v -1.3 0.5 0.4
v -1.2 0.1 0.4
v -1.2 0.5 0.4
v -0.6 3.8 0.4
v -0.6 3.9 0.4
v -0.5 3.8 0.4
v -0.5 3.9 0.4
v -1.19209e-07 2.6 0.4
v -1.19209e-07 2.7 0.4
v 0.0999999 2.6 0.4
v 0.0999999 2.7 0.4
v 0.4 1.3 0.4
v 0.4 1.4 0.4
v 0.5 1.3 0.4
v 0.5 1.4 0.4
v 0.9 1.3 0.4
v 0.9 1.4 0.4
v 1 1.3 0.4
v 1 1.4 0.4
v 1.1 1.3 0.4
v 1.1 1.4 0.4
v 1.2 1.3 0.4
v 1.2 1.4 0.4
v 1.5 0.1 0.4
v 1.5 0.5 0.4
v 1.6 0.1 0.4
v 1.6 0.5 0.4
v -0.7 3.4 0.3
v -0.7 3.7 0.3
v -0.6 3.4 0.3
v -0.6 3.7 0.3
v -0.4 1.3 0.3
v -0.4 1.4 0.3
v -0.4 3.9 0.3
v -0.4 4 0.3
v -0.3 1.3 0.3
v -0.3 1.4 0.3
v -1.19209e-07 3.9 0.3
v -1.19209e-07 4 0.3
v 0.5 1.3 0.3
v 0.5 1.4 0.3
v 0.8 1.3 0.3
v 0.8 1.4 0.3
v 1.2 1.3 0.3
v 1.2 1.4 0.3
v 1.3 1.3 0.3
v 1.3 1.4 0.3
v -0.8 2.6 0.2
v -0.8 2.7 0.2
v -0.8 3.3 0.2
v -0.8 3.4 0.2
v -0.7 2.6 0.2
v -0.7 2.7 0.2
v -0.7 3.3 0.2
v -0.7 3.4 0.2
v -0.6 1.3 0.2
v -0.6 1.4 0.2
v -0.6 3.6 0.2
v -0.6 3.8 0.2
v -0.5 1.3 0.2
v -0.5 1.4 0.2
v -0.5 3.6 0.2
v -0.5 3.8 0.2
v -0.5 3.9 0.2
v -0.3 3.8 0.2
v -0.3 3.9 0.2
v -0.1 3.8 0.2
v -0.1 3.9 0.2
v 0.0999999 3.8 0.2
v 0.0999999 3.9 0.2
v 0.8 1.3 0.2
v 0.8 1.4 0.2
v 0.8 3.8 0.2
v 0.8 3.9 0.2
v 0.9 1.3 0.2
v 0.9 1.4 0.2
v 0.9 3.8 0.2
v 0.9 3.9 0.2
v 1.3 1.3 0.2
v 1.3 1.4 0.2
v 1.4 1.3 0.2
v 1.4 1.4 0.2
v -1 1.3 0.1
v -1 1.4 0.1
v -0.9 1.3 0.1
v -0.9 1.4 0.1
v -0.9 2.8 0.1
v -0.9 3.2 0.1
v -0.8 2.8 0.1
v -0.8 3.2 0.1
v -0.6 2.5 0.1
v -0.6 2.6 0.1
v -0.6 3.4 0.1
v -0.6 3.6 0.1
v -0.5 3.6 0.1
v -0.5 3.8 0.1
v -0.4 3.4 0.1
v -0.4 3.7 0.1
v -0.3 1.3 0.1
v -0.3 1.4 0.1
v -0.3 3.8 0.1
v -0.3 3.9 0.1
v -0.2 1.3 0.1
v -0.2 1.4 0.1
v -0.2 2.5 0.1
v -0.2 2.6 0.1
v -0.2 3.7 0.1
v -0.2 3.8 0.1
v -0.1 1.5 0.1
v -0.1 1.7 0.1
v -0.1 1.9 0.1
v -0.1 2 0.1
v -0.1 3.8 0.1
v -0.1 3.9 0.1
v -1.19209e-07 1.5 0.1
v -1.19209e-07 1.7 0.1
v -1.19209e-07 1.9 0.1
v -1.19209e-07 2 0.1
v 0.3 1.6 0.1
v 0.3 1.7 0.1
v 0.3 3.9 0.1
v 0.3 4 0.1
v 0.4 1.6 0.1
v 0.4 1.7 0.1
v 0.7 3.9 0.1
v 0.7 4 0.1
v 0.9 2.5 0.1
v 0.9 2.6 0.1
v 0.9 3.2 0.1
v 0.9 3.7 0.1
v 1 2.5 0.1
v 1 2.6 0.1
v 1 3.2 0.1
v 1 3.7 0.1
v -0.5 1.3 0
v -0.5 1.4 0
v -0.4 1.3 0
v -0.4 1.4 0
v -0.4 3.5 0
v -0.4 3.7 0
v -0.3 3.5 0
v -0.3 3.7 0
v -0.2 1.4 0
v -0.2 1.5 0
v -0.2 2.5 0
v -0.2 2.6 0
v -0.1 1.4 0
v -0.1 1.5 0
v -0.1 1.8 0
v -0.1 1.9 0
v -0.1 2 0
v -0.1 2.2 0
v -0.1 2.5 0
v -0.1 2.6 0
v -1.19209e-07 1.8 0
v -1.19209e-07 1.9 0
v -1.19209e-07 2 0
v -1.19209e-07 2.2 0
v 0.3 1.5 0
v 0.3 1.6 0
v 0.3 1.7 0
v 0.3 1.8 0
v 0.3 1.9 0
v 0.3 2.2 0
v 0.4 1.5 0
v 0.4 1.6 0
v 0.4 1.7 0
v 0.4 1.8 0
v 0.4 1.9 0
v 0.4 2 0
v 0.4 2.3 0
v 0.4 2.5 0
v 0.5 2 0
v 0.5 2.2 0
v 0.5 2.3 0
v 0.5 2.4 0
v 0.5 2.5 0
v 0.6 3.8 0
v 0.6 3.9 0
v 0.7 1.3 0
v 0.7 1.4 0
v 0.8 1.3 0
v 0.8 1.4 0
v 0.8 2.4 0
v 0.8 2.5 0
v 0.8 3.3 0
v 0.8 3.4 0
v 0.8 3.6 0
v 0.8 3.8 0
v 0.8 3.9 0
v 0.9 3.3 0
v 0.9 3.4 0
v 0.9 3.6 0
v 0.9 3.8 0
v 1 2.7 0
v 1 2.9 0
v 1.1 2.7 0
v 1.1 2.9 0
v -0.2 1.7 -0.0999999
v -0.2 1.8 -0.0999999
v -0.2 2.3 -0.0999999
v -0.2 2.5 -0.0999999
v -0.1 1.5 -0.0999999
v -0.1 1.6 -0.0999999
v -0.1 2.2 -0.0999999
v -0.1 2.3 -0.0999999
v -0.1 2.4 -0.0999999
v -0.1 2.5 -0.0999999
v -0.1 2.6 -0.0999999
v -1.19209e-07 1.6 -0.0999999
v -1.19209e-07 1.7 -0.0999999
v -1.19209e-07 1.8 -0.0999999
v -1.19209e-07 2.2 -0.0999999
v -1.19209e-07 2.3 -0.0999999
v -1.19209e-07 2.4 -0.0999999
v -1.19209e-07 2.6 -0.0999999
v 0.0999999 1.6 -0.0999999
v 0.0999999 1.7 -0.0999999
v 0.0999999 2 -0.0999999
v 0.0999999 2.2 -0.0999999
v 0.2 1.5 -0.0999999
v 0.2 1.6 -0.0999999
v 0.2 1.8 -0.0999999
v 0.2 2 -0.0999999
v 0.2 2.3 -0.0999999
v 0.2 2.5 -0.0999999
v 0.3 1.7 -0.0999999
v 0.3 1.8 -0.0999999
v 0.3 1.9 -0.0999999
v 0.3 2.2 -0.0999999
v 0.3 2.3 -0.0999999
v 0.3 2.5 -0.0999999
v 0.4 1.6 -0.0999999
v 0.4 1.7 -0.0999999
v 0.4 1.8 -0.0999999
v 0.4 1.9 -0.0999999
v 0.4 2.3 -0.0999999
v 0.4 2.5 -0.0999999
v 0.5 2.2 -0.0999999
v 0.5 2.3 -0.0999999
v 0.6 3.7 -0.0999999
v 0.6 3.8 -0.0999999
v 0.7 2.5 -0.0999999
v 0.7 2.6 -0.0999999
v 0.7 3.4 -0.0999999
v 0.7 3.7 -0.0999999
v 0.8 3.6 -0.0999999
v 0.8 3.8 -0.0999999
v 0.9 2.5 -0.0999999
v 0.9 2.6 -0.0999999
v 0.9 3.4 -0.0999999
v 0.9 3.6 -0.0999999
v 1.4 1.3 -0.0999999
v 1.4 1.4 -0.0999999
v 1.5 1.3 -0.0999999
v 1.5 1.4 -0.0999999
v -0.7 0.1 -0.2
v -0.7 0.2 -0.2
v -0.5 0.1 -0.2
v -0.5 0.2 -0.2
v -0.3 1.3 -0.2
v -0.3 1.4 -0.2
v -0.1 1.4 -0.2
v -0.1 1.5 -0.2
v -0.1 2.3 -0.2
v -0.1 2.4 -0.2
v -1.19209e-07 1.7 -0.2
v -1.19209e-07 1.8 -0.2
v -1.19209e-07 2.2 -0.2
v -1.19209e-07 2.3 -0.2
v -1.19209e-07 2.4 -0.2
v -1.19209e-07 2.5 -0.2
v 0.0999999 1.3 -0.2
v 0.0999999 1.4 -0.2
v 0.0999999 1.6 -0.2
v 0.0999999 1.7 -0.2
v 0.0999999 2 -0.2
v 0.0999999 2.2 -0.2
v 0.0999999 2.5 -0.2
v 0.2 1.5 -0.2
v 0.2 1.6 -0.2
v 0.2 1.8 -0.2
v 0.2 2 -0.2
v 0.2 2.2 -0.2
v 0.2 2.3 -0.2
v 0.3 1.3 -0.2
v 0.3 1.4 -0.2
v 0.3 1.8 -0.2
v 0.3 2.3 -0.2
v 0.4 1.3 -0.2
v 0.4 1.6 -0.2
v 0.9 1.3 -0.2
v 0.9 1.4 -0.2
v 1.1 1.3 -0.2
v 1.1 1.4 -0.2
v -0.8 2.6 -0.3
v -0.8 2.7 -0.3
v -0.8 3.3 -0.3
v -0.8 3.4 -0.3
v -0.7 2.6 -0.3
v -0.7 2.7 -0.3
v -0.7 3.3 -0.3
v -0.7 3.4 -0.3
v -0.2 3.8 -0.3
v -0.2 3.9 -0.3
v -0.1 3.8 -0.3
v -0.1 3.9 -0.3
v 0.0999999 1.3 -0.3
v 0.0999999 1.4 -0.3
v 0.0999999 2.2 -0.3
v 0.0999999 2.4 -0.3
v 0.2 2.2 -0.3
v 0.2 2.3 -0.3
v 0.3 1.3 -0.3
v 0.3 1.4 -0.3
v 0.3 2.3 -0.3
v 0.3 2.4 -0.3
v 0.5 3.8 -0.3
v 0.5 3.9 -0.3
v 0.6 3.8 -0.3
v 0.6 3.9 -0.3
v -1.3 0 -0.4
v -1.3 0.1 -0.4
v -1.2 0 -0.4
v -1.2 0.1 -0.4
v -0.9 1.3 -0.4
v -0.9 1.4 -0.4
v -0.9 2.8 -0.4
v -0.9 3.2 -0.4
v -0.8 1.3 -0.4
v -0.8 1.4 -0.4
v -0.8 2.8 -0.4
v -0.8 3.2 -0.4
v -0.6 2.5 -0.4
v -0.6 2.6 -0.4
v -0.6 3.4 -0.4
v -0.6 3.5 -0.4
v -0.5 2.5 -0.4
v -0.5 2.6 -0.4
v -0.4 1.3 -0.4
v -0.4 1.4 -0.4
v -0.3 1.3 -0.4
v -0.3 1.4 -0.4
v -0.3 3.5 -0.4
v -0.3 3.7 -0.4
v -0.2 3.4 -0.4
v -0.2 3.7 -0.4
v -1.19209e-07 3.9 -0.4
v -1.19209e-07 4 -0.4
v 0.0999999 2.4 -0.4
v 0.0999999 2.5 -0.4
v 0.0999999 2.6 -0.4
v 0.2 2.5 -0.4
v 0.2 2.6 -0.4
v 0.3 2.4 -0.4
v 0.3 2.5 -0.4
v 0.4 1.3 -0.4
v 0.4 1.4 -0.4
v 0.4 3.9 -0.4
v 0.4 4 -0.4
v 0.5 2.5 -0.4
v 0.5 2.6 -0.4
v 0.6 1.3 -0.4
v 0.6 1.4 -0.4
v 0.6 3.5 -0.4
v 0.6 3.7 -0.4
v 0.7 3.5 -0.4
v 0.7 3.7 -0.4
v 1.5 0 -0.4
v 1.5 0.1 -0.4
v 1.6 0 -0.4
v 1.6 0.1 -0.4
v -1.4 0.1 -0.5
v -1.4 0.5 -0.5
v -1.3 0.1 -0.5
v -1.3 0.5 -0.5
v -0.8 2.7 -0.5
v -0.8 2.9 -0.5
v -0.8 3.1 -0.5
v -0.8 3.3 -0.5
v -0.7 1.3 -0.5
v -0.7 1.4 -0.5
v -0.7 2.6 -0.5
v -0.7 2.7 -0.5
v -0.7 2.9 -0.5
v -0.7 3.1 -0.5
v -0.7 3.3 -0.5
v -0.7 3.4 -0.5
v -0.6 1.3 -0.5
v -0.6 1.4 -0.5
v -0.6 2.6 -0.5
v -0.6 2.7 -0.5
v -0.5 3.3 -0.5
v -0.5 3.4 -0.5
v -0.2 3.6 -0.5
v -0.2 3.8 -0.5
v -0.1 3.6 -0.5
v -0.1 3.8 -0.5
v -0.1 3.9 -0.5
v 0.0999999 3.8 -0.5
v 0.0999999 3.9 -0.5
v 0.3 3.8 -0.5
v 0.3 3.9 -0.5
v 0.5 3.6 -0.5
v 0.5 3.8 -0.5
v 0.5 3.9 -0.5
v 0.6 3.6 -0.5
v 0.6 3.8 -0.5
v 1 2.6 -0.5
v 1 2.7 -0.5
v 1 3.3 -0.5
v 1 3.4 -0.5
v 1.1 2.6 -0.5
v 1.1 2.7 -0.5
v 1.1 3.3 -0.5
v 1.1 3.4 -0.5
v 1.6 0.1 -0.5
v 1.6 0.5 -0.5
v 1.7 0.1 -0.5
v 1.7 0.5 -0.5
v 1.7 1.7 -0.5
v 1.8 0.5 -0.5
v 1.8 1.7 -0.5
v -1.5 0.5 -0.6
v -1.5 1.7 -0.6
v -1.4 0.5 -0.6
v -1.4 1.7 -0.6
v -0.8 2.9 -0.6
v -0.8 3.1 -0.6
v -0.7 2.9 -0.6
v -0.7 3.1 -0.6
v -0.7 3.3 -0.6
v -0.6 1.3 -0.6
v -0.6 1.4 -0.6
v -0.6 3.1 -0.6
v -0.6 3.3 -0.6
v -0.5 1.3 -0.6
v -0.5 1.4 -0.6
v -0.5 3.3 -0.6
v -0.5 3.4 -0.6
v -0.4 3.3 -0.6
v -0.4 3.4 -0.6
v -0.2 3.4 -0.6
v -0.2 3.6 -0.6
v -0.1 3.6 -0.6
v -0.1 3.8 -0.6
v -1.19209e-07 3.4 -0.6
v -1.19209e-07 3.7 -0.6
v 0.0999999 3.8 -0.6
v 0.0999999 3.9 -0.6
v 0.2 2.6 -0.6
v 0.2 2.7 -0.6
v 0.2 3.2 -0.6
v 0.2 3.3 -0.6
v 0.3 1.3 -0.6
v 0.3 1.4 -0.6
v 0.3 3.2 -0.6
v 0.3 3.3 -0.6
v 0.3 3.8 -0.6
v 0.3 3.9 -0.6
v 0.4 1.3 -0.6
v 0.4 1.4 -0.6
v 0.4 2.6 -0.6
v 0.4 2.7 -0.6
v 0.4 3.4 -0.6
v 0.4 3.7 -0.6
v 0.5 2.5 -0.6
v 0.5 2.6 -0.6
v 0.5 3.6 -0.6
v 0.5 3.8 -0.6
v 0.6 3.5 -0.6
v 0.6 3.6 -0.6
v 0.9 2.5 -0.6
v 0.9 2.6 -0.6
v 0.9 3.4 -0.6
v 0.9 3.5 -0.6
v 1.1 2.8 -0.6
v 1.1 3.2 -0.6
v 1.2 2.8 -0.6
v 1.2 3.2 -0.6
v -1.2 0 -0.7
v -1.2 0.1 -0.7
v -1.1 0 -0.7
v -1.1 0.1 -0.7
v -0.6 2.5 -0.7
v -0.6 2.6 -0.7
v -0.6 3.2 -0.7
v -0.6 3.3 -0.7
v -0.5 2.5 -0.7
v -0.5 2.6 -0.7
v -0.5 3.2 -0.7
v -0.5 3.3 -0.7
v -1.19209e-07 3.3 -0.7
v -1.19209e-07 3.4 -0.7
v -1.19209e-07 3.7 -0.7
v 0.0999999 2.5 -0.7
v 0.0999999 2.6 -0.7
v 0.0999999 3.2 -0.7
v 0.0999999 3.3 -0.7
v 0.2 2.5 -0.7
v 0.2 2.6 -0.7
v 0.2 3.1 -0.7
v 0.2 3.2 -0.7
v 0.2 3.3 -0.7
v 0.3 2.7 -0.7
v 0.3 2.9 -0.7
v 0.3 3.2 -0.7
v 0.3 3.3 -0.7
v 0.4 2.6 -0.7
v 0.4 2.7 -0.7
v 0.4 2.9 -0.7
v 0.4 3.1 -0.7
v 0.4 3.3 -0.7
v 0.4 3.4 -0.7
v 0.4 3.7 -0.7
v 0.6 2.6 -0.7
v 0.6 2.7 -0.7
v 0.6 3.3 -0.7
v 0.6 3.4 -0.7
v 0.8 2.6 -0.7
v 0.8 2.7 -0.7
v 0.8 3.3 -0.7
v 0.8 3.4 -0.7
v 0.9 1.3 -0.7
v 0.9 1.4 -0.7
v 1 1.3 -0.7
v 1 1.4 -0.7
v 1 2.6 -0.7
v 1 2.7 -0.7
v 1 2.9 -0.7
v 1 3.1 -0.7
v 1 3.3 -0.7
v 1 3.4 -0.7
v 1.1 2.7 -0.7
v 1.1 2.9 -0.7
v 1.1 3.1 -0.7
v 1.1 3.3 -0.7
v 1.4 0 -0.7
v 1.4 0.1 -0.7
v 1.5 0 -0.7
v 1.5 0.1 -0.7
v -1.3 0.1 -0.8
v -1.3 0.5 -0.8
v -1.2 0.1 -0.8
v -1.2 0.5 -0.8
v -1.1 0 -0.8
v -1.1 0.1 -0.8
v -1 0 -0.8
v -1 0.1 -0.8
v -0.7 2.7 -0.8
v -0.7 3.1 -0.8
v -0.6 2.7 -0.8
v -0.6 3.1 -0.8
v -0.4 2.4 -0.8
v -0.4 2.5 -0.8
v -0.4 3.3 -0.8
v -0.4 3.4 -0.8
v -0.3 1.3 -0.8
v -0.3 1.4 -0.8
v -0.1 1.3 -0.8
v -0.1 1.4 -0.8
v -1.19209e-07 2.4 -0.8
v -1.19209e-07 2.5 -0.8
v -1.19209e-07 3.3 -0.8
v -1.19209e-07 3.4 -0.8
v 0.2 2.7 -0.8
v 0.2 3.1 -0.8
v 0.3 2.7 -0.8
v 0.3 2.9 -0.8
v 0.4 2.7 -0.8
v 0.4 2.9 -0.8
v 0.4 3.1 -0.8
v 0.4 3.3 -0.8
v 0.5 2.8 -0.8
v 0.5 3.2 -0.8
v 0.6 2.6 -0.8
v 0.6 2.7 -0.8
v 0.6 3.3 -0.8
v 0.6 3.4 -0.8
v 0.8 2.6 -0.8
v 0.8 2.7 -0.8
v 0.8 3.3 -0.8
v 0.8 3.4 -0.8
v 0.9 2.8 -0.8
v 0.9 3.2 -0.8
v 1 2.7 -0.8
v 1 2.9 -0.8
v 1 3.1 -0.8
v 1 3.3 -0.8
v 1.1 2.9 -0.8
v 1.1 3.1 -0.8
v 1.3 0 -0.8
v 1.3 0.1 -0.8
v 1.4 0 -0.8
v 1.4 0.1 -0.8
v 1.5 0.1 -0.8
v 1.5 0.5 -0.8
v 1.6 0.1 -0.8
v 1.6 0.5 -0.8
v -1.4 0.5 -0.9
v -1.4 1.7 -0.9
v -1.3 0.5 -0.9
v -1.3 1.7 -0.9
v -1.2 0.1 -0.9
v -1.2 0.5 -0.9
v -1.1 0.1 -0.9
v -1.1 0.5 -0.9
v -0.6 2.6 -0.9
v -0.6 2.8 -0.9
v -0.6 3 -0.9
v -0.6 3.2 -0.9
v -0.5 2.5 -0.9
v -0.5 2.6 -0.9
v -0.5 2.8 -0.9
v -0.5 3 -0.9
v -0.5 3.2 -0.9
v -0.5 3.3 -0.9
v -0.3 2.5 -0.9
v -0.3 2.6 -0.9
v -0.3 3.2 -0.9
v -0.3 3.3 -0.9
v -0.1 2.5 -0.9
v -0.1 2.6 -0.9
v -0.1 3.2 -0.9
v -0.1 3.3 -0.9
v 0.0999999 2.5 -0.9
v 0.0999999 2.6 -0.9
v 0.0999999 2.8 -0.9
v 0.0999999 3 -0.9
v 0.0999999 3.2 -0.9
v 0.0999999 3.3 -0.9
v 0.2 2.6 -0.9
v 0.2 2.8 -0.9
v 0.2 3 -0.9
v 0.2 3.2 -0.9
v 0.5 2.8 -0.9
v 0.5 3.2 -0.9
v 0.6 1.3 -0.9
v 0.6 1.4 -0.9
v 0.7 1.3 -0.9
v 0.7 1.4 -0.9
v 0.9 2.8 -0.9
v 0.9 3.2 -0.9
v 1.4 0.1 -0.9
v 1.4 0.5 -0.9
v 1.5 0.1 -0.9
v 1.5 0.5 -0.9
v 1.6 0.5 -0.9
v 1.6 1.7 -0.9
v 1.7 0.5 -0.9
v 1.7 1.7 -0.9
v -1.3 0.5 -1
v -1.3 1.7 -1
v -1.2 0.5 -1
v -1.2 1.7 -1
v -1 0 -1
v -1 0.1 -1
v -0.9 0 -1
v -0.9 0.1 -1
v -0.6 2.8 -1
v -0.6 3 -1
v -0.5 2.6 -1
v -0.5 2.8 -1
v -0.5 3 -1
v -0.5 3.2 -1
v -0.4 2.7 -1
v -0.4 3.1 -1
v -0.3 2.5 -1
v -0.3 2.6 -1
v -0.3 3.2 -1
v -0.3 3.3 -1
v -0.1 2.5 -1
v -0.1 2.6 -1
v -0.1 3.2 -1
v -0.1 3.3 -1
v -1.19209e-07 2.7 -1
v -1.19209e-07 3.1 -1
v 0.0999999 2.6 -1
v 0.0999999 2.8 -1
v 0.0999999 3 -1
v 0.0999999 3.2 -1
v 0.2 2.8 -1
v 0.2 3 -1
v 1.2 0 -1
v 1.2 0.1 -1
v 1.3 0 -1
v 1.3 0.1 -1
v 1.5 0.5 -1
v 1.5 1.7 -1
v 1.6 0.5 -1
v 1.6 1.7 -1
v -1.1 0.1 -1.1
v -1.1 0.5 -1.1
v -1 0.1 -1.1
v -1 0.5 -1.1
v -0.9 0 -1.1
v -0.9 0.1 -1.1
v -0.8 0 -1.1
v -0.8 0.1 -1.1
v -0.4 2.7 -1.1
v -0.4 3.1 -1.1
v -1.19209e-07 2.7 -1.1
v -1.19209e-07 3.1 -1.1
v 0.0999999 1.3 -1.1
v 0.0999999 1.4 -1.1
v 0.3 1.3 -1.1
v 0.3 1.4 -1.1
v 1.1 0 -1.1
v 1.1 0.1 -1.1
v 1.2 0 -1.1
v 1.2 0.1 -1.1
v 1.3 0.1 -1.1
v 1.3 0.5 -1.1
v 1.4 0.1 -1.1
v 1.4 0.5 -1.1
v -1.2 0.5 -1.2
v -1.2 1.7 -1.2
v -1.1 0.5 -1.2
v -1.1 1.7 -1.2
v -1 0.1 -1.2
v -1 0.5 -1.2
v -0.9 0.1 -1.2
v -0.9 0.5 -1.2
v -0.8 0 -1.2
v -0.8 0.1 -1.2
v -0.7 0 -1.2
v -0.7 0.1 -1.2
v 1 0 -1.2
v 1 0.1 -1.2
v 1.1 0 -1.2
v 1.1 0.1 -1.2
v 1.2 0.1 -1.2
v 1.2 0.5 -1.2
v 1.3 0.1 -1.2
v 1.3 0.5 -1.2
v 1.4 0.5 -1.2
v 1.4 1.7 -1.2
v 1.5 0.5 -1.2
v 1.5 1.7 -1.2
v -1.1 0.5 -1.3
v -1.1 1.7 -1.3
v -1 0.5 -1.3
v -1 1.7 -1.3
v -0.9 0.1 -1.3
v -0.9 0.5 -1.3
v -0.8 0.1 -1.3
v -0.8 0.5 -1.3
v -0.7 0 -1.3
v -0.7 0.1 -1.3
v -0.5 0 -1.3
v -0.5 0.1 -1.3
v 0.8 0 -1.3
v 0.8 0.1 -1.3
v 1 0 -1.3
v 1 0.1 -1.3
v 1.1 0.1 -1.3
v 1.1 0.5 -1.3
v 1.2 0.1 -1.3
v 1.2 0.5 -1.3
v 1.3 0.5 -1.3
v 1.3 1.7 -1.3
v 1.4 0.5 -1.3
v 1.4 1.7 -1.3
v -1 0.5 -1.4
v -1 1.7 -1.4
v -0.9 0.5 -1.4
v -0.9 1.7 -1.4
v -0.8 0.1 -1.4
v -0.8 0.5 -1.4
v -0.6 0.1 -1.4
v -0.6 0.5 -1.4
v -0.5 0 -1.4
v -0.5 0.1 -1.4
v -0.2 0 -1.4
v -0.2 0.1 -1.4
v 0.5 0 -1.4
v 0.5 0.1 -1.4
v 0.8 0 -1.4
v 0.8 0.1 -1.4
v 0.9 0.1 -1.4
v 0.9 0.5 -1.4
v 1.1 0.1 -1.4
v 1.1 0.5 -1.4
v 1.2 0.5 -1.4
v 1.2 1.7 -1.4
v 1.3 0.5 -1.4
v 1.3 1.7 -1.4
v -0.9 0.5 -1.5
v -0.9 1.7 -1.5
v -0.7 0.5 -1.5
v -0.7 1.7 -1.5
v -0.6 0.1 -1.5
v -0.6 0.5 -1.5
v -0.3 0.1 -1.5
v -0.3 0.5 -1.5
v -0.2 0 -1.5
v -0.2 0.1 -1.5
v 0.5 0 -1.5
v 0.5 0.1 -1.5
v 0.6 0.1 -1.5
v 0.6 0.5 -1.5
v 0.9 0.1 -1.5
v 0.9 0.5 -1.5
v 1 0.5 -1.5
v 1 1.7 -1.5
v 1.2 0.5 -1.5
v 1.2 1.7 -1.5
v -0.7 0.5 -1.6
v -0.7 1.7 -1.6
v -0.4 0.5 -1.6
v -0.4 1.7 -1.6
v -0.3 0.1 -1.6
v -0.3 0.5 -1.6
v 0.6 0.1 -1.6
v 0.6 0.5 -1.6
v 0.7 0.5 -1.6
v 0.7 1.7 -1.6
v 1 0.5 -1.6
v 1 1.7 -1.6
v -0.4 0.5 -1.7
v -0.4 1.7 -1.7
v 0.7 0.5 -1.7
v 0.7 1.7 -1.7
v -0.2 0 1.5
v 0.5 0 1.5
v -0.5 0 1.4
v -0.2 0 1.4
v 0.5 0 1.4
v 0.8 0 1.4
v -0.7 0 1.3
v -0.5 0 1.3
v 0.8 0 1.3
v 1 0 1.3
v -0.8 0 1.2
v -0.7 0 1.2
v 1 0 1.2
v 1.1 0 1.2
v -0.9 0 1.1
v -0.8 0 1.1
v 1.1 0 1.1
v 1.2 0 1.1
v -1 0 1
v -0.9 0 1
v 1.2 0 1
v 1.3 0 1
v -1.1 0 0.8
v -1 0 0.8
v 1.3 0 0.8
v 1.4 0 0.8
v -1.2 0 0.7
v -1.1 0 0.7
v 1.4 0 0.7
v 1.5 0 0.7
v -1.3 0 0.4
v -1.2 0 0.4
v 1.5 0 0.4
v 1.6 0 0.4
v -1.3 0 -0.4
v -1.2 0 -0.4
v 1.5 0 -0.4
v 1.6 0 -0.4
v -1.2 0 -0.7
v -1.1 0 -0.7
v 1.4 0 -0.7
v 1.5 0 -0.7
v -1.1 0 -0.8
v -1 0 -0.8
v 1.3 0 -0.8
v 1.4 0 -0.8
v -1 0 -1
v -0.9 0 -1
v 1.2 0 -1
v 1.3 0 -1
v -0.9 0 -1.1
v -0.8 0 -1.1
v 1.1 0 -1.1
v 1.2 0 -1.1
v -0.8 0 -1.2
v -0.7 0 -1.2
v 1 0 -1.2
v 1.1 0 -1.2
v -0.7 0 -1.3
v -0.5 0 -1.3
v 0.8 0 -1.3
v 1 0 -1.3
v -0.5 0 -1.4
v -0.2 0 -1.4
v 0.5 0 -1.4
v 0.8 0 -1.4
v -0.2 0 -1.5
v 0.5 0 -1.5
v -0.3 0.1 1.6
v 0.6 0.1 1.6
v -0.6 0.1 1.5
v -0.3 0.1 1.5
v -0.2 0.1 1.5
v 0.5 0.1 1.5
v 0.6 0.1 1.5
v 0.9 0.1 1.5
v -0.8 0.1 1.4
v -0.6 0.1 1.4
v -0.5 0.1 1.4
v -0.2 0.1 1.4
v 0.5 0.1 1.4
v 0.8 0.1 1.4
v 0.9 0.1 1.4
v 1.1 0.1 1.4
v -0.9 0.1 1.3
v -0.8 0.1 1.3
v -0.7 0.1 1.3
v -0.5 0.1 1.3
v 0.8 0.1 1.3
v 1 0.1 1.3
v 1.1 0.1 1.3
v 1.2 0.1 1.3
v -1 0.1 1.2
v -0.9 0.1 1.2
v -0.8 0.1 1.2
v -0.7 0.1 1.2
v 1 0.1 1.2
v 1.1 0.1 1.2
v 1.2 0.1 1.2
v 1.3 0.1 1.2
v -1.1 0.1 1.1
v -1 0.1 1.1
v -0.9 0.1 1.1
v -0.8 0.1 1.1
v 1.1 0.1 1.1
v 1.2 0.1 1.1
v -1 0.1 1
v -0.9 0.1 1
v 1.2 0.1 1
v 1.3 0.1 1
v 1.4 0.1 1
v -1.2 0.1 0.9
v -1.1 0.1 0.9
v 1.4 0.1 0.9
v 1.5 0.1 0.9
v -1.3 0.1 0.8
v -1.2 0.1 0.8
v -1.1 0.1 0.8
v -1 0.1 0.8
v 1.3 0.1 0.8
v 1.4 0.1 0.8
v 1.5 0.1 0.8
v 1.6 0.1 0.8
v -1.2 0.1 0.7
v -1.1 0.1 0.7
v 1.4 0.1 0.7
v 1.5 0.1 0.7
v -1.4 0.1 0.5
v -1.3 0.1 0.5
v 1.6 0.1 0.5
v 1.7 0.1 0.5
v -1.3 0.1 0.4
v -1.2 0.1 0.4
v 1.5 0.1 0.4
v 1.6 0.1 0.4
v -1.3 0.1 -0.4
v -1.2 0.1 -0.4
v 1.5 0.1 -0.4
v 1.6 0.1 -0.4
v -1.4 0.1 -0.5
v -1.3 0.1 -0.5
v 1.6 0.1 -0.5
v 1.7 0.1 -0.5
v -1.2 0.1 -0.7
v -1.1 0.1 -0.7
v 1.4 0.1 -0.7
v 1.5 0.1 -0.7
v -1.3 0.1 -0.8
v -1.2 0.1 -0.8
v -1.1 0.1 -0.8
v -1 0.1 -0.8
v 1.3 0.1 -0.8
v 1.4 0.1 -0.8
v 1.5 0.1 -0.8
v 1.6 0.1 -0.8
v -1.2 0.1 -0.9
v -1.1 0.1 -0.9
v 1.4 0.1 -0.9
v 1.5 0.1 -0.9
v -1 0.1 -1
v -0.9 0.1 -1
v 1.2 0.1 -1
v 1.3 0.1 -1
v -1.1 0.1 -1.1
v -1 0.1 -1.1
v -0.9 0.1 -1.1
v -0.8 0.1 -1.1
v 1.1 0.1 -1.1
v 1.2 0.1 -1.1
v 1.3 0.1 -1.1
v 1.4 0.1 -1.1
v -1 0.1 -1.2
v -0.9 0.1 -1.2
v -0.8 0.1 -1.2
v -0.7 0.1 -1.2
v 1 0.1 -1.2
v 1.1 0.1 -1.2
v 1.2 0.1 -1.2
v 1.3 0.1 -1.2
v -0.9 0.1 -1.3
v -0.8 0.1 -1.3
v -0.7 0.1 -1.3
v -0.5 0.1 -1.3
v 0.8 0.1 -1.3
v 1 0.1 -1.3
v 1.1 0.1 -1.3
v 1.2 0.1 -1.3
v -0.8 0.1 -1.4
v -0.6 0.1 -1.4
v -0.5 0.1 -1.4
v -0.2 0.1 -1.4
v 0.5 0.1 -1.4
v 0.8 0.1 -1.4
v 0.9 0.1 -1.4
v 1.1 0.1 -1.4
v -0.6 0.1 -1.5
v -0.3 0.1 -1.5
v -0.2 0.1 -1.5
v 0.5 0.1 -1.5
v 0.6 0.1 -1.5
v 0.9 0.1 -1.5
v -0.3 0.1 -1.6
v 0.6 0.1 -1.6
v -0.4 0.5 1.7
v 0.7 0.5 1.7
v -0.7 0.5 1.6
v -0.4 0.5 1.6
v -0.3 0.5 1.6
v 0.6 0.5 1.6
v 0.7 0.5 1.6
v 1 0.5 1.6
v -0.9 0.5 1.5
v -0.7 0.5 1.5
v -0.6 0.5 1.5
v -0.3 0.5 1.5
v -0.2 0.5 1.5
v 0.5 0.5 1.5
v 0.6 0.5 1.5
v 0.9 0.5 1.5
v 1 0.5 1.5
v 1.2 0.5 1.5
v -1 0.5 1.4
v -0.9 0.5 1.4
v -0.8 0.5 1.4
v -0.6 0.5 1.4
v -0.5 0.5 1.4
v -0.2 0.5 1.4
v 0.5 0.5 1.4
v 0.8 0.5 1.4
v 0.9 0.5 1.4
v 1.1 0.5 1.4
v 1.2 0.5 1.4
v 1.3 0.5 1.4
v -1.1 0.5 1.3
v -1 0.5 1.3
v -0.9 0.5 1.3
v -0.8 0.5 1.3
v -0.7 0.5 1.3
v -0.5 0.5 1.3
v 0.8 0.5 1.3
v 1 0.5 1.3
v 1.1 0.5 1.3
v 1.2 0.5 1.3
v 1.3 0.5 1.3
v 1.4 0.5 1.3
v -1.2 0.5 1.2
v -1.1 0.5 1.2
v -1 0.5 1.2
v -0.9 0.5 1.2
v -0.8 0.5 1.2
v -0.7 0.5 1.2
v 1 0.5 1.2
v 1.1 0.5 1.2
v 1.2 0.5 1.2
v 1.3 0.5 1.2
v -1.1 0.5 1.1
v -1 0.5 1.1
v -0.9 0.5 1.1
v -0.8 0.5 1.1
v 1.1 0.5 1.1
v 1.2 0.5 1.1
v 1.4 0.5 1.1
v 1.5 0.5 1.1
v -1.3 0.5 1
v -1.2 0.5 1
v -1 0.5 1
v -0.9 0.5 1
v 1.3 0.5 1
v 1.4 0.5 1
v 1.5 0.5 1
v 1.6 0.5 1
v -1.4 0.5 0.9
v -1.3 0.5 0.9
v -1.2 0.5 0.9
v -1.1 0.5 0.9
v 1.2 0.5 0.9
v 1.3 0.5 0.9
v 1.4 0.5 0.9
v 1.5 0.5 0.9
v 1.6 0.5 0.9
v 1.7 0.5 0.9
v -1.3 0.5 0.8
v -1.2 0.5 0.8
v -1.1 0.5 0.8
v -1 0.5 0.8
v 1.3 0.5 0.8
v 1.4 0.5 0.8
v 1.5 0.5 0.8
v 1.6 0.5 0.8
v -1.2 0.5 0.7
v -1.1 0.5 0.7
v 1.4 0.5 0.7
v 1.5 0.5 0.7
v -1.5 0.5 0.6
v -1.4 0.5 0.6
v 1.7 0.5 0.6
v 1.8 0.5 0.6
v -1.4 0.5 0.5
v -1.3 0.5 0.5
v 1.6 0.5 0.5
v 1.7 0.5 0.5
v -1.3 0.5 0.4
v -1.2 0.5 0.4
v 1.5 0.5 0.4
v 1.6 0.5 0.4
v -1.3 0.5 -0.4
v -1.2 0.5 -0.4
v 1.5 0.5 -0.4
v 1.6 0.5 -0.4
v -1.4 0.5 -0.5
v -1.3 0.5 -0.5
v 1.6 0.5 -0.5
v 1.7 0.5 -0.5
v 1.8 0.5 -0.5
v -1.5 0.5 -0.6
v -1.4 0.5 -0.6
v -1.2 0.5 -0.7
v -1.1 0.5 -0.7
v 1.4 0.5 -0.7
v 1.5 0.5 -0.7
v -1.3 0.5 -0.8
v -1.2 0.5 -0.8
v -1.1 0.5 -0.8
v -1 0.5 -0.8
v 1.3 0.5 -0.8
v 1.4 0.5 -0.8
v 1.5 0.5 -0.8
v 1.6 0.5 -0.8
v -1.4 0.5 -0.9
v -1.3 0.5 -0.9
v -1.2 0.5 -0.9
v -1.1 0.5 -0.9
v 1.4 0.5 -0.9
v 1.5 0.5 -0.9
v 1.6 0.5 -0.9
v 1.7 0.5 -0.9
v -1.3 0.5 -1
v -1.2 0.5 -1
v -1 0.5 -1
v -0.9 0.5 -1
v 1.2 0.5 -1
v 1.3 0.5 -1
v 1.5 0.5 -1
v 1.6 0.5 -1
v -1.1 0.5 -1.1
v -1 0.5 -1.1
v -0.9 0.5 -1.1
v -0.8 0.5 -1.1
v 1.1 0.5 -1.1
v 1.2 0.5 -1.1
v 1.3 0.5 -1.1
v 1.4 0.5 -1.1
v -1.2 0.5 -1.2
v -1.1 0.5 -1.2
v -1 0.5 -1.2
v -0.9 0.5 -1.2
v -0.8 0.5 -1.2
v -0.7 0.5 -1.2
v 1 0.5 -1.2
v 1.1 0.5 -1.2
v 1.2 0.5 -1.2
v 1.3 0.5 -1.2
v 1.4 0.5 -1.2
v 1.5 0.5 -1.2
v -1.1 0.5 -1.3
v -1 0.5 -1.3
v -0.9 0.5 -1.3
v -0.8 0.5 -1.3
v -0.7 0.5 -1.3
v -0.5 0.5 -1.3
v 0.8 0.5 -1.3
v 1 0.5 -1.3
v 1.1 0.5 -1.3
v 1.2 0.5 -1.3
v 1.3 0.5 -1.3
v 1.4 0.5 -1.3
v -1 0.5 -1.4
v -0.9 0.5 -1.4
v -0.8 0.5 -1.4
v -0.6 0.5 -1.4
v -0.5 0.5 -1.4
v -0.2 0.5 -1.4
v 0.5 0.5 -1.4
v 0.8 0.5 -1.4
v 0.9 0.5 -1.4
v 1.1 0.5 -1.4
v 1.2 0.5 -1.4
v 1.3 0.5 -1.4
v -0.9 0.5 -1.5
v -0.7 0.5 -1.5
v -0.6 0.5 -1.5
v -0.3 0.5 -1.5
v -0.2 0.5 -1.5
v 0.5 0.5 -1.5
v 0.6 0.5 -1.5
v 0.9 0.5 -1.5
v 1 0.5 -1.5
v 1.2 0.5 -1.5
v -0.7 0.5 -1.6
v -0.4 0.5 -1.6
v -0.3 0.5 -1.6
v 0.6 0.5 -1.6
v 0.7 0.5 -1.6
v 1 0.5 -1.6
v -0.4 0.5 -1.7
v 0.7 0.5 -1.7
v -0.1 1.6 0.3
v 0.2 1.6 0.3
v -0.1 1.6 0.2
v 0.2 1.6 0.2
v 0.3 1.6 0
v 0.4 1.6 0
v 0.0999999 1.6 -0.0999999
v 0.2 1.6 -0.0999999
v 0.3 1.6 -0.0999999
v 0.4 1.6 -0.0999999
v 0.0999999 1.6 -0.2
v 0.2 1.6 -0.2
v 0.2 1.7 0.3
v 0.3 1.7 0.3
v 0.2 1.7 0.2
v 0.3 1.7 0.2
v -0.1 1.7 0.1
v -1.19209e-07 1.7 0.1
v 0.3 1.7 0.1
v 0.4 1.7 0.1
v -0.2 1.7 0
v -0.1 1.7 0
v 0.3 1.7 0
v 0.4 1.7 0
v -0.2 1.7 -0.0999999
v -1.19209e-07 1.7 -0.0999999
v 0.0999999 1.7 -0.0999999
v -1.19209e-07 1.7 -0.2
v 0.0999999 1.7 -0.2
v -0.1 1.8 0.3
v -1.19209e-07 1.8 0.3
v -0.1 1.8 0.2
v -1.19209e-07 1.8 0.2
v 0.3 1.8 0
v 0.4 1.8 0
v 0.2 1.8 -0.0999999
v 0.3 1.8 -0.0999999
v 0.4 1.8 -0.0999999
v 0.2 1.8 -0.2
v 0.3 1.8 -0.2
v -0.1 2 0.1
v -1.19209e-07 2 0.1
v 0.4 2 0.1
v 0.5 2 0.1
v -0.1 2 0
v -1.19209e-07 2 0
v 0.4 2 0
v 0.5 2 0
v 0.0999999 2 -0.0999999
v 0.2 2 -0.0999999
v 0.0999999 2 -0.2
v 0.2 2 -0.2
v 0.0999999 2.1 0.3
v 0.2 2.1 0.3
v 0.0999999 2.1 0.2
v 0.2 2.1 0.2
v -0.1 2.2 0
v -1.19209e-07 2.2 0
v 0.3 2.2 0
v 0.5 2.2 0
v -0.1 2.2 -0.0999999
v -1.19209e-07 2.2 -0.0999999
v 0.0999999 2.2 -0.0999999
v 0.3 2.2 -0.0999999
v 0.5 2.2 -0.0999999
v -1.19209e-07 2.2 -0.2
v 0.0999999 2.2 -0.2
v 0.2 2.2 -0.2
v 0.0999999 2.2 -0.3
v 0.2 2.2 -0.3
v -0.2 2.3 0
v -0.1 2.3 0
v -0.2 2.3 -0.0999999
v -0.1 2.3 -0.0999999
v -1.19209e-07 2.3 -0.0999999
v -0.1 2.3 -0.2
v -1.19209e-07 2.3 -0.2
v 0.2 2.3 -0.2
v 0.3 2.3 -0.2
v 0.2 2.3 -0.3
v 0.3 2.3 -0.3
v 0.4 2.4 0.4
v 0.8 2.4 0.4
v -0.2 2.4 0.1
v -0.1 2.4 0.1
v 0.4 2.4 0.1
v 0.5 2.4 0.1
v -0.2 2.4 0
v -0.1 2.4 0
v 0.5 2.4 0
v 0.8 2.4 0
v 0.0999999 2.4 -0.3
v 0.3 2.4 -0.3
v -0.4 2.4 -0.4
v -1.19209e-07 2.4 -0.4
v 0.0999999 2.4 -0.4
v 0.3 2.4 -0.4
v -0.4 2.4 -0.8
v -1.19209e-07 2.4 -0.8
v -1.19209e-07 2.5 0.9
v 0.4 2.5 0.9
v 0.5 2.5 0.6
v 0.7 2.5 0.6
v -0.6 2.5 0.5
v -0.2 2.5 0.5
v -1.19209e-07 2.5 0.5
v 0.3 2.5 0.5
v 0.4 2.5 0.5
v 0.5 2.5 0.5
v 0.7 2.5 0.5
v 0.9 2.5 0.5
v 0.4 2.5 0.4
v 0.8 2.5 0.4
v 0.2 2.5 0.3
v 0.3 2.5 0.3
v 0.9 2.5 0.3
v 1 2.5 0.3
v 0.2 2.5 0.2
v 0.3 2.5 0.2
v -0.6 2.5 0.1
v -0.2 2.5 0.1
v 0.3 2.5 0.1
v 0.4 2.5 0.1
v 0.9 2.5 0.1
v 1 2.5 0.1
v -0.6 2.5 0
v -0.2 2.5 0
v 0.4 2.5 0
v 0.5 2.5 0
v 0.8 2.5 0
v -0.2 2.5 -0.0999999
v 0.2 2.5 -0.0999999
v 0.3 2.5 -0.0999999
v 0.4 2.5 -0.0999999
v 0.7 2.5 -0.0999999
v 0.9 2.5 -0.0999999
v -0.2 2.5 -0.2
v -0.1 2.5 -0.2
v -1.19209e-07 2.5 -0.2
v 0.0999999 2.5 -0.2
v 0.2 2.5 -0.2
v 0.3 2.5 -0.2
v 0.7 2.5 -0.2
v 0.9 2.5 -0.2
v -0.1 2.5 -0.3
v -1.19209e-07 2.5 -0.3
v -0.6 2.5 -0.4
v -0.5 2.5 -0.4
v -0.4 2.5 -0.4
v -1.19209e-07 2.5 -0.4
v 0.0999999 2.5 -0.4
v 0.3 2.5 -0.4
v 0.5 2.5 -0.4
v -0.6 2.5 -0.5
v -0.5 2.5 -0.5
v 0.0999999 2.5 -0.5
v 0.2 2.5 -0.5
v 0.5 2.5 -0.6
v 0.9 2.5 -0.6
v -0.6 2.5 -0.7
v -0.5 2.5 -0.7
v 0.0999999 2.5 -0.7
v 0.2 2.5 -0.7
v -0.4 2.5 -0.8
v -1.19209e-07 2.5 -0.8
v -0.5 2.5 -0.9
v -0.3 2.5 -0.9
v -0.1 2.5 -0.9
v 0.0999999 2.5 -0.9
v -0.3 2.5 -1
v -0.1 2.5 -1
v 0.0999999 2.6 1.1
v 0.3 2.6 1.1
v -0.1 2.6 1
v 0.0999999 2.6 1
v 0.3 2.6 1
v 0.5 2.6 1
v -1.19209e-07 2.6 0.9
v 0.4 2.6 0.9
v -0.2 2.6 0.8
v -0.1 2.6 0.8
v 0.5 2.6 0.8
v 0.6 2.6 0.8
v -0.5 2.6 0.7
v -0.3 2.6 0.7
v -0.7 2.6 0.6
v -0.5 2.6 0.6
v -0.3 2.6 0.6
v -0.2 2.6 0.6
v 0.5 2.6 0.6
v 0.6 2.6 0.6
v 0.7 2.6 0.6
v 0.9 2.6 0.6
v -0.6 2.6 0.5
v -0.2 2.6 0.5
v -1.19209e-07 2.6 0.5
v 0.3 2.6 0.5
v 0.4 2.6 0.5
v 0.5 2.6 0.5
v 0.7 2.6 0.5
v 0.9 2.6 0.5
v 1 2.6 0.5
v -0.8 2.6 0.4
v -0.7 2.6 0.4
v -1.19209e-07 2.6 0.4
v 0.0999999 2.6 0.4
v 0.0999999 2.6 0.3
v 0.3 2.6 0.3
v 0.9 2.6 0.3
v 1 2.6 0.3
v -0.8 2.6 0.2
v -0.7 2.6 0.2
v -0.2 2.6 0.2
v -1.19209e-07 2.6 0.2
v -0.6 2.6 0.1
v -0.2 2.6 0.1
v -1.19209e-07 2.6 0.1
v 0.9 2.6 0.1
v 1 2.6 0.1
v -0.6 2.6 0
v -0.2 2.6 0
v -0.1 2.6 0
v -0.8 2.6 -0.0999999
v -0.7 2.6 -0.0999999
v -0.1 2.6 -0.0999999
v -1.19209e-07 2.6 -0.0999999
v 0.7 2.6 -0.0999999
v 0.9 2.6 -0.0999999
v -0.2 2.6 -0.2
v -0.1 2.6 -0.2
v 0.7 2.6 -0.2
v 0.9 2.6 -0.2
v -0.8 2.6 -0.3
v -0.7 2.6 -0.3
v -0.1 2.6 -0.3
v -1.19209e-07 2.6 -0.3
v 1 2.6 -0.3
v 1.1 2.6 -0.3
v -0.6 2.6 -0.4
v -0.5 2.6 -0.4
v 0.0999999 2.6 -0.4
v 0.2 2.6 -0.4
v 0.5 2.6 -0.4
v -0.7 2.6 -0.5
v -0.6 2.6 -0.5
v -0.5 2.6 -0.5
v 0.0999999 2.6 -0.5
v 0.2 2.6 -0.5
v 1 2.6 -0.5
v 1.1 2.6 -0.5
v 0.2 2.6 -0.6
v 0.4 2.6 -0.6
v 0.5 2.6 -0.6
v 0.9 2.6 -0.6
v -0.6 2.6 -0.7
v -0.5 2.6 -0.7
v 0.0999999 2.6 -0.7
v 0.2 2.6 -0.7
v 0.4 2.6 -0.7
v 0.6 2.6 -0.7
v 0.8 2.6 -0.7
v 1 2.6 -0.7
v 0.6 2.6 -0.8
v 0.8 2.6 -0.8
v -0.6 2.6 -0.9
v -0.5 2.6 -0.9
v -0.3 2.6 -0.9
v -0.1 2.6 -0.9
v 0.0999999 2.6 -0.9
v 0.2 2.6 -0.9
v -0.5 2.6 -1
v -0.3 2.6 -1
v -0.1 2.6 -1
v 0.0999999 2.6 -1
v -0.1 2.7 1.1
v 0.0999999 2.7 1.1
v 0.3 2.7 1.1
v 0.5 2.7 1.1
v -0.2 2.7 1
v -0.1 2.7 1
v 0.0999999 2.7 1
v 0.3 2.7 1
v 0.5 2.7 1
v 0.6 2.7 1
v -0.2 2.7 0.8
v -0.1 2.7 0.8
v 0.5 2.7 0.8
v 0.6 2.7 0.8
v -0.7 2.7 0.7
v -0.5 2.7 0.7
v -0.3 2.7 0.7
v -0.2 2.7 0.7
v 0.6 2.7 0.7
v 0.8 2.7 0.7
v -0.8 2.7 0.6
v -0.7 2.7 0.6
v -0.5 2.7 0.6
v -0.3 2.7 0.6
v -0.2 2.7 0.6
v 0.6 2.7 0.6
v 0.8 2.7 0.6
v -0.8 2.7 0.4
v -0.7 2.7 0.4
v -1.19209e-07 2.7 0.4
v 0.0999999 2.7 0.4
v 1 2.7 0.4
v 1.1 2.7 0.4
v 0.0999999 2.7 0.3
v -0.8 2.7 0.2
v -0.7 2.7 0.2
v -1.19209e-07 2.7 0.2
v 0.0999999 2.7 0.2
v 1 2.7 0
v 1.1 2.7 0
v -0.8 2.7 -0.0999999
v -0.7 2.7 -0.0999999
v 1 2.7 -0.0999999
v 1.1 2.7 -0.0999999
v -0.8 2.7 -0.3
v -0.7 2.7 -0.3
v 1 2.7 -0.3
v 1.1 2.7 -0.3
v -0.8 2.7 -0.5
v -0.7 2.7 -0.5
v -0.6 2.7 -0.5
v 1 2.7 -0.5
v 1.1 2.7 -0.5
v 0.2 2.7 -0.6
v 0.4 2.7 -0.6
v 0.3 2.7 -0.7
v 0.4 2.7 -0.7
v 0.6 2.7 -0.7
v 0.8 2.7 -0.7
v 1 2.7 -0.7
v 1.1 2.7 -0.7
v -0.7 2.7 -0.8
v -0.6 2.7 -0.8
v 0.2 2.7 -0.8
v 0.3 2.7 -0.8
v 0.4 2.7 -0.8
v 0.6 2.7 -0.8
v 0.8 2.7 -0.8
v 1 2.7 -0.8
v -0.4 2.7 -1
v -1.19209e-07 2.7 -1
v -0.4 2.7 -1.1
v -1.19209e-07 2.7 -1.1
v -1.19209e-07 2.8 1.2
v 0.4 2.8 1.2
v -1.19209e-07 2.8 1.1
v 0.4 2.8 1.1
v -0.3 2.8 0.9
v -0.2 2.8 0.9
v 0.6 2.8 0.9
v 0.7 2.8 0.9
v -0.6 2.8 0.8
v -0.3 2.8 0.8
v -0.6 2.8 0.7
v -0.2 2.8 0.7
v 0.6 2.8 0.7
v 0.7 2.8 0.7
v 0.9 2.8 0.6
v 1 2.8 0.6
v -0.9 2.8 0.5
v -0.8 2.8 0.5
v 0.9 2.8 0.5
v 1 2.8 0.5
v -0.9 2.8 0.1
v -0.8 2.8 0.1
v -0.9 2.8 0
v -0.8 2.8 0
v 1.1 2.8 -0.2
v 1.2 2.8 -0.2
v -0.9 2.8 -0.4
v -0.8 2.8 -0.4
v 1.1 2.8 -0.6
v 1.2 2.8 -0.6
v 0.5 2.8 -0.8
v 0.9 2.8 -0.8
v -0.6 2.8 -0.9
v -0.5 2.8 -0.9
v 0.0999999 2.8 -0.9
v 0.2 2.8 -0.9
v 0.5 2.8 -0.9
v 0.9 2.8 -0.9
v -0.6 2.8 -1
v -0.5 2.8 -1
v 0.0999999 2.8 -1
v 0.2 2.8 -1
v -0.2 2.9 1.1
v -0.1 2.9 1.1
v 0.5 2.9 1.1
v 0.6 2.9 1.1
v -0.2 2.9 1
v -0.1 2.9 1
v 0.5 2.9 1
v 0.6 2.9 1
v -0.8 2.9 0.7
v -0.7 2.9 0.7
v -0.8 2.9 0.6
v -0.7 2.9 0.6
v 1 2.9 0
v 1.1 2.9 0
v 1 2.9 -0.0999999
v 1.1 2.9 -0.0999999
v -0.8 2.9 -0.5
v -0.7 2.9 -0.5
v -0.8 2.9 -0.6
v -0.7 2.9 -0.6
v 0.3 2.9 -0.7
v 0.4 2.9 -0.7
v 1 2.9 -0.7
v 1.1 2.9 -0.7
v 0.3 2.9 -0.8
v 0.4 2.9 -0.8
v 1 2.9 -0.8
v 1.1 2.9 -0.8
v -0.5 3.2 0.9
v -0.3 3.2 0.9
v -0.5 3.2 0.8
v -0.3 3.2 0.8
v 0.7 3.2 0.7
v 0.8 3.2 0.7
v 0.7 3.2 0.6
v 0.8 3.2 0.6
v -0.4 3.3 1
v -0.2 3.3 1
v -0.4 3.3 0.9
v -0.2 3.3 0.9
v 0.6 3.3 0.8
v 0.7 3.3 0.8
v 0.6 3.3 0.7
v 0.7 3.3 0.7
v 0.9 3.3 0.5
v 1 3.3 0.5
v 0.9 3.3 0.3
v 1 3.3 0.3
v 0.2 3.3 -0.6
v 0.3 3.3 -0.6
v 0.2 3.3 -0.7
v 0.3 3.3 -0.7
v -0.6 3.4 0.9
v -0.5 3.4 0.9
v -0.6 3.4 0.8
v -0.5 3.4 0.8
v 0.8 3.4 0.7
v 0.9 3.4 0.7
v 0.8 3.4 0.6
v 0.9 3.4 0.6
v 0.8 3.4 0
v 0.9 3.4 0
v 0.8 3.4 -0.0999999
v 0.9 3.4 -0.0999999
v -0.2 0.1 1.5
v 0.5 0.1 1.5
v -0.5 0.1 1.4
v -0.2 0.1 1.4
v 0.5 0.1 1.4
v 0.8 0.1 1.4
v -0.7 0.1 1.3
v -0.5 0.1 1.3
v 0.8 0.1 1.3
v 1 0.1 1.3
v -0.8 0.1 1.2
v -0.7 0.1 1.2
v 1 0.1 1.2
v 1.1 0.1 1.2
v -0.9 0.1 1.1
v -0.8 0.1 1.1
v 1.1 0.1 1.1
v 1.2 0.1 1.1
v -1 0.1 1
v -0.9 0.1 1
v 1.2 0.1 0.9
v 1.3 0.1 0.9
v -1.1 0.1 0.8
v -1 0.1 0.8
v 1.3 0.1 0.8
v 1.4 0.1 0.8
v -1.2 0.1 0.7
v -1.1 0.1 0.7
v 1.4 0.1 0.7
v 1.5 0.1 0.7
v -1.3 0.1 0.4
v -1.2 0.1 0.4
v 1.5 0.1 0.4
v 1.6 0.1 0.4
v -0.7 0.1 -0.0999999
v -0.5 0.1 -0.0999999
v -0.7 0.1 -0.2
v -0.5 0.1 -0.2
v -1.3 0.1 -0.4
v -1.2 0.1 -0.4
v 1.5 0.1 -0.4
v 1.6 0.1 -0.4
v -1.2 0.1 -0.7
v -1.1 0.1 -0.7
v 1.4 0.1 -0.7
v 1.5 0.1 -0.7
v -1.1 0.1 -0.8
v -1 0.1 -0.8
v 1.3 0.1 -0.8
v 1.4 0.1 -0.8
v -1 0.1 -1
v -0.9 0.1 -1
v 1.2 0.1 -1
v 1.3 0.1 -1
v -0.9 0.1 -1.1
v -0.8 0.1 -1.1
v 1.1 0.1 -1.1
v 1.2 0.1 -1.1
v -0.8 0.1 -1.2
v -0.7 0.1 -1.2
v 1 0.1 -1.2
v 1.1 0.1 -1.2
v -0.7 0.1 -1.3
v -0.5 0.1 -1.3
v 0.8 0.1 -1.3
v 1 0.1 -1.3
v -0.5 0.1 -1.4
v -0.2 0.1 -1.4
v 0.5 0.1 -1.4
v 0.8 0.1 -1.4
v -0.2 0.1 -1.5
v 0.5 0.1 -1.5
v -0.7 0.2 -0.0999999
v -0.5 0.2 -0.0999999
v -0.7 0.2 -0.2
v -0.5 0.2 -0.2
v -0.3 1.3 1.6
v 0.6 1.3 1.6
v -0.6 1.3 1.5
v -0.3 1.3 1.5
v 0.6 1.3 1.5
v 0.9 1.3 1.5
v -0.8 1.3 1.4
v -0.6 1.3 1.4
v 0.9 1.3 1.4
v 1.1 1.3 1.4
v -0.9 1.3 1.3
v -0.8 1.3 1.3
v 1.1 1.3 1.3
v 1.2 1.3 1.3
v -1 1.3 1.2
v -0.9 1.3 1.2
v 1.2 1.3 1.2
v 1.3 1.3 1.2
v -1.1 1.3 1.1
v -1 1.3 1.1
v 0.2 1.3 1
v 0.4 1.3 1
v 0.6 1.3 1
v 0.7 1.3 1
v 0.8 1.3 1
v 1 1.3 1
v 1.3 1.3 1
v 1.4 1.3 1
v -1.2 1.3 0.9
v -1.1 1.3 0.9
v -0.8 1.3 0.9
v -0.6 1.3 0.9
v 0.0999999 1.3 0.9
v 0.2 1.3 0.9
v 0.3 1.3 0.9
v 0.4 1.3 0.9
v 0.7 1.3 0.9
v 0.8 1.3 0.9
v 1 1.3 0.9
v 1.4 1.3 0.9
v 1.5 1.3 0.9
v -1.3 1.3 0.8
v -1.2 1.3 0.8
v -0.8 1.3 0.8
v -0.6 1.3 0.8
v -0.2 1.3 0.8
v -1.19209e-07 1.3 0.8
v 0.3 1.3 0.8
v 0.5 1.3 0.8
v 0.6 1.3 0.8
v 0.8 1.3 0.8
v 1.5 1.3 0.8
v 1.6 1.3 0.8
v -1.19209e-07 1.3 0.7
v 0.0999999 1.3 0.7
v 0.3 1.3 0.7
v 0.4 1.3 0.7
v 0.5 1.3 0.7
v 0.6 1.3 0.7
v -0.2 1.3 0.6
v 0.0999999 1.3 0.6
v 0.3 1.3 0.6
v 0.4 1.3 0.6
v 1 1.3 0.6
v 1.2 1.3 0.6
v -1.4 1.3 0.5
v -1.3 1.3 0.5
v -0.6 1.3 0.5
v -0.5 1.3 0.5
v -0.4 1.3 0.5
v -0.3 1.3 0.5
v 0.4 1.3 0.5
v 0.5 1.3 0.5
v 0.7 1.3 0.5
v 1 1.3 0.5
v 1.1 1.3 0.5
v 1.2 1.3 0.5
v 1.3 1.3 0.5
v 1.6 1.3 0.5
v 1.7 1.3 0.5
v -1.19209e-07 1.3 0.4
v 0.2 1.3 0.4
v 0.4 1.3 0.4
v 0.5 1.3 0.4
v 0.6 1.3 0.4
v 0.7 1.3 0.4
v 0.9 1.3 0.4
v 1 1.3 0.4
v 1.1 1.3 0.4
v 1.2 1.3 0.4
v -1 1.3 0.3
v -0.9 1.3 0.3
v -0.5 1.3 0.3
v -0.4 1.3 0.3
v -0.3 1.3 0.3
v -1.19209e-07 1.3 0.3
v 0.2 1.3 0.3
v 0.4 1.3 0.3
v 0.5 1.3 0.3
v 0.8 1.3 0.3
v 1.2 1.3 0.3
v 1.3 1.3 0.3
v 1.5 1.3 0.3
v -0.6 1.3 0.2
v -0.5 1.3 0.2
v 0.8 1.3 0.2
v 0.9 1.3 0.2
v 1.3 1.3 0.2
v 1.4 1.3 0.2
v -1 1.3 0.1
v -0.9 1.3 0.1
v -0.3 1.3 0.1
v -0.2 1.3 0.1
v 0.7 1.3 0.1
v 0.8 1.3 0.1
v 0.9 1.3 0.1
v 1 1.3 0.1
v -0.5 1.3 0
v -0.4 1.3 0
v 0.7 1.3 0
v 0.8 1.3 0
v -0.3 1.3 -0.0999999
v -0.2 1.3 -0.0999999
v 1 1.3 -0.0999999
v 1.1 1.3 -0.0999999
v 1.4 1.3 -0.0999999
v 1.5 1.3 -0.0999999
v -0.9 1.3 -0.2
v -0.8 1.3 -0.2
v -0.4 1.3 -0.2
v -0.3 1.3 -0.2
v 0.0999999 1.3 -0.2
v 0.3 1.3 -0.2
v 0.4 1.3 -0.2
v 0.5 1.3 -0.2
v 0.6 1.3 -0.2
v 0.9 1.3 -0.2
v 1.1 1.3 -0.2
v 0.0999999 1.3 -0.3
v 0.3 1.3 -0.3
v 0.4 1.3 -0.3
v 0.5 1.3 -0.3
v -0.9 1.3 -0.4
v -0.8 1.3 -0.4
v -0.7 1.3 -0.4
v -0.5 1.3 -0.4
v -0.4 1.3 -0.4
v -0.3 1.3 -0.4
v 0.4 1.3 -0.4
v 0.6 1.3 -0.4
v 0.9 1.3 -0.4
v 1 1.3 -0.4
v -1.4 1.3 -0.5
v -1.3 1.3 -0.5
v -0.7 1.3 -0.5
v -0.6 1.3 -0.5
v 0.3 1.3 -0.5
v 0.4 1.3 -0.5
v 1.6 1.3 -0.5
v 1.7 1.3 -0.5
v -0.6 1.3 -0.6
v -0.5 1.3 -0.6
v 0.3 1.3 -0.6
v 0.4 1.3 -0.6
v -0.3 1.3 -0.7
v -0.1 1.3 -0.7
v 0.6 1.3 -0.7
v 0.7 1.3 -0.7
v 0.9 1.3 -0.7
v 1 1.3 -0.7
v -1.3 1.3 -0.8
v -1.2 1.3 -0.8
v -0.3 1.3 -0.8
v -0.1 1.3 -0.8
v 1.5 1.3 -0.8
v 1.6 1.3 -0.8
v -1.2 1.3 -0.9
v -1.1 1.3 -0.9
v 0.6 1.3 -0.9
v 0.7 1.3 -0.9
v 1.4 1.3 -0.9
v 1.5 1.3 -0.9
v 0.0999999 1.3 -1
v 0.3 1.3 -1
v -1.1 1.3 -1.1
v -1 1.3 -1.1
v 0.0999999 1.3 -1.1
v 0.3 1.3 -1.1
v 1.3 1.3 -1.1
v 1.4 1.3 -1.1
v -1 1.3 -1.2
v -0.9 1.3 -1.2
v 1.2 1.3 -1.2
v 1.3 1.3 -1.2
v -0.9 1.3 -1.3
v -0.8 1.3 -1.3
v 1.1 1.3 -1.3
v 1.2 1.3 -1.3
v -0.8 1.3 -1.4
v -0.6 1.3 -1.4
v 0.9 1.3 -1.4
v 1.1 1.3 -1.4
v -0.6 1.3 -1.5
v -0.3 1.3 -1.5
v 0.6 1.3 -1.5
v 0.9 1.3 -1.5
v -0.3 1.3 -1.6
v 0.6 1.3 -1.6
v 0.2 1.4 1
v 0.4 1.4 1
v 0.6 1.4 1
v 0.7 1.4 1
v 0.8 1.4 1
v 1 1.4 1
v -0.8 1.4 0.9
v -0.6 1.4 0.9
v 0.0999999 1.4 0.9
v 0.2 1.4 0.9
v 0.3 1.4 0.9
v 0.4 1.4 0.9
v 0.7 1.4 0.9
v 0.8 1.4 0.9
v 1 1.4 0.9
v -0.8 1.4 0.8
v -0.6 1.4 0.8
v -0.2 1.4 0.8
v -0.1 1.4 0.8
v 0.3 1.4 0.8
v 0.5 1.4 0.8
v 0.6 1.4 0.8
v 0.8 1.4 0.8
v -0.1 1.4 0.7
v -1.19209e-07 1.4 0.7
v 0.0999999 1.4 0.7
v 0.3 1.4 0.7
v 0.4 1.4 0.7
v 0.5 1.4 0.7
v 0.6 1.4 0.7
v -0.2 1.4 0.6
v 0.0999999 1.4 0.6
v 0.3 1.4 0.6
v 0.4 1.4 0.6
v 0.5 1.4 0.6
v 0.6 1.4 0.6
v 1 1.4 0.6
v 1.2 1.4 0.6
v -0.6 1.4 0.5
v -0.5 1.4 0.5
v -0.4 1.4 0.5
v -0.3 1.4 0.5
v 0.4 1.4 0.5
v 0.5 1.4 0.5
v 0.6 1.4 0.5
v 0.7 1.4 0.5
v 1 1.4 0.5
v 1.1 1.4 0.5
v 1.2 1.4 0.5
v 1.3 1.4 0.5
v -1.19209e-07 1.4 0.4
v 0.0999999 1.4 0.4
v 0.4 1.4 0.4
v 0.5 1.4 0.4
v 0.6 1.4 0.4
v 0.7 1.4 0.4
v 0.9 1.4 0.4
v 1 1.4 0.4
v 1.1 1.4 0.4
v 1.2 1.4 0.4
v -1 1.4 0.3
v -0.9 1.4 0.3
v -0.5 1.4 0.3
v -0.4 1.4 0.3
v -0.3 1.4 0.3
v -0.1 1.4 0.3
v -1.19209e-07 1.4 0.3
v 0.0999999 1.4 0.3
v 0.5 1.4 0.3
v 0.8 1.4 0.3
v 1.2 1.4 0.3
v 1.3 1.4 0.3
v 1.5 1.4 0.3
v -0.6 1.4 0.2
v -0.5 1.4 0.2
v 0.8 1.4 0.2
v 0.9 1.4 0.2
v 1.3 1.4 0.2
v 1.4 1.4 0.2
v -1 1.4 0.1
v -0.9 1.4 0.1
v -0.3 1.4 0.1
v -0.2 1.4 0.1
v -0.1 1.4 0.1
v 0.7 1.4 0.1
v 0.8 1.4 0.1
v 0.9 1.4 0.1
v 1 1.4 0.1
v -0.5 1.4 0
v -0.4 1.4 0
v -0.2 1.4 0
v -0.1 1.4 0
v 0.7 1.4 0
v 0.8 1.4 0
v -0.3 1.4 -0.0999999
v -0.2 1.4 -0.0999999
v 1 1.4 -0.0999999
v 1.1 1.4 -0.0999999
v 1.4 1.4 -0.0999999
v 1.5 1.4 -0.0999999
v -0.9 1.4 -0.2
v -0.8 1.4 -0.2
v -0.4 1.4 -0.2
v -0.3 1.4 -0.2
v -0.1 1.4 -0.2
v 0.0999999 1.4 -0.2
v 0.3 1.4 -0.2
v 0.5 1.4 -0.2
v 0.6 1.4 -0.2
v 0.9 1.4 -0.2
v 1.1 1.4 -0.2
v 0.0999999 1.4 -0.3
v 0.3 1.4 -0.3
v 0.4 1.4 -0.3
v 0.5 1.4 -0.3
v -0.9 1.4 -0.4
v -0.8 1.4 -0.4
v -0.7 1.4 -0.4
v -0.5 1.4 -0.4
v -0.4 1.4 -0.4
v -0.3 1.4 -0.4
v 0.4 1.4 -0.4
v 0.6 1.4 -0.4
v 0.9 1.4 -0.4
v 1 1.4 -0.4
v -0.7 1.4 -0.5
v -0.6 1.4 -0.5
v 0.3 1.4 -0.5
v 0.4 1.4 -0.5
v -0.6 1.4 -0.6
v -0.5 1.4 -0.6
v 0.3 1.4 -0.6
v 0.4 1.4 -0.6
v -0.3 1.4 -0.7
v -0.1 1.4 -0.7
v 0.6 1.4 -0.7
v 0.7 1.4 -0.7
v 0.9 1.4 -0.7
v 1 1.4 -0.7
v -0.3 1.4 -0.8
v -0.1 1.4 -0.8
v 0.6 1.4 -0.9
v 0.7 1.4 -0.9
v 0.0999999 1.4 -1
v 0.3 1.4 -1
v 0.0999999 1.4 -1.1
v 0.3 1.4 -1.1
v -0.1 1.5 0.8
v -1.19209e-07 1.5 0.8
v -0.1 1.5 0.7
v -1.19209e-07 1.5 0.7
v 0.5 1.5 0.6
v 0.6 1.5 0.6
v 0.5 1.5 0.5
v 0.6 1.5 0.5
v 0.0999999 1.5 0.4
v 0.2 1.5 0.4
v -0.1 1.5 0.3
v 0.0999999 1.5 0.3
v 0.2 1.5 0.3
v 0.4 1.5 0.3
v -0.1 1.5 0.2
v 0.4 1.5 0.2
v -0.2 1.5 0.1
v -0.1 1.5 0.1
v -1.19209e-07 1.5 0.1
v -0.2 1.5 0
v -0.1 1.5 0
v -1.19209e-07 1.5 0
v 0.3 1.5 0
v 0.4 1.5 0
v -0.1 1.5 -0.0999999
v 0.2 1.5 -0.0999999
v 0.3 1.5 -0.0999999
v 0.4 1.5 -0.0999999
v -0.1 1.5 -0.2
v 0.2 1.5 -0.2
v 0.3 1.6 0.1
v 0.4 1.6 0.1
v -0.1 1.6 0
v -1.19209e-07 1.6 0
v 0.3 1.6 0
v 0.4 1.6 0
v -0.1 1.6 -0.0999999
v -1.19209e-07 1.6 -0.0999999
v 0.2 1.6 -0.0999999
v 0.4 1.6 -0.0999999
v 0.2 1.6 -0.2
v 0.4 1.6 -0.2
v -0.4 1.7 1.7
v 0.7 1.7 1.7
v -0.7 1.7 1.6
v -0.4 1.7 1.6
v -0.3 1.7 1.6
v 0.6 1.7 1.6
v 0.7 1.7 1.6
v 1 1.7 1.6
v -0.9 1.7 1.5
v -0.7 1.7 1.5
v -0.6 1.7 1.5
v -0.3 1.7 1.5
v 0.6 1.7 1.5
v 0.9 1.7 1.5
v 1 1.7 1.5
v 1.2 1.7 1.5
v -1 1.7 1.4
v -0.9 1.7 1.4
v -0.8 1.7 1.4
v -0.6 1.7 1.4
v 0.9 1.7 1.4
v 1.1 1.7 1.4
v 1.2 1.7 1.4
v 1.3 1.7 1.4
v -1.1 1.7 1.3
v -1 1.7 1.3
v -0.9 1.7 1.3
v -0.8 1.7 1.3
v 1.1 1.7 1.3
v 1.2 1.7 1.3
v 1.3 1.7 1.3
v 1.4 1.7 1.3
v -1.2 1.7 1.2
v -1.1 1.7 1.2
v -1 1.7 1.2
v -0.9 1.7 1.2
v 1.2 1.7 1.2
v 1.3 1.7 1.2
v -1.1 1.7 1.1
v -1 1.7 1.1
v 1.4 1.7 1.1
v 1.5 1.7 1.1
v -1.3 1.7 1
v -1.2 1.7 1
v 1.3 1.7 1
v 1.4 1.7 1
v 1.5 1.7 1
v 1.6 1.7 1
v -1.4 1.7 0.9
v -1.3 1.7 0.9
v -1.2 1.7 0.9
v -1.1 1.7 0.9
v 1.4 1.7 0.9
v 1.5 1.7 0.9
v 1.6 1.7 0.9
v 1.7 1.7 0.9
v -1.3 1.7 0.8
v -1.2 1.7 0.8
v 1.5 1.7 0.8
v 1.6 1.7 0.8
v -1.5 1.7 0.6
v -1.4 1.7 0.6
v 1.7 1.7 0.6
v 1.8 1.7 0.6
v -1.4 1.7 0.5
v -1.3 1.7 0.5
v 1.6 1.7 0.5
v 1.7 1.7 0.5
v -0.1 1.7 0.3
v -1.19209e-07 1.7 0.3
v 0.0999999 1.7 0.3
v 0.2 1.7 0.3
v -0.1 1.7 0.2
v -1.19209e-07 1.7 0.2
v 0.0999999 1.7 0.2
v 0.2 1.7 0.2
v 0.3 1.7 0
v 0.4 1.7 0
v 0.3 1.7 -0.0999999
v 0.4 1.7 -0.0999999
v -1.4 1.7 -0.5
v -1.3 1.7 -0.5
v 1.6 1.7 -0.5
v 1.7 1.7 -0.5
v 1.8 1.7 -0.5
v -1.5 1.7 -0.6
v -1.4 1.7 -0.6
v -1.3 1.7 -0.8
v -1.2 1.7 -0.8
v 1.5 1.7 -0.8
v 1.6 1.7 -0.8
v -1.4 1.7 -0.9
v -1.3 1.7 -0.9
v -1.2 1.7 -0.9
v -1.1 1.7 -0.9
v 1.4 1.7 -0.9
v 1.5 1.7 -0.9
v 1.6 1.7 -0.9
v 1.7 1.7 -0.9
v -1.3 1.7 -1
v -1.2 1.7 -1
v 1.5 1.7 -1
v 1.6 1.7 -1
v -1.1 1.7 -1.1
v -1 1.7 -1.1
v 1.3 1.7 -1.1
v 1.4 1.7 -1.1
v -1.2 1.7 -1.2
v -1.1 1.7 -1.2
v -1 1.7 -1.2
v -0.9 1.7 -1.2
v 1.2 1.7 -1.2
v 1.3 1.7 -1.2
v 1.4 1.7 -1.2
v 1.5 1.7 -1.2
v -1.1 1.7 -1.3
v -1 1.7 -1.3
v -0.9 1.7 -1.3
v -0.8 1.7 -1.3
v 1.1 1.7 -1.3
v 1.2 1.7 -1.3
v 1.3 1.7 -1.3
v 1.4 1.7 -1.3
v -1 1.7 -1.4
v -0.9 1.7 -1.4
v -0.8 1.7 -1.4
v -0.6 1.7 -1.4
v 0.9 1.7 -1.4
v 1.1 1.7 -1.4
v 1.2 1.7 -1.4
v 1.3 1.7 -1.4
v -0.9 1.7 -1.5
v -0.7 1.7 -1.5
v -0.6 1.7 -1.5
v -0.3 1.7 -1.5
v 0.6 1.7 -1.5
v 0.9 1.7 -1.5
v 1 1.7 -1.5
v 1.2 1.7 -1.5
v -0.7 1.7 -1.6
v -0.4 1.7 -1.6
v -0.3 1.7 -1.6
v 0.6 1.7 -1.6
v 0.7 1.7 -1.6
v 1 1.7 -1.6
v -0.4 1.7 -1.7
v 0.7 1.7 -1.7
v 0.2 1.8 0.3
v 0.3 1.8 0.3
v 0.2 1.8 0.2
v 0.3 1.8 0.2
v 0.4 1.8 0.2
v 0.3 1.8 0.1
v 0.4 1.8 0.1
v -0.2 1.8 0
v -0.1 1.8 0
v -1.19209e-07 1.8 0
v -0.2 1.8 -0.0999999
v -1.19209e-07 1.8 -0.0999999
v 0.2 1.8 -0.0999999
v -1.19209e-07 1.8 -0.2
v 0.2 1.8 -0.2
v -0.1 1.9 0.3
v -1.19209e-07 1.9 0.3
v -0.1 1.9 0.2
v -1.19209e-07 1.9 0.2
v -0.1 1.9 0.1
v -1.19209e-07 1.9 0.1
v -0.1 1.9 0
v -1.19209e-07 1.9 0
v 0.3 1.9 0
v 0.4 1.9 0
v 0.3 1.9 -0.0999999
v 0.4 1.9 -0.0999999
v -0.1 2 0.2
v -1.19209e-07 2 0.2
v -0.1 2 0.1
v -1.19209e-07 2 0.1
v -1.19209e-07 2.1 0.3
v 0.0999999 2.1 0.3
v -1.19209e-07 2.1 0.2
v 0.0999999 2.1 0.2
v 0.4 2.3 0
v 0.5 2.3 0
v 0.2 2.3 -0.0999999
v 0.3 2.3 -0.0999999
v 0.4 2.3 -0.0999999
v 0.5 2.3 -0.0999999
v 0.2 2.3 -0.2
v 0.3 2.3 -0.2
v -0.1 2.4 -0.0999999
v -1.19209e-07 2.4 -0.0999999
v -0.1 2.4 -0.2
v -1.19209e-07 2.4 -0.2
v -0.2 2.5 0
v -0.1 2.5 0
v -0.2 2.5 -0.0999999
v -0.1 2.5 -0.0999999
v 0.9 3 0.6
v 1 3 0.6
v 0.9 3 0.5
v 1 3 0.5
v -0.6 3 -0.9
v -0.5 3 -0.9
v 0.0999999 3 -0.9
v 0.2 3 -0.9
v -0.6 3 -1
v -0.5 3 -1
v 0.0999999 3 -1
v 0.2 3 -1
v -0.2 3.1 1.1
v -0.1 3.1 1.1
v 0.5 3.1 1.1
v 0.6 3.1 1.1
v -0.2 3.1 1
v -0.1 3.1 1
v 0.5 3.1 1
v 0.6 3.1 1
v -0.8 3.1 0.7
v -0.7 3.1 0.7
v 0.7 3.1 0.7
v 0.8 3.1 0.7
v -0.8 3.1 0.6
v -0.7 3.1 0.6
v 0.7 3.1 0.6
v 0.8 3.1 0.6
v 1 3.1 0.4
v 1.1 3.1 0.4
v 1 3.1 -0.0999999
v 1.1 3.1 -0.0999999
v -0.8 3.1 -0.5
v -0.7 3.1 -0.5
v -0.8 3.1 -0.6
v -0.7 3.1 -0.6
v -0.6 3.1 -0.6
v 0.2 3.1 -0.7
v 0.4 3.1 -0.7
v 1 3.1 -0.7
v 1.1 3.1 -0.7
v -0.7 3.1 -0.8
v -0.6 3.1 -0.8
v 0.2 3.1 -0.8
v 0.4 3.1 -0.8
v 1 3.1 -0.8
v 1.1 3.1 -0.8
v -0.4 3.1 -1
v -1.19209e-07 3.1 -1
v -0.4 3.1 -1.1
v -1.19209e-07 3.1 -1.1
v -1.19209e-07 3.2 1.2
v 0.4 3.2 1.2
v -1.19209e-07 3.2 1.1
v 0.4 3.2 1.1
v 0.6 3.2 0.9
v 0.7 3.2 0.9
v 0.6 3.2 0.7
v 0.7 3.2 0.7
v -0.9 3.2 0.5
v -0.8 3.2 0.5
v 0.9 3.2 0.5
v 1 3.2 0.5
v 0.9 3.2 0.3
v 1 3.2 0.3
v -0.9 3.2 0.1
v -0.8 3.2 0.1
v 0.9 3.2 0.1
v 1 3.2 0.1
v -0.9 3.2 0
v -0.8 3.2 0
v 0.9 3.2 0
v 1 3.2 0
v 1.1 3.2 -0.2
v 1.2 3.2 -0.2
v -0.9 3.2 -0.4
v -0.8 3.2 -0.4
v 0.2 3.2 -0.6
v 0.3 3.2 -0.6
v 1.1 3.2 -0.6
v 1.2 3.2 -0.6
v -0.6 3.2 -0.7
v -0.5 3.2 -0.7
v 0.0999999 3.2 -0.7
v 0.2 3.2 -0.7
v 0.3 3.2 -0.7
v 0.5 3.2 -0.8
v 0.9 3.2 -0.8
v -0.6 3.2 -0.9
v -0.5 3.2 -0.9
v -0.3 3.2 -0.9
v -0.1 3.2 -0.9
v 0.0999999 3.2 -0.9
v 0.2 3.2 -0.9
v 0.5 3.2 -0.9
v 0.9 3.2 -0.9
v -0.5 3.2 -1
v -0.3 3.2 -1
v -0.1 3.2 -1
v 0.0999999 3.2 -1
v -0.1 3.3 1.1
v 0.0999999 3.3 1.1
v 0.3 3.3 1.1
v 0.5 3.3 1.1
v -0.1 3.3 1
v 0.0999999 3.3 1
v 0.3 3.3 1
v 0.5 3.3 1
v 0.6 3.3 1
v 0.5 3.3 0.8
v 0.6 3.3 0.8
v -0.8 3.3 0.6
v -0.7 3.3 0.6
v -0.8 3.3 0.4
v -0.7 3.3 0.4
v -0.8 3.3 0.2
v -0.7 3.3 0.2
v 0.8 3.3 0
v 0.9 3.3 0
v 1 3.3 0
v -0.8 3.3 -0.0999999
v -0.7 3.3 -0.0999999
v 0.8 3.3 -0.0999999
v 1 3.3 -0.0999999
v 1.1 3.3 -0.0999999
v -0.8 3.3 -0.3
v -0.7 3.3 -0.3
v 1 3.3 -0.3
v 1.1 3.3 -0.3
v -0.8 3.3 -0.5
v -0.7 3.3 -0.5
v -0.5 3.3 -0.5
v 1 3.3 -0.5
v 1.1 3.3 -0.5
v -0.7 3.3 -0.6
v -0.6 3.3 -0.6
v -0.5 3.3 -0.6
v -0.4 3.3 -0.6
v -0.6 3.3 -0.7
v -0.5 3.3 -0.7
v -1.19209e-07 3.3 -0.7
v 0.0999999 3.3 -0.7
v 0.4 3.3 -0.7
v 0.6 3.3 -0.7
v 0.8 3.3 -0.7
v 1 3.3 -0.7
v 1.1 3.3 -0.7
v -0.4 3.3 -0.8
v -1.19209e-07 3.3 -0.8
v 0.4 3.3 -0.8
v 0.6 3.3 -0.8
v 0.8 3.3 -0.8
v 1 3.3 -0.8
v -0.5 3.3 -0.9
v -0.3 3.3 -0.9
v -0.1 3.3 -0.9
v 0.0999999 3.3 -0.9
v -0.3 3.3 -1
v -0.1 3.3 -1
v 0.0999999 3.4 1.1
v 0.3 3.4 1.1
v -1.19209e-07 3.4 1
v 0.0999999 3.4 1
v 0.3 3.4 1
v 0.5 3.4 1
v -1.19209e-07 3.4 0.9
v 0.4 3.4 0.9
v 0.4 3.4 0.8
v 0.5 3.4 0.8
v -0.8 3.4 0.4
v -0.7 3.4 0.4
v -0.7 3.4 0.3
v -0.6 3.4 0.3
v -0.8 3.4 0.2
v -0.7 3.4 0.2
v -0.6 3.4 0.1
v -0.4 3.4 0.1
v -0.6 3.4 0
v -0.4 3.4 0
v -0.8 3.4 -0.0999999
v -0.7 3.4 -0.0999999
v 0.7 3.4 -0.0999999
v 0.9 3.4 -0.0999999
v 1 3.4 -0.0999999
v 0.7 3.4 -0.2
v 0.9 3.4 -0.2
v -0.8 3.4 -0.3
v -0.7 3.4 -0.3
v 1 3.4 -0.3
v 1.1 3.4 -0.3
v -0.6 3.4 -0.4
v -0.2 3.4 -0.4
v -0.7 3.4 -0.5
v -0.5 3.4 -0.5
v 1 3.4 -0.5
v 1.1 3.4 -0.5
v -0.5 3.4 -0.6
v -0.4 3.4 -0.6
v -0.2 3.4 -0.6
v -1.19209e-07 3.4 -0.6
v 0.4 3.4 -0.6
v 0.9 3.4 -0.6
v -1.19209e-07 3.4 -0.7
v 0.4 3.4 -0.7
v 0.6 3.4 -0.7
v 0.8 3.4 -0.7
v 1 3.4 -0.7
v -0.4 3.4 -0.8
v -1.19209e-07 3.4 -0.8
v 0.6 3.4 -0.8
v 0.8 3.4 -0.8
v 0.2 3.5 0.9
v 0.4 3.5 0.9
v 0.3 3.5 0.8
v 0.4 3.5 0.8
v 0.2 3.5 0.7
v 0.3 3.5 0.7
v -0.6 3.5 0
v -0.4 3.5 0
v -0.3 3.5 0
v 0.7 3.5 -0.2
v 0.9 3.5 -0.2
v -0.6 3.5 -0.4
v -0.3 3.5 -0.4
v 0.6 3.5 -0.4
v 0.7 3.5 -0.4
v 0.6 3.5 -0.6
v 0.9 3.5 -0.6
v -0.6 3.6 0.9
v -0.5 3.6 0.9
v 0.0999999 3.6 0.9
v 0.2 3.6 0.9
v -0.6 3.6 0.8
v -0.5 3.6 0.8
v 0.0999999 3.6 0.8
v 0.2 3.6 0.8
v 0.8 3.6 0.7
v 0.9 3.6 0.7
v 0.8 3.6 0.6
v 0.9 3.6 0.6
v -0.6 3.6 0.2
v -0.5 3.6 0.2
v -0.6 3.6 0.1
v -0.5 3.6 0.1
v 0.8 3.6 0
v 0.9 3.6 0
v 0.8 3.6 -0.0999999
v 0.9 3.6 -0.0999999
v -0.2 3.6 -0.5
v -0.1 3.6 -0.5
v 0.5 3.6 -0.5
v 0.6 3.6 -0.5
v -0.2 3.6 -0.6
v -0.1 3.6 -0.6
v 0.5 3.6 -0.6
v 0.6 3.6 -0.6
v -0.4 3.7 1
v -1.19209e-07 3.7 1
v -0.4 3.7 0.9
v -1.19209e-07 3.7 0.9
v 0.3 3.7 0.8
v 0.7 3.7 0.8
v -0.7 3.7 0.7
v -0.6 3.7 0.7
v 0.3 3.7 0.7
v 0.7 3.7 0.7
v 0.9 3.7 0.5
v 1 3.7 0.5
v -0.7 3.7 0.3
v -0.6 3.7 0.3
v -0.4 3.7 0.1
v -0.2 3.7 0.1
v 0.9 3.7 0.1
v 1 3.7 0.1
v -0.4 3.7 0
v -0.3 3.7 0
v 0.6 3.7 -0.0999999
v 0.7 3.7 -0.0999999
v -0.3 3.7 -0.4
v -0.2 3.7 -0.4
v 0.6 3.7 -0.4
v 0.7 3.7 -0.4
v -1.19209e-07 3.7 -0.6
v 0.4 3.7 -0.6
v -1.19209e-07 3.7 -0.7
v 0.4 3.7 -0.7
v -0.5 3.8 0.9
v -0.3 3.8 0.9
v -0.1 3.8 0.9
v 0.0999999 3.8 0.9
v -0.6 3.8 0.8
v -0.5 3.8 0.8
v -0.3 3.8 0.8
v -0.1 3.8 0.8
v 0.0999999 3.8 0.8
v 0.2 3.8 0.8
v 0.2 3.8 0.7
v 0.4 3.8 0.7
v 0.6 3.8 0.7
v 0.8 3.8 0.7
v -0.6 3.8 0.6
v -0.5 3.8 0.6
v 0.0999999 3.8 0.6
v 0.4 3.8 0.6
v 0.6 3.8 0.6
v 0.8 3.8 0.6
v 0.9 3.8 0.6
v -0.6 3.8 0.4
v -0.5 3.8 0.4
v 0.8 3.8 0.4
v 0.9 3.8 0.4
v -0.6 3.8 0.2
v -0.5 3.8 0.2
v -0.3 3.8 0.2
v -0.1 3.8 0.2
v 0.0999999 3.8 0.2
v 0.8 3.8 0.2
v 0.9 3.8 0.2
v -0.5 3.8 0.1
v -0.3 3.8 0.1
v -0.2 3.8 0.1
v -0.1 3.8 0.1
v 0.0999999 3.8 0.1
v 0.6 3.8 0
v 0.8 3.8 0
v 0.9 3.8 0
v -0.2 3.8 -0.0999999
v -0.1 3.8 -0.0999999
v 0.6 3.8 -0.0999999
v 0.8 3.8 -0.0999999
v -0.2 3.8 -0.3
v -0.1 3.8 -0.3
v 0.5 3.8 -0.3
v 0.6 3.8 -0.3
v -0.2 3.8 -0.5
v -0.1 3.8 -0.5
v 0.0999999 3.8 -0.5
v 0.3 3.8 -0.5
v 0.5 3.8 -0.5
v 0.6 3.8 -0.5
v -0.1 3.8 -0.6
v 0.0999999 3.8 -0.6
v 0.3 3.8 -0.6
v 0.5 3.8 -0.6
v -0.3 3.9 0.9
v -0.1 3.9 0.9
v -0.5 3.9 0.8
v -0.3 3.9 0.8
v -0.1 3.9 0.8
v 0.0999999 3.9 0.8
v -0.4 3.9 0.7
v -1.19209e-07 3.9 0.7
v 0.4 3.9 0.7
v 0.6 3.9 0.7
v -0.6 3.9 0.6
v -0.5 3.9 0.6
v 0.0999999 3.9 0.6
v 0.4 3.9 0.6
v 0.6 3.9 0.6
v 0.8 3.9 0.6
v 0.3 3.9 0.5
v 0.7 3.9 0.5
v -0.6 3.9 0.4
v -0.5 3.9 0.4
v 0.8 3.9 0.4
v 0.9 3.9 0.4
v -0.4 3.9 0.3
v -1.19209e-07 3.9 0.3
v -0.5 3.9 0.2
v -0.3 3.9 0.2
v -0.1 3.9 0.2
v 0.0999999 3.9 0.2
v 0.8 3.9 0.2
v 0.9 3.9 0.2
v -0.3 3.9 0.1
v -0.1 3.9 0.1
v 0.0999999 3.9 0.1
v 0.3 3.9 0.1
v 0.7 3.9 0.1
v -1.19209e-07 3.9 0
v 0.4 3.9 0
v 0.6 3.9 0
v 0.8 3.9 0
v -0.2 3.9 -0.0999999
v -0.1 3.9 -0.0999999
v -0.2 3.9 -0.3
v -0.1 3.9 -0.3
v 0.5 3.9 -0.3
v 0.6 3.9 -0.3
v -1.19209e-07 3.9 -0.4
v 0.4 3.9 -0.4
v -0.1 3.9 -0.5
v 0.0999999 3.9 -0.5
v 0.3 3.9 -0.5
v 0.5 3.9 -0.5
v 0.0999999 3.9 -0.6
v 0.3 3.9 -0.6
v -0.4 4 0.7
v -1.19209e-07 4 0.7
v 0.3 4 0.5
v 0.7 4 0.5
v -0.4 4 0.3
v -1.19209e-07 4 0.3
v 0.3 4 0.1
v 0.7 4 0.1
v -1.19209e-07 4 0
v 0.4 4 0
v -1.19209e-07 4 -0.4
v 0.4 4 -0.4

# faces
f 3/4/1 2/4/1 1/4/1
f 4/4/1 2/4/1 3/4/1
f 9/4/1 6/4/1 5/4/1
f 10/4/1 6/4/1 9/4/1
f 13/4/1 8/4/1 7/4/1
f 14/4/1 8/4/1 13/4/1
f 15/4/1 12/4/1 11/4/1
f 16/4/1 12/4/1 15/4/1
f 21/4/1 18/4/1 17/4/1
f 22/4/1 18/4/1 21/4/1
f 27/4/1 20/4/1 19/4/1
f 28/4/1 20/4/1 27/4/1
f 29/4/1 24/4/1 23/4/1
f 30/4/1 24/4/1 29/4/1
f 33/4/1 26/4/1 25/4/1
f 34/4/1 26/4/1 33/4/1
f 35/4/1 32/4/1 31/4/1
f 36/4/1 32/4/1 35/4/1
f 43/4/1 38/4/1 37/4/1
f 44/4/1 38/4/1 43/4/1
f 45/4/1 40/4/1 39/4/1
f 46/4/1 40/4/1 45/4/1
f 51/4/1 42/4/1 41/4/1
f 52/4/1 42/4/1 51/4/1
f 53/4/1 48/4/1 47/4/1
f 54/4/1 48/4/1 53/4/1
f 57/4/1 50/4/1 49/4/1
f 58/4/1 50/4/1 57/4/1
f 59/4/1 56/4/1 55/4/1
f 60/4/1 56/4/1 59/4/1
f 67/4/1 62/4/1 61/4/1
f 68/4/1 62/4/1 67/4/1
f 69/4/1 64/4/1 63/4/1
f 70/4/1 64/4/1 69/4/1
f 75/4/1 66/4/1 65/4/1
f 76/4/1 66/4/1 75/4/1
f 77/4/1 72/4/1 71/4/1
f 78/4/1 72/4/1 77/4/1
f 81/4/1 74/4/1 73/4/1
f 82/4/1 74/4/1 81/4/1
f 83/4/1 80/4/1 79/4/1
f 84/4/1 80/4/1 83/4/1
f 91/4/1 86/4/1 85/4/1
f 92/4/1 86/4/1 91/4/1
f 93/4/1 88/4/1 87/4/1
f 94/4/1 88/4/1 93/4/1
f 99/4/1 90/4/1 89/4/1
f 100/4/1 90/4/1 99/4/1
f 101/4/1 96/4/1 95/4/1
f 102/4/1 96/4/1 101/4/1
f 107/1/1 106/1/1 105/1/1
f 108/1/1 106/1/1 107/1/1
f 109/4/1 98/4/1 97/4/1
f 110/4/1 98/4/1 109/4/1
f 111/4/1 104/4/1 103/4/1
f 112/4/1 104/4/1 111/4/1
f 119/4/1 114/4/1 113/4/1
f 120/4/1 114/4/1 119/4/1
f 121/4/1 116/4/1 115/4/1
f 122/4/1 116/4/1 121/4/1
f 127/4/1 118/4/1 117/4/1
f 128/4/1 118/4/1 127/4/1
f 129/4/1 124/4/1 123/4/1
f 130/4/1 124/4/1 129/4/1
f 135/1/1 134/1/1 133/1/1
f 136/1/1 134/1/1 135/1/1
f 137/4/1 126/4/1 125/4/1
f 138/4/1 126/4/1 137/4/1
f 139/4/1 132/4/1 131/4/1
f 140/4/1 132/4/1 139/4/1
f 145/3/1 142/3/1 141/3/1
f 146/3/1 142/3/1 145/3/1
f 147/3/1 144/3/1 143/3/1
f 148/3/1 144/3/1 147/3/1
f 155/4/1 150/4/1 149/4/1
f 156/4/1 150/4/1 155/4/1
f 157/4/1 152/4/1 151/4/1
f 158/4/1 152/4/1 157/4/1
f 161/4/1 154/4/1 153/4/1
f 162/4/1 154/4/1 161/4/1
f 163/4/1 160/4/1 159/4/1
f 164/4/1 160/4/1 163/4/1
f 167/1/1 166/1/1 165/1/1
f 168/1/1 166/1/1 167/1/1
f 174/3/1 170/3/1 169/3/1
f 175/3/1 170/3/1 174/3/1
f 176/3/1 172/3/1 171/3/1
f 177/3/1 172/3/1 176/3/1
f 179/3/1 175/3/1 174/3/1
f 179/3/1 178/3/1 177/3/1
f 179/3/1 177/3/1 176/3/1
f 179/3/1 176/3/1 175/3/1
f 179/3/1 174/3/1 173/3/1
f 180/3/1 178/3/1 179/3/1
f 181/3/1 178/3/1 180/3/1
f 182/3/1 178/3/1 181/3/1
f 184/3/1 179/3/1 173/3/1
f 185/3/1 178/3/1 182/3/1
f 187/3/1 184/3/1 183/3/1
f 188/3/1 179/3/1 184/3/1
f 188/3/1 184/3/1 187/3/1
f 189/3/1 186/3/1 185/3/1
f 189/3/1 185/3/1 182/3/1
f 190/3/1 186/3/1 189/3/1
f 191/3/1 179/3/1 188/3/1
f 192/3/1 181/3/1 180/3/1
f 193/3/1 181/3/1 192/3/1
f 194/3/1 189/3/1 182/3/1
f 195/3/1 191/3/1 188/3/1
f 195/3/1 194/3/1 193/3/1
f 195/3/1 193/3/1 192/3/1
f 195/3/1 192/3/1 191/3/1
f 196/3/1 194/3/1 195/3/1
f 197/3/1 194/3/1 196/3/1
f 198/3/1 194/3/1 197/3/1
f 199/3/1 194/3/1 198/3/1
f 200/3/1 189/3/1 194/3/1
f 200/3/1 194/3/1 199/3/1
f 201/3/1 197/3/1 196/3/1
f 202/3/1 197/3/1 201/3/1
f 203/3/1 199/3/1 198/3/1
f 204/3/1 199/3/1 203/3/1
f 209/4/1 206/4/1 205/4/1
f 210/4/1 206/4/1 209/4/1
f 213/4/1 208/4/1 207/4/1
f 214/4/1 208/4/1 213/4/1
f 215/4/1 212/4/1 211/4/1
f 216/4/1 212/4/1 215/4/1
f 223/1/1 222/1/1 221/1/1
f 224/1/1 222/1/1 223/1/1
f 225/4/1 218/4/1 217/4/1
f 226/4/1 218/4/1 225/4/1
f 227/4/1 220/4/1 219/4/1
f 228/4/1 220/4/1 227/4/1
f 236/3/1 230/3/1 229/3/1
f 237/3/1 230/3/1 236/3/1
f 238/3/1 232/3/1 231/3/1
f 239/3/1 232/3/1 238/3/1
f 240/3/1 234/3/1 233/3/1
f 241/3/1 234/3/1 240/3/1
f 243/3/1 236/3/1 235/3/1
f 244/3/1 236/3/1 243/3/1
f 245/3/1 242/3/1 241/3/1
f 246/3/1 242/3/1 245/3/1
f 250/3/1 242/3/1 246/3/1
f 251/3/1 242/3/1 250/3/1
f 252/3/1 248/3/1 247/3/1
f 257/3/1 250/3/1 249/3/1
f 258/3/1 250/3/1 257/3/1
f 259/3/1 253/3/1 252/3/1
f 261/3/1 255/3/1 254/3/1
f 262/3/1 255/3/1 261/3/1
f 263/3/1 257/3/1 256/3/1
f 264/3/1 257/3/1 263/3/1
f 265/3/1 260/3/1 259/3/1
f 265/3/1 252/3/1 247/3/1
f 265/3/1 259/3/1 252/3/1
f 266/3/1 260/3/1 265/3/1
f 271/4/1 268/4/1 267/4/1
f 272/4/1 268/4/1 271/4/1
f 273/4/1 270/4/1 269/4/1
f 274/4/1 270/4/1 273/4/1
f 279/1/1 276/1/1 275/1/1
f 280/1/1 276/1/1 279/1/1
f 281/1/1 278/1/1 277/1/1
f 282/1/1 278/1/1 281/1/1
f 289/3/1 284/3/1 283/3/1
f 290/3/1 284/3/1 289/3/1
f 291/3/1 286/3/1 285/3/1
f 292/3/1 286/3/1 291/3/1
f 293/3/1 288/3/1 287/3/1
f 294/3/1 288/3/1 293/3/1
f 296/3/1 295/3/1 294/3/1
f 296/3/1 294/3/1 293/3/1
f 297/3/1 295/3/1 296/3/1
f 300/3/1 295/3/1 297/3/1
f 302/3/1 300/3/1 297/3/1
f 302/3/1 301/3/1 300/3/1
f 303/3/1 301/3/1 302/3/1
f 305/3/1 302/3/1 297/3/1
f 306/3/1 305/3/1 304/3/1
f 307/3/1 302/3/1 305/3/1
f 307/3/1 305/3/1 306/3/1
f 308/3/1 306/3/1 304/3/1
f 309/3/1 306/3/1 308/3/1
f 311/3/1 299/3/1 298/3/1
f 316/3/1 315/3/1 314/3/1
f 317/3/1 315/3/1 316/3/1
f 318/3/1 311/3/1 310/3/1
f 319/3/1 299/3/1 311/3/1
f 319/3/1 311/3/1 318/3/1
f 320/3/1 313/3/1 312/3/1
f 321/3/1 313/3/1 320/3/1
f 322/3/1 299/3/1 319/3/1
f 323/3/1 320/3/1 312/3/1
f 324/3/1 322/3/1 319/3/1
f 324/3/1 323/3/1 322/3/1
f 325/3/1 323/3/1 324/3/1
f 326/3/1 323/3/1 325/3/1
f 327/3/1 320/3/1 323/3/1
f 327/3/1 323/3/1 326/3/1
f 328/3/1 326/3/1 325/3/1
f 329/3/1 326/3/1 328/3/1
f 334/4/1 331/4/1 330/4/1
f 335/4/1 331/4/1 334/4/1
f 336/4/1 333/4/1 332/4/1
f 337/4/1 333/4/1 336/4/1
f 340/1/1 339/1/1 338/1/1
f 341/1/1 339/1/1 340/1/1
f 348/3/1 343/3/1 342/3/1
f 349/3/1 343/3/1 348/3/1
f 350/3/1 345/3/1 344/3/1
f 351/3/1 345/3/1 350/3/1
f 353/3/1 347/3/1 346/3/1
f 354/3/1 347/3/1 353/3/1
f 355/3/1 352/3/1 351/3/1
f 356/3/1 352/3/1 355/3/1
f 362/3/1 358/3/1 357/3/1
f 363/3/1 358/3/1 362/3/1
f 366/3/1 362/3/1 361/3/1
f 367/3/1 362/3/1 366/3/1
f 368/3/1 360/3/1 359/3/1
f 369/3/1 360/3/1 368/3/1
f 370/3/1 365/3/1 364/3/1
f 371/3/1 365/3/1 370/3/1
f 376/3/1 373/3/1 372/3/1
f 377/3/1 373/3/1 376/3/1
f 380/3/1 375/3/1 374/3/1
f 381/3/1 375/3/1 380/3/1
f 382/3/1 378/3/1 377/3/1
f 383/3/1 378/3/1 382/3/1
f 384/3/1 380/3/1 379/3/1
f 385/3/1 380/3/1 384/3/1
f 394/1/1 391/1/1 390/1/1
f 395/1/1 391/1/1 394/1/1
f 396/1/1 393/1/1 392/1/1
f 397/1/1 393/1/1 396/1/1
f 398/4/1 387/4/1 386/4/1
f 399/4/1 387/4/1 398/4/1
f 400/4/1 389/4/1 388/4/1
f 401/4/1 389/4/1 400/4/1
f 404/3/1 403/3/1 402/3/1
f 405/3/1 403/3/1 404/3/1
f 408/3/1 407/3/1 406/3/1
f 409/3/1 407/3/1 408/3/1
f 416/3/1 413/3/1 412/3/1
f 417/3/1 413/3/1 416/3/1
f 418/3/1 415/3/1 414/3/1
f 419/3/1 411/3/1 410/3/1
f 420/3/1 411/3/1 419/3/1
f 421/3/1 418/3/1 414/3/1
f 422/3/1 418/3/1 421/3/1
f 425/3/1 424/3/1 423/3/1
f 426/3/1 424/3/1 425/3/1
f 431/4/1 428/4/1 427/4/1
f 432/4/1 428/4/1 431/4/1
f 433/4/1 430/4/1 429/4/1
f 434/4/1 430/4/1 433/4/1
f 441/1/1 436/1/1 435/1/1
f 442/1/1 436/1/1 441/1/1
f 443/1/1 438/1/1 437/1/1
f 444/1/1 438/1/1 443/1/1
f 445/1/1 440/1/1 439/1/1
f 446/1/1 440/1/1 445/1/1
f 449/3/1 448/3/1 447/3/1
f 450/3/1 448/3/1 449/3/1
f 453/3/1 452/3/1 451/3/1
f 454/3/1 452/3/1 453/3/1
f 457/3/1 456/3/1 455/3/1
f 458/3/1 456/3/1 457/3/1
f 461/3/1 460/3/1 459/3/1
f 462/3/1 460/3/1 461/3/1
f 467/3/1 464/3/1 463/3/1
f 468/3/1 464/3/1 467/3/1
f 469/3/1 466/3/1 465/3/1
f 470/3/1 466/3/1 469/3/1
f 475/4/1 472/4/1 471/4/1
f 476/4/1 472/4/1 475/4/1
f 477/4/1 474/4/1 473/4/1
f 478/4/1 474/4/1 477/4/1
f 483/1/1 480/1/1 479/1/1
f 484/1/1 480/1/1 483/1/1
f 485/1/1 482/1/1 481/1/1
f 486/1/1 482/1/1 485/1/1
f 487/1/1 482/1/1 486/1/1
f 488/1/1 486/1/1 485/1/1
f 489/1/1 486/1/1 488/1/1
f 492/1/1 491/1/1 490/1/1
f 493/1/1 491/1/1 492/1/1
f 497/1/1 495/1/1 494/1/1
f 498/1/1 497/1/1 496/1/1
f 499/1/1 495/1/1 497/1/1
f 499/1/1 497/1/1 498/1/1
f 500/1/1 495/1/1 499/1/1
f 503/1/1 499/1/1 498/1/1
f 504/1/1 499/1/1 503/1/1
f 506/3/1 502/3/1 501/3/1
f 507/3/1 502/3/1 506/3/1
f 508/3/1 502/3/1 507/3/1
f 509/3/1 506/3/1 505/3/1
f 509/3/1 507/3/1 506/3/1
f 510/3/1 507/3/1 509/3/1
f 512/3/1 509/3/1 505/3/1
f 513/3/1 512/3/1 511/3/1
f 514/3/1 509/3/1 512/3/1
f 514/3/1 512/3/1 513/3/1
f 515/3/1 509/3/1 514/3/1
f 516/3/1 509/3/1 515/3/1
f 519/3/1 518/3/1 517/3/1
f 520/3/1 518/3/1 519/3/1
f 522/3/1 519/3/1 517/3/1
f 523/3/1 522/3/1 521/3/1
f 524/3/1 522/3/1 523/3/1
f 525/3/1 522/3/1 524/3/1
f 526/3/1 519/3/1 522/3/1
f 526/3/1 522/3/1 525/3/1
f 527/3/1 525/3/1 524/3/1
f 528/3/1 525/3/1 527/3/1
f 535/1/1 530/1/1 529/1/1
f 536/1/1 530/1/1 535/1/1
f 537/1/1 532/1/1 531/1/1
f 538/1/1 532/1/1 537/1/1
f 539/1/1 532/1/1 538/1/1
f 540/1/1 534/1/1 533/1/1
f 541/1/1 534/1/1 540/1/1
f 542/1/1 534/1/1 541/1/1
f 544/1/1 539/1/1 538/1/1
f 545/1/1 541/1/1 540/1/1
f 546/1/1 541/1/1 545/1/1
f 547/1/1 544/1/1 543/1/1
f 548/1/1 539/1/1 544/1/1
f 548/1/1 544/1/1 547/1/1
f 549/1/1 539/1/1 548/1/1
f 552/1/1 550/1/1 549/1/1
f 552/1/1 549/1/1 548/1/1
f 553/1/1 550/1/1 552/1/1
f 554/1/1 552/1/1 551/1/1
f 554/1/1 553/1/1 552/1/1
f 555/1/1 553/1/1 554/1/1
f 556/1/1 553/1/1 555/1/1
f 557/1/1 553/1/1 556/1/1
f 558/1/1 556/1/1 555/1/1
f 559/1/1 556/1/1 558/1/1
f 561/1/1 560/1/1 559/1/1
f 563/1/1 561/1/1 559/1/1
f 563/1/1 562/1/1 561/1/1
f 564/1/1 562/1/1 563/1/1
f 566/1/1 563/1/1 559/1/1
f 567/1/1 563/1/1 566/1/1
f 568/1/1 565/1/1 564/1/1
f 569/1/1 565/1/1 568/1/1
f 574/1/1 571/1/1 570/1/1
f 575/1/1 571/1/1 574/1/1
f 577/3/1 573/3/1 572/3/1
f 578/3/1 573/3/1 577/3/1
f 579/3/1 577/3/1 576/3/1
f 580/3/1 577/3/1 579/3/1
f 583/3/1 582/3/1 581/3/1
f 584/3/1 582/3/1 583/3/1
f 590/3/1 586/3/1 585/3/1
f 591/3/1 586/3/1 590/3/1
f 592/3/1 588/3/1 587/3/1
f 593/3/1 588/3/1 592/3/1
f 594/3/1 590/3/1 589/3/1
f 595/3/1 590/3/1 594/3/1
f 598/1/1 597/1/1 596/1/1
f 599/1/1 597/1/1 598/1/1
f 602/1/1 601/1/1 600/1/1
f 606/1/1 602/1/1 600/1/1
f 606/1/1 603/1/1 602/1/1
f 607/1/1 603/1/1 606/1/1
f 609/1/1 605/1/1 604/1/1
f 610/1/1 605/1/1 609/1/1
f 612/1/1 608/1/1 607/1/1
f 613/1/1 608/1/1 612/1/1
f 617/1/1 612/1/1 611/1/1
f 618/1/1 615/1/1 614/1/1
f 619/1/1 617/1/1 616/1/1
f 620/1/1 612/1/1 617/1/1
f 620/1/1 617/1/1 619/1/1
f 621/1/1 618/1/1 614/1/1
f 621/1/1 619/1/1 618/1/1
f 622/1/1 619/1/1 621/1/1
f 623/1/1 612/1/1 620/1/1
f 624/1/1 612/1/1 623/1/1
f 626/1/1 625/1/1 624/1/1
f 627/1/1 625/1/1 626/1/1
f 632/1/1 629/1/1 628/1/1
f 634/3/1 631/3/1 630/3/1
f 635/3/1 631/3/1 634/3/1
f 636/1/1 619/1/1 622/1/1
f 637/1/1 619/1/1 636/1/1
f 638/1/1 632/1/1 628/1/1
f 638/1/1 633/1/1 632/1/1
f 639/1/1 633/1/1 638/1/1
f 642/3/1 641/3/1 640/3/1
f 643/3/1 641/3/1 642/3/1
f 646/3/1 645/3/1 644/3/1
f 647/3/1 645/3/1 646/3/1
f 650/3/1 649/3/1 648/3/1
f 651/3/1 649/3/1 650/3/1
f 658/1/1 653/1/1 652/1/1
f 659/1/1 653/1/1 658/1/1
f 662/1/1 655/1/1 654/1/1
f 663/1/1 655/1/1 662/1/1
f 664/1/1 657/1/1 656/1/1
f 665/1/1 657/1/1 664/1/1
f 666/1/1 661/1/1 660/1/1
f 667/1/1 661/1/1 666/1/1
f 670/1/1 669/1/1 668/1/1
f 671/1/1 669/1/1 670/1/1
f 676/1/1 673/1/1 672/1/1
f 677/1/1 673/1/1 676/1/1
f 679/1/1 678/1/1 677/1/1
f 681/1/1 679/1/1 677/1/1
f 681/1/1 680/1/1 679/1/1
f 682/1/1 680/1/1 681/1/1
f 686/1/1 675/1/1 674/1/1
f 687/3/1 684/3/1 683/3/1
f 688/3/1 684/3/1 687/3/1
f 689/3/1 686/3/1 685/3/1
f 690/1/1 675/1/1 686/1/1
f 690/3/1 686/3/1 689/3/1
f 691/1/1 675/1/1 690/1/1
f 694/3/1 693/3/1 692/3/1
f 695/3/1 693/3/1 694/3/1
f 700/3/1 697/3/1 696/3/1
f 701/3/1 697/3/1 700/3/1
f 702/3/1 699/3/1 698/3/1
f 703/3/1 699/3/1 702/3/1
f 706/1/1 705/1/1 704/1/1
f 707/1/1 705/1/1 706/1/1
f 710/1/1 709/1/1 708/1/1
f 711/1/1 709/1/1 710/1/1
f 714/1/1 713/1/1 712/1/1
f 715/1/1 713/1/1 714/1/1
f 718/1/1 717/1/1 716/1/1
f 719/1/1 717/1/1 718/1/1
f 724/1/1 721/1/1 720/1/1
f 725/1/1 721/1/1 724/1/1
f 726/1/1 723/1/1 722/1/1
f 727/1/1 723/1/1 726/1/1
f 730/3/1 729/3/1 728/3/1
f 731/3/1 729/3/1 730/3/1
f 734/3/1 733/3/1 732/3/1
f 735/3/1 733/3/1 734/3/1
f 738/3/1 737/3/1 736/3/1
f 739/3/1 737/3/1 738/3/1
f 742/3/1 741/3/1 740/3/1
f 743/3/1 741/3/1 742/3/1
f 748/1/1 745/1/1 744/1/1
f 749/1/1 745/1/1 748/1/1
f 750/1/1 747/1/1 746/1/1
f 751/1/1 747/1/1 750/1/1
f 754/3/1 753/3/1 752/3/1
f 755/3/1 753/3/1 754/3/1
f 758/3/1 757/3/1 756/3/1
f 759/3/1 757/3/1 758/3/1
f 761/3/1 760/3/1 759/3/1
f 762/3/1 760/3/1 761/3/1
f 765/3/1 764/3/1 763/3/1
f 766/3/1 764/3/1 765/3/1
f 769/3/1 768/3/1 767/3/1
f 770/3/1 768/3/1 769/3/1
f 775/4/1 772/4/1 771/4/1
f 776/4/1 772/4/1 775/4/1
f 777/4/1 774/4/1 773/4/1
f 778/4/1 774/4/1 777/4/1
f 785/1/1 780/1/1 779/1/1
f 786/1/1 780/1/1 785/1/1
f 787/1/1 780/1/1 786/1/1
f 788/1/1 782/1/1 781/1/1
f 789/1/1 782/1/1 788/1/1
f 790/1/1 784/1/1 783/1/1
f 791/1/1 784/1/1 790/1/1
f 792/1/1 787/1/1 786/1/1
f 793/1/1 787/1/1 792/1/1
f 798/3/1 795/3/1 794/3/1
f 799/3/1 795/3/1 798/3/1
f 800/3/1 797/3/1 796/3/1
f 801/3/1 797/3/1 800/3/1
f 804/3/1 803/3/1 802/3/1
f 805/3/1 803/3/1 804/3/1
f 814/1/1 809/1/1 808/1/1
f 815/1/1 809/1/1 814/1/1
f 816/1/1 811/1/1 810/1/1
f 817/1/1 811/1/1 816/1/1
f 818/4/1 807/4/1 806/4/1
f 819/4/1 807/4/1 818/4/1
f 820/4/1 813/4/1 812/4/1
f 821/4/1 813/4/1 820/4/1
f 824/3/1 823/3/1 822/3/1
f 825/3/1 823/3/1 824/3/1
f 828/3/1 827/3/1 826/3/1
f 829/3/1 827/3/1 828/3/1
f 834/1/1 831/1/1 830/1/1
f 835/1/1 831/1/1 834/1/1
f 836/1/1 833/1/1 832/1/1
f 837/1/1 833/1/1 836/1/1
f 842/4/1 839/4/1 838/4/1
f 843/4/1 839/4/1 842/4/1
f 844/4/1 841/4/1 840/4/1
f 845/4/1 841/4/1 844/4/1
f 850/1/1 847/1/1 846/1/1
f 851/1/1 847/1/1 850/1/1
f 852/1/1 849/1/1 848/1/1
f 853/1/1 849/1/1 852/1/1
f 862/1/1 857/1/1 856/1/1
f 863/1/1 857/1/1 862/1/1
f 864/1/1 859/1/1 858/1/1
f 865/1/1 859/1/1 864/1/1
f 866/4/1 855/4/1 854/4/1
f 867/4/1 855/4/1 866/4/1
f 868/4/1 861/4/1 860/4/1
f 869/4/1 861/4/1 868/4/1
f 874/4/1 871/4/1 870/4/1
f 875/4/1 871/4/1 874/4/1
f 876/4/1 873/4/1 872/4/1
f 877/4/1 873/4/1 876/4/1
f 880/1/1 879/1/1 878/1/1
f 881/1/1 879/1/1 880/1/1
f 886/4/1 883/4/1 882/4/1
f 887/4/1 883/4/1 886/4/1
f 888/4/1 885/4/1 884/4/1
f 889/4/1 885/4/1 888/4/1
f 896/1/1 893/1/1 892/1/1
f 897/1/1 893/1/1 896/1/1
f 898/4/1 891/4/1 890/4/1
f 899/4/1 891/4/1 898/4/1
f 900/4/1 895/4/1 894/4/1
f 901/4/1 895/4/1 900/4/1
f 906/4/1 903/4/1 902/4/1
f 907/4/1 903/4/1 906/4/1
f 908/4/1 905/4/1 904/4/1
f 909/4/1 905/4/1 908/4/1
f 916/1/1 913/1/1 912/1/1
f 917/1/1 913/1/1 916/1/1
f 918/4/1 911/4/1 910/4/1
f 919/4/1 911/4/1 918/4/1
f 920/4/1 915/4/1 914/4/1
f 921/4/1 915/4/1 920/4/1
f 926/4/1 923/4/1 922/4/1
f 927/4/1 923/4/1 926/4/1
f 928/4/1 925/4/1 924/4/1
f 929/4/1 925/4/1 928/4/1
f 936/1/1 933/1/1 932/1/1
f 937/1/1 933/1/1 936/1/1
f 938/4/1 931/4/1 930/4/1
f 939/4/1 931/4/1 938/4/1
f 940/4/1 935/4/1 934/4/1
f 941/4/1 935/4/1 940/4/1
f 946/4/1 943/4/1 942/4/1
f 947/4/1 943/4/1 946/4/1
f 948/4/1 945/4/1 944/4/1
f 949/4/1 945/4/1 948/4/1
f 956/1/1 953/1/1 952/1/1
f 957/1/1 953/1/1 956/1/1
f 958/4/1 951/4/1 950/4/1
f 959/4/1 951/4/1 958/4/1
f 960/4/1 955/4/1 954/4/1
f 961/4/1 955/4/1 960/4/1
f 966/4/1 963/4/1 962/4/1
f 967/4/1 963/4/1 966/4/1
f 968/4/1 965/4/1 964/4/1
f 969/4/1 965/4/1 968/4/1
f 974/4/1 971/4/1 970/4/1
f 975/4/1 971/4/1 974/4/1
f 976/4/1 973/4/1 972/4/1
f 977/4/1 973/4/1 976/4/1
f 980/4/1 979/4/1 978/4/1
f 981/4/1 979/4/1 980/4/1
f 986/4/1 983/4/1 982/4/1
f 987/4/1 983/4/1 986/4/1
f 988/4/1 985/4/1 984/4/1
f 989/4/1 985/4/1 988/4/1
f 992/4/1 991/4/1 990/4/1
f 993/4/1 991/4/1 992/4/1
f 994/4/2 995/4/2 996/4/2
f 996/4/2 995/4/2 997/4/2
f 998/4/2 999/4/2 1000/4/2
f 1000/4/2 999/4/2 1001/4/2
f 1002/4/2 1003/4/2 1006/4/2
f 1006/4/2 1003/4/2 1007/4/2
f 1004/4/2 1005/4/2 1008/4/2
f 1008/4/2 1005/4/2 1009/4/2
f 1010/4/2 1011/4/2 1014/4/2
f 1014/4/2 1011/4/2 1015/4/2
f 1012/4/2 1013/4/2 1016/4/2
f 1016/4/2 1013/4/2 1017/4/2
f 1018/4/2 1019/4/2 1022/4/2
f 1022/4/2 1019/4/2 1023/4/2
f 1020/4/2 1021/4/2 1024/4/2
f 1024/4/2 1021/4/2 1025/4/2
f 1026/4/2 1027/4/2 1030/4/2
f 1030/4/2 1027/4/2 1031/4/2
f 1028/4/2 1029/4/2 1032/4/2
f 1032/4/2 1029/4/2 1033/4/2
f 1034/4/2 1035/4/2 1038/4/2
f 1038/4/2 1035/4/2 1039/4/2
f 1036/4/2 1037/4/2 1040/4/2
f 1040/4/2 1037/4/2 1041/4/2
f 1042/4/2 1043/4/2 1046/4/2
f 1046/4/2 1043/4/2 1047/4/2
f 1044/4/2 1045/4/2 1048/4/2
f 1048/4/2 1045/4/2 1049/4/2
f 1050/4/2 1051/4/2 1054/4/2
f 1054/4/2 1051/4/2 1055/4/2
f 1052/4/2 1053/4/2 1056/4/2
f 1056/4/2 1053/4/2 1057/4/2
f 1058/4/2 1059/4/2 1062/4/2
f 1062/4/2 1059/4/2 1063/4/2
f 1060/4/2 1061/4/2 1064/4/2
f 1064/4/2 1061/4/2 1065/4/2
f 1068/1/2 1069/1/2 1072/1/2
f 1072/1/2 1069/1/2 1073/1/2
f 1066/4/2 1067/4/2 1074/4/2
f 1074/4/2 1067/4/2 1075/4/2
f 1070/4/2 1071/4/2 1076/4/2
f 1076/4/2 1071/4/2 1077/4/2
f 1078/4/2 1079/4/2 1082/4/2
f 1082/4/2 1079/4/2 1083/4/2
f 1080/4/2 1081/4/2 1084/4/2
f 1084/4/2 1081/4/2 1085/4/2
f 1088/1/2 1089/1/2 1092/1/2
f 1092/1/2 1089/1/2 1093/1/2
f 1086/4/2 1087/4/2 1094/4/2
f 1094/4/2 1087/4/2 1095/4/2
f 1090/4/2 1091/4/2 1096/4/2
f 1096/4/2 1091/4/2 1097/4/2
f 1098/4/2 1099/4/2 1102/4/2
f 1102/4/2 1099/4/2 1103/4/2
f 1100/4/2 1101/4/2 1104/4/2
f 1104/4/2 1101/4/2 1105/4/2
f 1108/1/2 1109/1/2 1112/1/2
f 1112/1/2 1109/1/2 1113/1/2
f 1106/4/2 1107/4/2 1114/4/2
f 1114/4/2 1107/4/2 1115/4/2
f 1110/4/2 1111/4/2 1116/4/2
f 1116/4/2 1111/4/2 1117/4/2
f 1120/4/2 1121/4/2 1124/4/2
f 1124/4/2 1121/4/2 1125/4/2
f 1118/4/2 1119/4/2 1126/4/2
f 1126/4/2 1119/4/2 1127/4/2
f 1122/4/2 1123/4/2 1128/4/2
f 1128/4/2 1123/4/2 1129/4/2
f 1130/1/2 1131/1/2 1134/1/2
f 1134/1/2 1131/1/2 1135/1/2
f 1132/1/2 1133/1/2 1136/1/2
f 1136/1/2 1133/1/2 1137/1/2
f 1138/1/2 1139/1/2 1140/1/2
f 1140/1/2 1139/1/2 1141/1/2
f 1144/1/2 1145/1/2 1150/1/2
f 1150/1/2 1145/1/2 1151/1/2
f 1146/1/2 1147/1/2 1152/1/2
f 1152/1/2 1147/1/2 1153/1/2
f 1142/4/2 1143/4/2 1154/4/2
f 1154/4/2 1143/4/2 1155/4/2
f 1148/4/2 1149/4/2 1156/4/2
f 1156/4/2 1149/4/2 1157/4/2
f 1158/3/2 1159/3/2 1160/3/2
f 1160/3/2 1159/3/2 1161/3/2
f 1162/4/2 1163/4/2 1166/4/2
f 1166/4/2 1163/4/2 1167/4/2
f 1164/4/2 1165/4/2 1168/4/2
f 1168/4/2 1165/4/2 1169/4/2
f 1170/3/2 1171/3/2 1175/3/2
f 1175/3/2 1171/3/2 1176/3/2
f 1176/3/2 1171/3/2 1177/3/2
f 1173/3/2 1174/3/2 1178/3/2
f 1172/3/2 1173/3/2 1178/3/2
f 1178/3/2 1174/3/2 1179/3/2
f 1180/1/2 1181/1/2 1182/1/2
f 1182/1/2 1181/1/2 1183/1/2
f 1184/3/2 1185/3/2 1188/3/2
f 1188/3/2 1185/3/2 1189/3/2
f 1186/3/2 1187/3/2 1190/3/2
f 1190/3/2 1187/3/2 1191/3/2
f 1192/3/2 1193/3/2 1194/3/2
f 1194/3/2 1193/3/2 1195/3/2
f 1196/3/2 1197/3/2 1200/3/2
f 1200/3/2 1197/3/2 1201/3/2
f 1198/3/2 1199/3/2 1202/3/2
f 1202/3/2 1199/3/2 1203/3/2
f 1204/1/2 1205/1/2 1206/1/2
f 1204/1/2 1206/1/2 1207/1/2
f 1207/1/2 1206/1/2 1208/1/2
f 1209/3/2 1210/3/2 1211/3/2
f 1211/3/2 1210/3/2 1212/3/2
f 1213/3/2 1214/3/2 1215/3/2
f 1215/3/2 1214/3/2 1216/3/2
f 1217/3/2 1218/3/2 1219/3/2
f 1219/3/2 1218/3/2 1220/3/2
f 1221/3/2 1222/3/2 1225/3/2
f 1225/3/2 1222/3/2 1226/3/2
f 1223/3/2 1224/3/2 1227/3/2
f 1227/3/2 1224/3/2 1228/3/2
f 1229/3/2 1230/3/2 1231/3/2
f 1231/3/2 1230/3/2 1232/3/2
f 1233/1/2 1234/1/2 1235/1/2
f 1235/1/2 1234/1/2 1236/1/2
f 1237/1/2 1238/1/2 1239/1/2
f 1239/1/2 1238/1/2 1240/1/2
f 1241/3/2 1242/3/2 1245/3/2
f 1245/3/2 1242/3/2 1246/3/2
f 1243/3/2 1244/3/2 1247/3/2
f 1247/3/2 1244/3/2 1248/3/2
f 1248/3/2 1249/3/2 1250/3/2
f 1250/3/2 1249/3/2 1251/3/2
f 1252/3/2 1253/3/2 1255/3/2
f 1255/3/2 1253/3/2 1256/3/2
f 1254/3/2 1255/3/2 1257/3/2
f 1257/3/2 1255/3/2 1258/3/2
f 1259/3/2 1260/3/2 1261/3/2
f 1261/3/2 1260/3/2 1262/3/2
f 1262/3/2 1263/3/2 1264/3/2
f 1264/3/2 1263/3/2 1265/3/2
f 1266/1/2 1267/1/2 1268/1/2
f 1268/1/2 1267/1/2 1269/1/2
f 1270/1/2 1271/1/2 1274/1/2
f 1274/1/2 1271/1/2 1275/1/2
f 1272/1/2 1273/1/2 1276/1/2
f 1276/1/2 1273/1/2 1277/1/2
f 1280/1/2 1281/1/2 1283/1/2
f 1283/1/2 1281/1/2 1284/1/2
f 1278/1/2 1279/1/2 1285/1/2
f 1285/1/2 1279/1/2 1286/1/2
f 1282/1/2 1283/1/2 1287/1/2
f 1287/1/2 1283/1/2 1288/1/2
f 1289/3/2 1290/3/2 1291/3/2
f 1291/3/2 1290/3/2 1292/3/2
f 1292/3/2 1290/3/2 1293/3/2
f 1293/3/2 1294/3/2 1295/3/2
f 1292/3/2 1293/3/2 1295/3/2
f 1295/3/2 1294/3/2 1296/3/2
f 1296/3/2 1294/3/2 1297/3/2
f 1296/3/2 1297/3/2 1299/3/2
f 1297/3/2 1298/3/2 1299/3/2
f 1299/3/2 1298/3/2 1300/3/2
f 1296/3/2 1299/3/2 1302/3/2
f 1301/3/2 1302/3/2 1304/3/2
f 1302/3/2 1299/3/2 1305/3/2
f 1304/3/2 1302/3/2 1305/3/2
f 1303/3/2 1304/3/2 1306/3/2
f 1306/3/2 1304/3/2 1307/3/2
f 1308/3/2 1309/3/2 1310/3/2
f 1310/3/2 1309/3/2 1311/3/2
f 1311/3/2 1309/3/2 1312/3/2
f 1312/3/2 1309/3/2 1313/3/2
f 1314/1/2 1315/1/2 1320/1/2
f 1320/1/2 1315/1/2 1321/1/2
f 1316/1/2 1317/1/2 1322/1/2
f 1322/1/2 1317/1/2 1323/1/2
f 1318/1/2 1319/1/2 1324/1/2
f 1324/1/2 1319/1/2 1325/1/2
f 1326/1/2 1327/1/2 1329/1/2
f 1329/1/2 1327/1/2 1330/1/2
f 1328/1/2 1329/1/2 1333/1/2
f 1333/1/2 1329/1/2 1334/1/2
f 1331/1/2 1332/1/2 1336/1/2
f 1336/1/2 1332/1/2 1337/1/2
f 1334/1/2 1335/1/2 1339/1/2
f 1339/1/2 1335/1/2 1340/1/2
f 1340/1/2 1341/1/2 1343/1/2
f 1342/1/2 1343/1/2 1344/1/2
f 1343/1/2 1341/1/2 1345/1/2
f 1344/1/2 1343/1/2 1345/1/2
f 1345/1/2 1341/1/2 1346/1/2
f 1346/1/2 1341/1/2 1347/1/2
f 1347/1/2 1348/1/2 1349/1/2
f 1337/1/2 1338/1/2 1351/1/2
f 1351/1/2 1338/1/2 1352/1/2
f 1349/1/2 1350/1/2 1353/1/2
f 1347/1/2 1349/1/2 1353/1/2
f 1353/1/2 1350/1/2 1354/1/2
f 1355/3/2 1356/3/2 1357/3/2
f 1357/3/2 1356/3/2 1358/3/2
f 1359/3/2 1360/3/2 1361/3/2
f 1361/3/2 1360/3/2 1362/3/2
f 1363/3/2 1364/3/2 1365/3/2
f 1365/3/2 1364/3/2 1366/3/2
f 1367/3/2 1368/3/2 1369/3/2
f 1369/3/2 1368/3/2 1370/3/2
f 1371/1/2 1372/1/2 1379/1/2
f 1379/1/2 1372/1/2 1380/1/2
f 1373/1/2 1374/1/2 1381/1/2
f 1381/1/2 1374/1/2 1382/1/2
f 1377/1/2 1378/1/2 1383/1/2
f 1383/1/2 1378/1/2 1384/1/2
f 1375/1/2 1376/1/2 1385/1/2
f 1385/1/2 1376/1/2 1386/1/2
f 1386/1/2 1376/1/2 1387/1/2
f 1387/1/2 1376/1/2 1388/1/2
f 1386/1/2 1387/1/2 1389/1/2
f 1389/1/2 1387/1/2 1390/1/2
f 1388/1/2 1376/1/2 1391/1/2
f 1391/1/2 1376/1/2 1392/1/2
f 1386/1/2 1389/1/2 1393/1/2
f 1390/1/2 1391/1/2 1394/1/2
f 1394/1/2 1391/1/2 1395/1/2
f 1386/1/2 1393/1/2 1396/1/2
f 1393/1/2 1394/1/2 1396/1/2
f 1396/1/2 1394/1/2 1397/1/2
f 1397/1/2 1394/1/2 1398/1/2
f 1398/1/2 1399/1/2 1400/1/2
f 1397/1/2 1398/1/2 1400/1/2
f 1400/1/2 1399/1/2 1401/1/2
f 1397/1/2 1400/1/2 1402/1/2
f 1402/1/2 1400/1/2 1403/1/2
f 1404/1/2 1405/1/2 1408/1/2
f 1408/1/2 1405/1/2 1409/1/2
f 1406/3/2 1407/3/2 1410/3/2
f 1410/3/2 1407/3/2 1411/3/2
f 1412/3/2 1413/3/2 1414/3/2
f 1414/3/2 1413/3/2 1415/3/2
f 1416/3/2 1417/3/2 1420/3/2
f 1420/3/2 1417/3/2 1421/3/2
f 1418/3/2 1419/3/2 1422/3/2
f 1422/3/2 1419/3/2 1423/3/2
f 1424/3/2 1425/3/2 1426/3/2
f 1426/3/2 1425/3/2 1427/3/2
f 1428/4/2 1429/4/2 1432/4/2
f 1432/4/2 1429/4/2 1433/4/2
f 1430/4/2 1431/4/2 1434/4/2
f 1434/4/2 1431/4/2 1435/4/2
f 1436/1/2 1437/1/2 1438/1/2
f 1438/1/2 1437/1/2 1439/1/2
f 1440/1/2 1441/1/2 1442/1/2
f 1440/1/2 1442/1/2 1444/1/2
f 1442/1/2 1443/1/2 1444/1/2
f 1444/1/2 1443/1/2 1445/1/2
f 1440/1/2 1444/1/2 1446/1/2
f 1446/1/2 1444/1/2 1447/1/2
f 1448/3/2 1449/3/2 1451/3/2
f 1451/3/2 1449/3/2 1452/3/2
f 1450/3/2 1451/3/2 1453/3/2
f 1453/3/2 1451/3/2 1454/3/2
f 1455/3/2 1456/3/2 1457/3/2
f 1457/3/2 1456/3/2 1458/3/2
f 1458/3/2 1459/3/2 1460/3/2
f 1460/3/2 1459/3/2 1461/3/2
f 1462/3/2 1463/3/2 1465/3/2
f 1465/3/2 1463/3/2 1466/3/2
f 1464/3/2 1465/3/2 1467/3/2
f 1467/3/2 1465/3/2 1468/3/2
f 1469/4/2 1470/4/2 1473/4/2
f 1473/4/2 1470/4/2 1474/4/2
f 1471/4/2 1472/4/2 1475/4/2
f 1475/4/2 1472/4/2 1476/4/2
f 1477/1/2 1478/1/2 1481/1/2
f 1481/1/2 1478/1/2 1482/1/2
f 1482/1/2 1478/1/2 1483/1/2
f 1483/1/2 1478/1/2 1484/1/2
f 1479/1/2 1480/1/2 1485/1/2
f 1485/1/2 1480/1/2 1486/1/2
f 1482/1/2 1483/1/2 1487/1/2
f 1487/1/2 1483/1/2 1488/1/2
f 1489/3/2 1490/3/2 1492/3/2
f 1492/3/2 1490/3/2 1493/3/2
f 1493/3/2 1490/3/2 1494/3/2
f 1491/3/2 1492/3/2 1495/3/2
f 1492/3/2 1493/3/2 1495/3/2
f 1495/3/2 1493/3/2 1496/3/2
f 1491/3/2 1495/3/2 1498/3/2
f 1497/3/2 1498/3/2 1499/3/2
f 1498/3/2 1495/3/2 1500/3/2
f 1499/3/2 1498/3/2 1500/3/2
f 1500/3/2 1495/3/2 1501/3/2
f 1500/3/2 1501/3/2 1503/3/2
f 1501/3/2 1502/3/2 1503/3/2
f 1503/3/2 1502/3/2 1504/3/2
f 1504/3/2 1502/3/2 1505/3/2
f 1506/3/2 1507/3/2 1508/3/2
f 1508/3/2 1507/3/2 1509/3/2
f 1506/3/2 1508/3/2 1511/3/2
f 1510/3/2 1511/3/2 1515/3/2
f 1515/3/2 1511/3/2 1516/3/2
f 1511/3/2 1508/3/2 1517/3/2
f 1516/3/2 1511/3/2 1517/3/2
f 1512/3/2 1513/3/2 1518/3/2
f 1518/3/2 1513/3/2 1519/3/2
f 1515/3/2 1516/3/2 1520/3/2
f 1514/3/2 1515/3/2 1520/3/2
f 1520/3/2 1516/3/2 1521/3/2
f 1526/1/2 1527/1/2 1530/1/2
f 1530/1/2 1527/1/2 1531/1/2
f 1528/1/2 1529/1/2 1532/1/2
f 1532/1/2 1529/1/2 1533/1/2
f 1522/4/2 1523/4/2 1534/4/2
f 1534/4/2 1523/4/2 1535/4/2
f 1524/4/2 1525/4/2 1536/4/2
f 1536/4/2 1525/4/2 1537/4/2
f 1538/3/2 1539/3/2 1542/3/2
f 1542/3/2 1539/3/2 1543/3/2
f 1540/3/2 1541/3/2 1544/3/2
f 1544/3/2 1541/3/2 1545/3/2
f 1546/3/2 1547/3/2 1548/3/2
f 1546/3/2 1548/3/2 1550/3/2
f 1548/3/2 1549/3/2 1550/3/2
f 1550/3/2 1549/3/2 1551/3/2
f 1551/3/2 1549/3/2 1552/3/2
f 1555/3/2 1556/3/2 1557/3/2
f 1553/3/2 1554/3/2 1559/3/2
f 1559/3/2 1554/3/2 1560/3/2
f 1555/3/2 1557/3/2 1561/3/2
f 1557/3/2 1558/3/2 1561/3/2
f 1561/3/2 1558/3/2 1562/3/2
f 1563/3/2 1564/3/2 1565/3/2
f 1565/3/2 1564/3/2 1566/3/2
f 1567/4/2 1568/4/2 1571/4/2
f 1571/4/2 1568/4/2 1572/4/2
f 1569/4/2 1570/4/2 1573/4/2
f 1573/4/2 1570/4/2 1574/4/2
f 1575/1/2 1576/1/2 1579/1/2
f 1579/1/2 1576/1/2 1580/1/2
f 1577/1/2 1578/1/2 1581/1/2
f 1581/1/2 1578/1/2 1582/1/2
f 1583/3/2 1584/3/2 1585/3/2
f 1585/3/2 1584/3/2 1586/3/2
f 1587/3/2 1588/3/2 1591/3/2
f 1591/3/2 1588/3/2 1592/3/2
f 1589/3/2 1590/3/2 1593/3/2
f 1593/3/2 1590/3/2 1594/3/2
f 1595/3/2 1596/3/2 1601/3/2
f 1601/3/2 1596/3/2 1602/3/2
f 1597/3/2 1598/3/2 1603/3/2
f 1603/3/2 1598/3/2 1604/3/2
f 1599/3/2 1600/3/2 1605/3/2
f 1605/3/2 1600/3/2 1606/3/2
f 1607/3/2 1608/3/2 1611/3/2
f 1611/3/2 1608/3/2 1612/3/2
f 1609/3/2 1610/3/2 1615/3/2
f 1615/3/2 1610/3/2 1616/3/2
f 1612/3/2 1613/3/2 1617/3/2
f 1617/3/2 1613/3/2 1618/3/2
f 1614/3/2 1615/3/2 1619/3/2
f 1619/3/2 1615/3/2 1620/3/2
f 1621/4/2 1622/4/2 1625/4/2
f 1625/4/2 1622/4/2 1626/4/2
f 1623/4/2 1624/4/2 1627/4/2
f 1627/4/2 1624/4/2 1628/4/2
f 1629/1/2 1630/1/2 1631/1/2
f 1631/1/2 1630/1/2 1632/1/2
f 1633/3/2 1634/3/2 1640/3/2
f 1640/3/2 1634/3/2 1641/3/2
f 1635/3/2 1636/3/2 1642/3/2
f 1642/3/2 1636/3/2 1643/3/2
f 1637/3/2 1638/3/2 1644/3/2
f 1644/3/2 1638/3/2 1645/3/2
f 1639/3/2 1640/3/2 1646/3/2
f 1646/3/2 1640/3/2 1647/3/2
f 1650/3/2 1651/3/2 1652/3/2
f 1648/3/2 1649/3/2 1656/3/2
f 1656/3/2 1649/3/2 1657/3/2
f 1650/3/2 1652/3/2 1658/3/2
f 1652/3/2 1653/3/2 1658/3/2
f 1658/3/2 1653/3/2 1659/3/2
f 1654/3/2 1655/3/2 1660/3/2
f 1650/3/2 1658/3/2 1662/3/2
f 1654/3/2 1660/3/2 1663/3/2
f 1665/3/2 1666/3/2 1667/3/2
f 1667/3/2 1666/3/2 1668/3/2
f 1661/3/2 1662/3/2 1669/3/2
f 1662/3/2 1658/3/2 1670/3/2
f 1669/3/2 1662/3/2 1670/3/2
f 1654/3/2 1663/3/2 1671/3/2
f 1663/3/2 1664/3/2 1671/3/2
f 1671/3/2 1664/3/2 1672/3/2
f 1670/3/2 1658/3/2 1673/3/2
f 1654/3/2 1671/3/2 1674/3/2
f 1670/3/2 1673/3/2 1675/3/2
f 1673/3/2 1674/3/2 1675/3/2
f 1675/3/2 1674/3/2 1676/3/2
f 1676/3/2 1674/3/2 1677/3/2
f 1674/3/2 1671/3/2 1678/3/2
f 1677/3/2 1674/3/2 1678/3/2
f 1676/3/2 1677/3/2 1679/3/2
f 1679/3/2 1677/3/2 1680/3/2
f 1681/4/2 1682/4/2 1685/4/2
f 1685/4/2 1682/4/2 1686/4/2
f 1683/4/2 1684/4/2 1687/4/2
f 1687/4/2 1684/4/2 1688/4/2
f 1693/1/2 1694/1/2 1701/1/2
f 1701/1/2 1694/1/2 1702/1/2
f 1695/1/2 1696/1/2 1703/1/2
f 1703/1/2 1696/1/2 1704/1/2
f 1697/1/2 1698/1/2 1705/1/2
f 1705/1/2 1698/1/2 1706/1/2
f 1699/1/2 1700/1/2 1707/1/2
f 1707/1/2 1700/1/2 1708/1/2
f 1689/4/2 1690/4/2 1709/4/2
f 1709/4/2 1690/4/2 1710/4/2
f 1691/4/2 1692/4/2 1711/4/2
f 1711/4/2 1692/4/2 1712/4/2
f 1713/3/2 1714/3/2 1716/3/2
f 1716/3/2 1714/3/2 1717/3/2
f 1715/3/2 1716/3/2 1721/3/2
f 1716/3/2 1717/3/2 1721/3/2
f 1717/3/2 1718/3/2 1721/3/2
f 1721/3/2 1718/3/2 1722/3/2
f 1722/3/2 1718/3/2 1723/3/2
f 1723/3/2 1718/3/2 1724/3/2
f 1719/3/2 1720/3/2 1725/3/2
f 1725/3/2 1720/3/2 1726/3/2
f 1715/3/2 1721/3/2 1729/3/2
f 1722/3/2 1723/3/2 1730/3/2
f 1730/3/2 1723/3/2 1731/3/2
f 1726/3/2 1727/3/2 1732/3/2
f 1732/3/2 1727/3/2 1733/3/2
f 1728/3/2 1729/3/2 1734/3/2
f 1729/3/2 1721/3/2 1735/3/2
f 1734/3/2 1729/3/2 1735/3/2
f 1735/3/2 1721/3/2 1736/3/2
f 1735/3/2 1736/3/2 1740/3/2
f 1736/3/2 1737/3/2 1740/3/2
f 1740/3/2 1737/3/2 1741/3/2
f 1741/3/2 1737/3/2 1742/3/2
f 1742/3/2 1737/3/2 1743/3/2
f 1741/3/2 1742/3/2 1745/3/2
f 1743/3/2 1737/3/2 1746/3/2
f 1746/3/2 1737/3/2 1747/3/2
f 1738/3/2 1739/3/2 1750/3/2
f 1750/3/2 1739/3/2 1751/3/2
f 1747/3/2 1748/3/2 1752/3/2
f 1752/3/2 1748/3/2 1753/3/2
f 1749/3/2 1750/3/2 1754/3/2
f 1754/3/2 1750/3/2 1755/3/2
f 1744/3/2 1745/3/2 1756/3/2
f 1745/3/2 1742/3/2 1757/3/2
f 1756/3/2 1745/3/2 1757/3/2
f 1758/4/2 1759/4/2 1764/4/2
f 1764/4/2 1759/4/2 1765/4/2
f 1760/4/2 1761/4/2 1766/4/2
f 1766/4/2 1761/4/2 1767/4/2
f 1762/4/2 1763/4/2 1770/4/2
f 1770/4/2 1763/4/2 1771/4/2
f 1768/4/2 1769/4/2 1772/4/2
f 1772/4/2 1769/4/2 1773/4/2
f 1774/1/2 1775/1/2 1776/1/2
f 1776/1/2 1775/1/2 1777/1/2
f 1778/3/2 1779/3/2 1783/3/2
f 1783/3/2 1779/3/2 1784/3/2
f 1782/3/2 1783/3/2 1786/3/2
f 1784/3/2 1785/3/2 1786/3/2
f 1783/3/2 1784/3/2 1786/3/2
f 1786/3/2 1785/3/2 1787/3/2
f 1780/3/2 1781/3/2 1788/3/2
f 1782/3/2 1786/3/2 1789/3/2
f 1787/3/2 1785/3/2 1790/3/2
f 1788/3/2 1789/3/2 1792/3/2
f 1780/3/2 1788/3/2 1792/3/2
f 1789/3/2 1786/3/2 1793/3/2
f 1792/3/2 1789/3/2 1793/3/2
f 1790/3/2 1791/3/2 1794/3/2
f 1787/3/2 1790/3/2 1794/3/2
f 1794/3/2 1791/3/2 1795/3/2
f 1793/3/2 1786/3/2 1796/3/2
f 1787/3/2 1794/3/2 1797/3/2
f 1793/3/2 1796/3/2 1798/3/2
f 1796/3/2 1797/3/2 1798/3/2
f 1798/3/2 1797/3/2 1799/3/2
f 1799/3/2 1797/3/2 1800/3/2
f 1797/3/2 1794/3/2 1801/3/2
f 1800/3/2 1797/3/2 1801/3/2
f 1799/3/2 1800/3/2 1802/3/2
f 1802/3/2 1800/3/2 1803/3/2
f 1804/4/2 1805/4/2 1810/4/2
f 1810/4/2 1805/4/2 1811/4/2
f 1806/4/2 1807/4/2 1812/4/2
f 1812/4/2 1807/4/2 1813/4/2
f 1808/4/2 1809/4/2 1818/4/2
f 1818/4/2 1809/4/2 1819/4/2
f 1814/4/2 1815/4/2 1820/4/2
f 1820/4/2 1815/4/2 1821/4/2
f 1824/1/2 1825/1/2 1826/1/2
f 1826/1/2 1825/1/2 1827/1/2
f 1816/4/2 1817/4/2 1828/4/2
f 1828/4/2 1817/4/2 1829/4/2
f 1822/4/2 1823/4/2 1830/4/2
f 1830/4/2 1823/4/2 1831/4/2
f 1832/3/2 1833/3/2 1834/3/2
f 1834/3/2 1833/3/2 1835/3/2
f 1836/4/2 1837/4/2 1841/4/2
f 1841/4/2 1837/4/2 1842/4/2
f 1838/4/2 1839/4/2 1843/4/2
f 1843/4/2 1839/4/2 1844/4/2
f 1840/4/2 1841/4/2 1849/4/2
f 1849/4/2 1841/4/2 1850/4/2
f 1845/4/2 1846/4/2 1851/4/2
f 1851/4/2 1846/4/2 1852/4/2
f 1855/1/2 1856/1/2 1857/1/2
f 1857/1/2 1856/1/2 1858/1/2
f 1847/4/2 1848/4/2 1859/4/2
f 1859/4/2 1848/4/2 1860/4/2
f 1853/4/2 1854/4/2 1861/4/2
f 1861/4/2 1854/4/2 1862/4/2
f 1863/4/2 1864/4/2 1869/4/2
f 1869/4/2 1864/4/2 1870/4/2
f 1865/4/2 1866/4/2 1871/4/2
f 1871/4/2 1866/4/2 1872/4/2
f 1867/4/2 1868/4/2 1877/4/2
f 1877/4/2 1868/4/2 1878/4/2
f 1873/4/2 1874/4/2 1879/4/2
f 1879/4/2 1874/4/2 1880/4/2
f 1875/4/2 1876/4/2 1883/4/2
f 1883/4/2 1876/4/2 1884/4/2
f 1881/4/2 1882/4/2 1885/4/2
f 1885/4/2 1882/4/2 1886/4/2
f 1887/4/2 1888/4/2 1893/4/2
f 1893/4/2 1888/4/2 1894/4/2
f 1889/4/2 1890/4/2 1895/4/2
f 1895/4/2 1890/4/2 1896/4/2
f 1891/4/2 1892/4/2 1901/4/2
f 1901/4/2 1892/4/2 1902/4/2
f 1897/4/2 1898/4/2 1903/4/2
f 1903/4/2 1898/4/2 1904/4/2
f 1907/1/2 1908/1/2 1909/1/2
f 1909/1/2 1908/1/2 1910/1/2
f 1899/4/2 1900/4/2 1911/4/2
f 1911/4/2 1900/4/2 1912/4/2
f 1905/4/2 1906/4/2 1913/4/2
f 1913/4/2 1906/4/2 1914/4/2
f 1915/4/2 1916/4/2 1919/4/2
f 1919/4/2 1916/4/2 1920/4/2
f 1917/4/2 1918/4/2 1925/4/2
f 1925/4/2 1918/4/2 1926/4/2
f 1921/4/2 1922/4/2 1927/4/2
f 1927/4/2 1922/4/2 1928/4/2
f 1923/4/2 1924/4/2 1931/4/2
f 1931/4/2 1924/4/2 1932/4/2
f 1929/4/2 1930/4/2 1933/4/2
f 1933/4/2 1930/4/2 1934/4/2
f 1935/4/2 1936/4/2 1939/4/2
f 1939/4/2 1936/4/2 1940/4/2
f 1937/4/2 1938/4/2 1942/4/2
f 1942/4/2 1938/4/2 1943/4/2
f 1940/4/2 1941/4/2 1944/4/2
f 1944/4/2 1941/4/2 1945/4/2
f 1946/4/2 1947/4/2 1948/4/2
f 1948/4/2 1947/4/2 1949/4/2
f 1952/4/3 1951/4/3 1950/4/3
f 1953/4/3 1951/4/3 1952/4/3
f 1956/4/3 1955/4/3 1954/4/3
f 1957/4/3 1955/4/3 1956/4/3
f 1960/4/3 1959/4/3 1958/4/3
f 1961/4/3 1959/4/3 1960/4/3
f 1964/4/3 1963/4/3 1962/4/3
f 1965/4/3 1963/4/3 1964/4/3
f 1968/4/3 1967/4/3 1966/4/3
f 1969/4/3 1967/4/3 1968/4/3
f 1972/4/3 1971/4/3 1970/4/3
f 1973/4/3 1971/4/3 1972/4/3
f 1976/4/3 1975/4/3 1974/4/3
f 1977/4/3 1975/4/3 1976/4/3
f 1980/4/3 1979/4/3 1978/4/3
f 1981/4/3 1979/4/3 1980/4/3
f 1984/4/3 1983/4/3 1982/4/3
f 1985/4/3 1983/4/3 1984/4/3
f 1988/4/3 1987/4/3 1986/4/3
f 1989/4/3 1987/4/3 1988/4/3
f 1992/4/3 1991/4/3 1990/4/3
f 1993/4/3 1991/4/3 1992/4/3
f 1996/4/3 1995/4/3 1994/4/3
f 1997/4/3 1995/4/3 1996/4/3
f 2000/4/3 1999/4/3 1998/4/3
f 2001/4/3 1999/4/3 2000/4/3
f 2004/4/3 2003/4/3 2002/4/3
f 2005/4/3 2003/4/3 2004/4/3
f 2008/4/3 2007/4/3 2006/4/3
f 2009/4/3 2007/4/3 2008/4/3
f 2012/4/3 2011/4/3 2010/4/3
f 2013/4/3 2011/4/3 2012/4/3
f 2016/4/3 2015/4/3 2014/4/3
f 2017/4/3 2015/4/3 2016/4/3
f 2020/4/3 2019/4/3 2018/4/3
f 2021/4/3 2019/4/3 2020/4/3
f 2024/4/3 2023/4/3 2022/4/3
f 2025/4/3 2023/4/3 2024/4/3
f 2028/4/3 2027/4/3 2026/4/3
f 2029/4/3 2027/4/3 2028/4/3
f 2032/4/3 2031/4/3 2030/4/3
f 2033/4/3 2031/4/3 2032/4/3
f 2036/4/3 2035/4/3 2034/4/3
f 2037/4/3 2035/4/3 2036/4/3
f 2040/4/3 2039/4/3 2038/4/3
f 2041/4/3 2039/4/3 2040/4/3
f 2044/4/3 2043/4/3 2042/4/3
f 2045/4/3 2043/4/3 2044/4/3
f 2048/3/3 2047/3/3 2046/3/3
f 2049/3/3 2047/3/3 2048/3/3
f 2052/4/3 2051/4/3 2050/4/3
f 2053/4/3 2051/4/3 2052/4/3
f 2056/4/3 2055/4/3 2054/4/3
f 2057/4/3 2055/4/3 2056/4/3
f 2060/4/3 2059/4/3 2058/4/3
f 2061/4/3 2059/4/3 2060/4/3
f 2064/4/3 2063/4/3 2062/4/3
f 2065/4/3 2063/4/3 2064/4/3
f 2069/3/3 2067/3/3 2066/3/3
f 2070/3/3 2067/3/3 2069/3/3
f 2072/3/3 2069/3/3 2068/3/3
f 2072/3/3 2071/3/3 2070/3/3
f 2072/3/3 2070/3/3 2069/3/3
f 2073/3/3 2071/3/3 2072/3/3
f 2075/3/3 2072/3/3 2068/3/3
f 2076/3/3 2071/3/3 2073/3/3
f 2078/3/3 2075/3/3 2074/3/3
f 2079/3/3 2072/3/3 2075/3/3
f 2079/3/3 2075/3/3 2078/3/3
f 2080/3/3 2077/3/3 2076/3/3
f 2080/3/3 2076/3/3 2073/3/3
f 2081/3/3 2077/3/3 2080/3/3
f 2082/3/3 2072/3/3 2079/3/3
f 2083/3/3 2080/3/3 2073/3/3
f 2084/3/3 2082/3/3 2079/3/3
f 2084/3/3 2083/3/3 2082/3/3
f 2085/3/3 2083/3/3 2084/3/3
f 2086/3/3 2083/3/3 2085/3/3
f 2087/3/3 2080/3/3 2083/3/3
f 2087/3/3 2083/3/3 2086/3/3
f 2088/3/3 2086/3/3 2085/3/3
f 2089/3/3 2086/3/3 2088/3/3
f 2092/4/3 2091/4/3 2090/4/3
f 2093/4/3 2091/4/3 2092/4/3
f 2096/4/3 2095/4/3 2094/4/3
f 2097/4/3 2095/4/3 2096/4/3
f 2100/4/3 2099/4/3 2098/4/3
f 2101/4/3 2099/4/3 2100/4/3
f 2104/4/3 2103/4/3 2102/4/3
f 2105/4/3 2103/4/3 2104/4/3
f 2111/3/3 2107/3/3 2106/3/3
f 2113/3/3 2109/3/3 2108/3/3
f 2114/3/3 2109/3/3 2113/3/3
f 2115/3/3 2111/3/3 2110/3/3
f 2116/3/3 2107/3/3 2111/3/3
f 2116/3/3 2111/3/3 2115/3/3
f 2117/3/3 2107/3/3 2116/3/3
f 2118/3/3 2107/3/3 2117/3/3
f 2119/3/3 2113/3/3 2112/3/3
f 2120/3/3 2113/3/3 2119/3/3
f 2121/3/3 2117/3/3 2116/3/3
f 2122/3/3 2117/3/3 2121/3/3
f 2129/1/3 2124/1/3 2123/1/3
f 2130/1/3 2124/1/3 2129/1/3
f 2131/3/3 2126/3/3 2125/3/3
f 2132/3/3 2126/3/3 2131/3/3
f 2135/3/3 2128/3/3 2127/3/3
f 2136/3/3 2128/3/3 2135/3/3
f 2139/3/3 2133/3/3 2132/3/3
f 2140/3/3 2133/3/3 2139/3/3
f 2141/3/3 2135/3/3 2134/3/3
f 2142/3/3 2135/3/3 2141/3/3
f 2143/1/3 2138/1/3 2137/1/3
f 2144/1/3 2138/1/3 2143/1/3
f 2147/1/3 2146/1/3 2145/1/3
f 2148/1/3 2146/1/3 2147/1/3
f 2151/4/3 2150/4/3 2149/4/3
f 2152/4/3 2150/4/3 2151/4/3
f 2154/4/3 2153/4/3 2152/4/3
f 2155/4/3 2153/4/3 2154/4/3
f 2158/4/3 2157/4/3 2156/4/3
f 2159/4/3 2157/4/3 2158/4/3
f 2162/4/3 2161/4/3 2160/4/3
f 2163/4/3 2161/4/3 2162/4/3
f 2166/4/3 2165/4/3 2164/4/3
f 2167/4/3 2165/4/3 2166/4/3
f 2170/1/3 2169/1/3 2168/1/3
f 2171/1/3 2169/1/3 2170/1/3
f 2175/3/3 2173/3/3 2172/3/3
f 2176/3/3 2173/3/3 2175/3/3
f 2178/3/3 2175/3/3 2174/3/3
f 2178/3/3 2177/3/3 2176/3/3
f 2178/3/3 2176/3/3 2175/3/3
f 2179/3/3 2177/3/3 2178/3/3
f 2181/3/3 2178/3/3 2174/3/3
f 2182/3/3 2177/3/3 2179/3/3
f 2184/3/3 2181/3/3 2180/3/3
f 2185/3/3 2178/3/3 2181/3/3
f 2185/3/3 2181/3/3 2184/3/3
f 2186/3/3 2183/3/3 2182/3/3
f 2186/3/3 2182/3/3 2179/3/3
f 2187/3/3 2183/3/3 2186/3/3
f 2191/3/3 2186/3/3 2179/3/3
f 2194/3/3 2191/3/3 2190/3/3
f 2195/3/3 2186/3/3 2191/3/3
f 2195/3/3 2191/3/3 2194/3/3
f 2196/1/3 2193/1/3 2192/1/3
f 2197/1/3 2193/1/3 2196/1/3
f 2198/3/3 2194/3/3 2190/3/3
f 2199/3/3 2194/3/3 2198/3/3
f 2200/3/3 2189/3/3 2188/3/3
f 2201/3/3 2189/3/3 2200/3/3
f 2202/3/3 2198/3/3 2190/3/3
f 2203/3/3 2198/3/3 2202/3/3
f 2208/3/3 2205/3/3 2204/3/3
f 2209/3/3 2205/3/3 2208/3/3
f 2210/1/3 2207/1/3 2206/1/3
f 2211/1/3 2207/1/3 2210/1/3
f 2214/4/3 2213/4/3 2212/4/3
f 2215/4/3 2213/4/3 2214/4/3
f 2218/4/3 2217/4/3 2216/4/3
f 2219/4/3 2217/4/3 2218/4/3
f 2222/4/3 2221/4/3 2220/4/3
f 2223/4/3 2221/4/3 2222/4/3
f 2226/4/3 2225/4/3 2224/4/3
f 2227/4/3 2225/4/3 2226/4/3
f 2232/3/3 2229/3/3 2228/3/3
f 2233/3/3 2229/3/3 2232/3/3
f 2234/3/3 2231/3/3 2230/3/3
f 2235/3/3 2231/3/3 2234/3/3
f 2237/3/3 2232/3/3 2228/3/3
f 2238/3/3 2232/3/3 2237/3/3
f 2239/3/3 2236/3/3 2235/3/3
f 2240/3/3 2236/3/3 2239/3/3
f 2245/1/3 2242/1/3 2241/1/3
f 2247/3/3 2244/3/3 2243/3/3
f 2248/3/3 2244/3/3 2247/3/3
f 2251/1/3 2246/1/3 2245/1/3
f 2251/1/3 2245/1/3 2241/1/3
f 2252/1/3 2246/1/3 2251/1/3
f 2254/3/3 2250/3/3 2249/3/3
f 2255/3/3 2250/3/3 2254/3/3
f 2256/3/3 2254/3/3 2253/3/3
f 2257/3/3 2254/3/3 2256/3/3
f 2263/3/3 2261/3/3 2260/3/3
f 2264/1/3 2259/1/3 2258/1/3
f 2265/1/3 2259/1/3 2264/1/3
f 2269/3/3 2263/3/3 2262/3/3
f 2270/3/3 2267/3/3 2266/3/3
f 2271/3/3 2267/3/3 2270/3/3
f 2272/3/3 2269/3/3 2268/3/3
f 2273/3/3 2269/3/3 2272/3/3
f 2274/3/3 2261/3/3 2263/3/3
f 2274/3/3 2269/3/3 2273/3/3
f 2274/3/3 2263/3/3 2269/3/3
f 2277/4/3 2276/4/3 2275/4/3
f 2278/4/3 2276/4/3 2277/4/3
f 2281/4/3 2280/4/3 2279/4/3
f 2282/4/3 2280/4/3 2281/4/3
f 2285/4/3 2284/4/3 2283/4/3
f 2286/4/3 2284/4/3 2285/4/3
f 2290/3/3 2288/3/3 2287/3/3
f 2291/3/3 2288/3/3 2290/3/3
f 2293/3/3 2290/3/3 2289/3/3
f 2293/3/3 2292/3/3 2291/3/3
f 2293/3/3 2291/3/3 2290/3/3
f 2294/3/3 2292/3/3 2293/3/3
f 2296/3/3 2293/3/3 2289/3/3
f 2299/3/3 2296/3/3 2295/3/3
f 2300/3/3 2293/3/3 2296/3/3
f 2300/3/3 2296/3/3 2299/3/3
f 2301/3/3 2293/3/3 2300/3/3
f 2302/3/3 2293/3/3 2301/3/3
f 2305/3/3 2298/3/3 2297/3/3
f 2306/3/3 2298/3/3 2305/3/3
f 2307/1/3 2304/1/3 2303/1/3
f 2308/1/3 2304/1/3 2307/1/3
f 2311/3/3 2310/3/3 2309/3/3
f 2312/3/3 2310/3/3 2311/3/3
f 2313/3/3 2310/3/3 2312/3/3
f 2317/1/3 2316/1/3 2315/1/3
f 2318/1/3 2316/1/3 2317/1/3
f 2323/3/3 2313/3/3 2312/3/3
f 2323/3/3 2314/3/3 2313/3/3
f 2324/3/3 2314/3/3 2323/3/3
f 2325/3/3 2320/3/3 2319/3/3
f 2327/3/3 2322/3/3 2321/3/3
f 2328/3/3 2322/3/3 2327/3/3
f 2329/3/3 2323/3/3 2312/3/3
f 2330/3/3 2326/3/3 2325/3/3
f 2330/3/3 2325/3/3 2319/3/3
f 2331/3/3 2326/3/3 2330/3/3
f 2332/3/3 2329/3/3 2328/3/3
f 2332/3/3 2328/3/3 2327/3/3
f 2333/3/3 2329/3/3 2332/3/3
f 2334/3/3 2329/3/3 2333/3/3
f 2335/3/3 2323/3/3 2329/3/3
f 2335/3/3 2329/3/3 2334/3/3
f 2336/3/3 2334/3/3 2333/3/3
f 2337/3/3 2334/3/3 2336/3/3
f 2340/4/3 2339/4/3 2338/4/3
f 2341/4/3 2339/4/3 2340/4/3
f 2344/4/3 2343/4/3 2342/4/3
f 2345/4/3 2343/4/3 2344/4/3
f 2351/3/3 2347/3/3 2346/3/3
f 2352/3/3 2347/3/3 2351/3/3
f 2353/3/3 2349/3/3 2348/3/3
f 2354/3/3 2349/3/3 2353/3/3
f 2357/3/3 2351/3/3 2350/3/3
f 2358/3/3 2351/3/3 2357/3/3
f 2359/3/3 2356/3/3 2355/3/3
f 2360/3/3 2356/3/3 2359/3/3
f 2363/3/3 2362/3/3 2361/3/3
f 2364/3/3 2362/3/3 2363/3/3
f 2367/3/3 2366/3/3 2365/3/3
f 2368/3/3 2366/3/3 2367/3/3
f 2373/1/3 2370/1/3 2369/1/3
f 2374/1/3 2370/1/3 2373/1/3
f 2375/3/3 2372/3/3 2371/3/3
f 2379/3/3 2375/3/3 2371/3/3
f 2379/3/3 2376/3/3 2375/3/3
f 2380/3/3 2376/3/3 2379/3/3
f 2383/3/3 2376/3/3 2380/3/3
f 2384/3/3 2382/3/3 2381/3/3
f 2385/3/3 2382/3/3 2384/3/3
f 2388/3/3 2378/3/3 2377/3/3
f 2389/3/3 2378/3/3 2388/3/3
f 2390/3/3 2386/3/3 2385/3/3
f 2390/3/3 2383/3/3 2380/3/3
f 2390/3/3 2384/3/3 2383/3/3
f 2390/3/3 2385/3/3 2384/3/3
f 2391/3/3 2386/3/3 2390/3/3
f 2392/3/3 2386/3/3 2391/3/3
f 2393/3/3 2386/3/3 2392/3/3
f 2394/3/3 2388/3/3 2387/3/3
f 2395/3/3 2388/3/3 2394/3/3
f 2398/3/3 2392/3/3 2391/3/3
f 2399/3/3 2392/3/3 2398/3/3
f 2400/1/3 2397/1/3 2396/1/3
f 2401/1/3 2397/1/3 2400/1/3
f 2404/4/3 2403/4/3 2402/4/3
f 2405/4/3 2403/4/3 2404/4/3
f 2408/4/3 2407/4/3 2406/4/3
f 2409/4/3 2407/4/3 2408/4/3
f 2412/3/3 2411/3/3 2410/3/3
f 2413/3/3 2411/3/3 2412/3/3
f 2418/1/3 2415/1/3 2414/1/3
f 2419/1/3 2415/1/3 2418/1/3
f 2422/1/3 2421/1/3 2420/1/3
f 2423/1/3 2421/1/3 2422/1/3
f 2424/3/3 2417/3/3 2416/3/3
f 2425/3/3 2417/3/3 2424/3/3
f 2432/1/3 2429/1/3 2428/1/3
f 2433/1/3 2429/1/3 2432/1/3
f 2434/3/3 2431/3/3 2430/3/3
f 2435/3/3 2431/3/3 2434/3/3
f 2440/3/3 2427/3/3 2426/3/3
f 2441/3/3 2427/3/3 2440/3/3
f 2442/3/3 2439/3/3 2438/3/3
f 2443/3/3 2439/3/3 2442/3/3
f 2449/1/3 2437/1/3 2436/1/3
f 2450/1/3 2437/1/3 2449/1/3
f 2451/3/3 2444/3/3 2443/3/3
f 2452/3/3 2444/3/3 2451/3/3
f 2453/3/3 2446/3/3 2445/3/3
f 2454/3/3 2446/3/3 2453/3/3
f 2455/3/3 2448/3/3 2447/3/3
f 2456/3/3 2448/3/3 2455/3/3
f 2459/1/3 2458/1/3 2457/1/3
f 2460/1/3 2458/1/3 2459/1/3
f 2463/4/3 2462/4/3 2461/4/3
f 2464/4/3 2462/4/3 2463/4/3
f 2467/4/3 2466/4/3 2465/4/3
f 2468/4/3 2466/4/3 2467/4/3
f 2473/3/3 2470/3/3 2469/3/3
f 2474/3/3 2470/3/3 2473/3/3
f 2475/3/3 2472/3/3 2471/3/3
f 2476/3/3 2472/3/3 2475/3/3
f 2479/1/3 2478/1/3 2477/1/3
f 2481/1/3 2479/1/3 2477/1/3
f 2481/1/3 2480/1/3 2479/1/3
f 2482/1/3 2480/1/3 2481/1/3
f 2487/1/3 2486/1/3 2485/1/3
f 2488/1/3 2486/1/3 2487/1/3
f 2489/3/3 2484/3/3 2483/3/3
f 2490/3/3 2484/3/3 2489/3/3
f 2493/3/3 2492/3/3 2491/3/3
f 2494/3/3 2492/3/3 2493/3/3
f 2497/3/3 2496/3/3 2495/3/3
f 2498/3/3 2496/3/3 2497/3/3
f 2501/4/3 2500/4/3 2499/4/3
f 2502/4/3 2500/4/3 2501/4/3
f 2505/1/3 2504/1/3 2503/1/3
f 2506/1/3 2504/1/3 2505/1/3
f 2509/1/3 2508/1/3 2507/1/3
f 2510/1/3 2508/1/3 2509/1/3
f 2513/1/3 2512/1/3 2511/1/3
f 2519/1/3 2513/1/3 2511/1/3
f 2519/1/3 2514/1/3 2513/1/3
f 2520/1/3 2514/1/3 2519/1/3
f 2521/1/3 2516/1/3 2515/1/3
f 2522/1/3 2518/1/3 2517/1/3
f 2523/1/3 2518/1/3 2522/1/3
f 2525/1/3 2514/1/3 2520/1/3
f 2526/1/3 2514/1/3 2525/1/3
f 2527/1/3 2521/1/3 2515/1/3
f 2527/1/3 2524/1/3 2523/1/3
f 2527/1/3 2523/1/3 2522/1/3
f 2527/1/3 2522/1/3 2521/1/3
f 2528/1/3 2524/1/3 2527/1/3
f 2532/1/3 2527/1/3 2515/1/3
f 2533/1/3 2527/1/3 2532/1/3
f 2535/1/3 2529/1/3 2528/1/3
f 2536/1/3 2529/1/3 2535/1/3
f 2537/1/3 2534/1/3 2533/1/3
f 2538/1/3 2534/1/3 2537/1/3
f 2539/1/3 2529/1/3 2536/1/3
f 2540/1/3 2529/1/3 2539/1/3
f 2541/1/3 2531/1/3 2530/1/3
f 2542/1/3 2531/1/3 2541/1/3
f 2547/3/3 2544/3/3 2543/3/3
f 2548/3/3 2544/3/3 2547/3/3
f 2549/3/3 2546/3/3 2545/3/3
f 2550/3/3 2546/3/3 2549/3/3
f 2553/1/3 2552/1/3 2551/1/3
f 2554/1/3 2552/1/3 2553/1/3
f 2561/1/3 2558/1/3 2557/1/3
f 2562/1/3 2558/1/3 2561/1/3
f 2563/1/3 2560/1/3 2559/1/3
f 2564/1/3 2560/1/3 2563/1/3
f 2569/1/3 2567/1/3 2566/1/3
f 2569/1/3 2566/1/3 2565/1/3
f 2570/1/3 2567/1/3 2569/1/3
f 2571/1/3 2556/1/3 2555/1/3
f 2572/1/3 2569/1/3 2568/1/3
f 2573/1/3 2569/1/3 2572/1/3
f 2574/1/3 2569/1/3 2573/1/3
f 2576/1/3 2572/1/3 2571/1/3
f 2577/1/3 2575/1/3 2574/1/3
f 2577/1/3 2574/1/3 2573/1/3
f 2578/1/3 2575/1/3 2577/1/3
f 2579/1/3 2571/1/3 2555/1/3
f 2579/1/3 2576/1/3 2571/1/3
f 2579/1/3 2577/1/3 2576/1/3
f 2580/1/3 2577/1/3 2579/1/3
f 2586/1/3 2582/1/3 2581/1/3
f 2587/1/3 2582/1/3 2586/1/3
f 2589/1/3 2585/1/3 2584/1/3
f 2589/1/3 2584/1/3 2583/1/3
f 2592/1/3 2589/1/3 2588/1/3
f 2593/1/3 2585/1/3 2589/1/3
f 2593/1/3 2589/1/3 2592/1/3
f 2594/3/3 2591/3/3 2590/3/3
f 2595/3/3 2591/3/3 2594/3/3
f 2598/1/3 2597/1/3 2596/1/3
f 2599/1/3 2597/1/3 2598/1/3
f 2600/1/3 2597/1/3 2599/1/3
f 2601/1/3 2597/1/3 2600/1/3
f 2602/1/3 2600/1/3 2599/1/3
f 2603/1/3 2600/1/3 2602/1/3
f 2606/1/3 2605/1/3 2604/1/3
f 2607/1/3 2605/1/3 2606/1/3
f 2610/1/3 2609/1/3 2608/1/3
f 2611/1/3 2609/1/3 2610/1/3
f 2614/3/3 2613/3/3 2612/3/3
f 2615/3/3 2613/3/3 2614/3/3
f 2620/3/3 2619/3/3 2618/3/3
f 2621/3/3 2619/3/3 2620/3/3
f 2626/3/3 2617/3/3 2616/3/3
f 2627/3/3 2617/3/3 2626/3/3
f 2630/1/3 2623/1/3 2622/1/3
f 2631/1/3 2623/1/3 2630/1/3
f 2632/1/3 2625/1/3 2624/1/3
f 2633/1/3 2625/1/3 2632/1/3
f 2634/1/3 2629/1/3 2628/1/3
f 2635/1/3 2629/1/3 2634/1/3
f 2640/1/3 2639/1/3 2638/1/3
f 2641/1/3 2639/1/3 2640/1/3
f 2642/3/3 2637/3/3 2636/3/3
f 2643/3/3 2637/3/3 2642/3/3
f 2646/3/3 2645/3/3 2644/3/3
f 2647/3/3 2645/3/3 2646/3/3
f 2654/3/3 2649/3/3 2648/3/3
f 2655/3/3 2649/3/3 2654/3/3
f 2656/3/3 2651/3/3 2650/3/3
f 2657/3/3 2651/3/3 2656/3/3
f 2658/4/3 2653/4/3 2652/4/3
f 2659/4/3 2653/4/3 2658/4/3
f 2662/1/3 2661/1/3 2660/1/3
f 2663/1/3 2661/1/3 2662/1/3
f 2666/3/3 2665/3/3 2664/3/3
f 2667/3/3 2665/3/3 2666/3/3
f 2670/1/3 2669/1/3 2668/1/3
f 2671/1/3 2669/1/3 2670/1/3
f 2674/3/3 2673/3/3 2672/3/3
f 2680/3/3 2674/3/3 2672/3/3
f 2681/3/3 2674/3/3 2680/3/3
f 2682/1/3 2676/1/3 2675/1/3
f 2683/1/3 2676/1/3 2682/1/3
f 2684/3/3 2678/3/3 2677/3/3
f 2685/3/3 2678/3/3 2684/3/3
f 2686/3/3 2680/3/3 2679/3/3
f 2687/3/3 2680/3/3 2686/3/3
f 2690/1/3 2689/1/3 2688/1/3
f 2691/1/3 2689/1/3 2690/1/3
f 2694/1/3 2693/1/3 2692/1/3
f 2695/1/3 2693/1/3 2694/1/3
f 2698/3/3 2697/3/3 2696/3/3
f 2699/3/3 2697/3/3 2698/3/3
f 2702/1/3 2701/1/3 2700/1/3
f 2703/1/3 2701/1/3 2702/1/3
f 2706/1/3 2705/1/3 2704/1/3
f 2707/1/3 2705/1/3 2706/1/3
f 2712/3/3 2709/3/3 2708/3/3
f 2713/3/3 2709/3/3 2712/3/3
f 2714/3/3 2711/3/3 2710/3/3
f 2715/3/3 2711/3/3 2714/3/3
f 2718/3/3 2717/3/3 2716/3/3
f 2719/3/3 2717/3/3 2718/3/3
f 2722/3/3 2721/3/3 2720/3/3
f 2723/3/3 2721/3/3 2722/3/3
f 2726/1/3 2725/1/3 2724/1/3
f 2727/1/3 2725/1/3 2726/1/3
f 2732/3/3 2729/3/3 2728/3/3
f 2733/3/3 2729/3/3 2732/3/3
f 2734/3/3 2731/3/3 2730/3/3
f 2735/3/3 2731/3/3 2734/3/3
f 2738/4/3 2737/4/3 2736/4/3
f 2739/4/3 2737/4/3 2738/4/3
f 2742/1/3 2741/1/3 2740/1/3
f 2743/1/3 2741/1/3 2742/1/3
f 2746/3/3 2745/3/3 2744/3/3
f 2747/3/3 2745/3/3 2746/3/3
f 2750/1/3 2749/1/3 2748/1/3
f 2751/1/3 2749/1/3 2750/1/3
f 2754/4/3 2753/4/3 2752/4/3
f 2755/4/3 2753/4/3 2754/4/3
f 2758/4/3 2757/4/3 2756/4/3
f 2759/4/3 2757/4/3 2758/4/3
f 2762/3/3 2761/3/3 2760/3/3
f 2763/3/3 2761/3/3 2762/3/3
f 2766/3/3 2765/3/3 2764/3/3
f 2767/3/3 2765/3/3 2766/3/3
f 2770/1/3 2769/1/3 2768/1/3
f 2771/1/3 2769/1/3 2770/1/3
f 2774/4/3 2773/4/3 2772/4/3
f 2775/4/3 2773/4/3 2774/4/3
f 2778/4/3 2777/4/3 2776/4/3
f 2779/4/3 2777/4/3 2778/4/3
f 2782/1/3 2781/1/3 2780/1/3
f 2783/1/3 2781/1/3 2782/1/3
f 2786/1/3 2785/1/3 2784/1/3
f 2787/1/3 2785/1/3 2786/1/3
f 2790/4/3 2789/4/3 2788/4/3
f 2791/4/3 2789/4/3 2790/4/3
f 2794/4/3 2793/4/3 2792/4/3
f 2795/4/3 2793/4/3 2794/4/3
f 2798/4/3 2797/4/3 2796/4/3
f 2799/4/3 2797/4/3 2798/4/3
f 2802/4/3 2801/4/3 2800/4/3
f 2803/4/3 2801/4/3 2802/4/3
f 2806/4/3 2805/4/3 2804/4/3
f 2807/4/3 2805/4/3 2806/4/3
f 2810/4/3 2809/4/3 2808/4/3
f 2811/4/3 2809/4/3 2810/4/3
f 2814/4/3 2813/4/3 2812/4/3
f 2815/4/3 2813/4/3 2814/4/3
f 2818/4/3 2817/4/3 2816/4/3
f 2819/4/3 2817/4/3 2818/4/3
f 2822/1/3 2821/1/3 2820/1/3
f 2823/1/3 2821/1/3 2822/1/3
f 2826/4/3 2825/4/3 2824/4/3
f 2827/4/3 2825/4/3 2826/4/3
f 2830/4/3 2829/4/3 2828/4/3
f 2831/4/3 2829/4/3 2830/4/3
f 2834/4/3 2833/4/3 2832/4/3
f 2835/4/3 2833/4/3 2834/4/3
f 2838/4/3 2837/4/3 2836/4/3
f 2839/4/3 2837/4/3 2838/4/3
f 2842/4/3 2841/4/3 2840/4/3
f 2843/4/3 2841/4/3 2842/4/3
f 2846/4/3 2845/4/3 2844/4/3
f 2847/4/3 2845/4/3 2846/4/3
f 2850/4/3 2849/4/3 2848/4/3
f 2851/4/3 2849/4/3 2850/4/3
f 2854/4/3 2853/4/3 2852/4/3
f 2855/4/3 2853/4/3 2854/4/3
f 2858/4/3 2857/4/3 2856/4/3
f 2859/4/3 2857/4/3 2858/4/3
f 2862/4/3 2861/4/3 2860/4/3
f 2863/4/3 2861/4/3 2862/4/3
f 2866/4/3 2865/4/3 2864/4/3
f 2867/4/3 2865/4/3 2866/4/3
f 2870/4/3 2869/4/3 2868/4/3
f 2871/4/3 2869/4/3 2870/4/3
f 2874/4/3 2873/4/3 2872/4/3
f 2875/4/3 2873/4/3 2874/4/3
f 2878/4/3 2877/4/3 2876/4/3
f 2879/4/3 2877/4/3 2878/4/3
f 2882/4/3 2881/4/3 2880/4/3
f 2883/4/3 2881/4/3 2882/4/3
f 2886/4/3 2885/4/3 2884/4/3
f 2887/4/3 2885/4/3 2886/4/3
f 2890/4/3 2889/4/3 2888/4/3
f 2891/4/3 2889/4/3 2890/4/3
f 2894/4/3 2893/4/3 2892/4/3
f 2895/4/3 2893/4/3 2894/4/3
f 2898/4/3 2897/4/3 2896/4/3
f 2899/4/3 2897/4/3 2898/4/3
f 2902/4/3 2901/4/3 2900/4/3
f 2903/4/3 2901/4/3 2902/4/3
f 2906/4/3 2905/4/3 2904/4/3
f 2907/4/3 2905/4/3 2906/4/3
f 2908/4/4 2909/4/4 2910/4/4
f 2910/4/4 2909/4/4 2911/4/4
f 2912/4/4 2913/4/4 2914/4/4
f 2914/4/4 2913/4/4 2915/4/4
f 2916/4/4 2917/4/4 2918/4/4
f 2918/4/4 2917/4/4 2919/4/4
f 2920/4/4 2921/4/4 2922/4/4
f 2922/4/4 2921/4/4 2923/4/4
f 2924/4/4 2925/4/4 2926/4/4
f 2926/4/4 2925/4/4 2927/4/4
f 2928/4/4 2929/4/4 2930/4/4
f 2930/4/4 2929/4/4 2931/4/4
f 2932/4/4 2933/4/4 2934/4/4
f 2934/4/4 2933/4/4 2935/4/4
f 2936/4/4 2937/4/4 2938/4/4
f 2938/4/4 2937/4/4 2939/4/4
f 2940/4/4 2941/4/4 2942/4/4
f 2942/4/4 2941/4/4 2943/4/4
f 2944/4/4 2945/4/4 2946/4/4
f 2946/4/4 2945/4/4 2947/4/4
f 2948/4/4 2949/4/4 2950/4/4
f 2950/4/4 2949/4/4 2951/4/4
f 2952/4/4 2953/4/4 2954/4/4
f 2954/4/4 2953/4/4 2955/4/4
f 2956/4/4 2957/4/4 2958/4/4
f 2958/4/4 2957/4/4 2959/4/4
f 2960/4/4 2961/4/4 2962/4/4
f 2962/4/4 2961/4/4 2963/4/4
f 2964/4/4 2965/4/4 2966/4/4
f 2966/4/4 2965/4/4 2967/4/4
f 2968/4/4 2969/4/4 2970/4/4
f 2970/4/4 2969/4/4 2971/4/4
f 2972/4/4 2973/4/4 2974/4/4
f 2974/4/4 2973/4/4 2975/4/4
f 2976/4/4 2977/4/4 2978/4/4
f 2978/4/4 2977/4/4 2979/4/4
f 2980/4/4 2981/4/4 2982/4/4
f 2982/4/4 2981/4/4 2983/4/4
f 2984/4/4 2985/4/4 2986/4/4
f 2986/4/4 2985/4/4 2987/4/4
f 2988/4/4 2989/4/4 2990/4/4
f 2990/4/4 2989/4/4 2991/4/4
f 2992/4/4 2993/4/4 2994/4/4
f 2994/4/4 2993/4/4 2995/4/4
f 2996/1/4 2997/1/4 2998/1/4
f 2998/1/4 2997/1/4 2999/1/4
f 3000/1/4 3001/1/4 3002/1/4
f 3002/1/4 3001/1/4 3003/1/4
f 3004/4/4 3005/4/4 3006/4/4
f 3006/4/4 3005/4/4 3007/4/4
f 3008/4/4 3009/4/4 3010/4/4
f 3010/4/4 3009/4/4 3011/4/4
f 3012/4/4 3013/4/4 3014/4/4
f 3014/4/4 3013/4/4 3015/4/4
f 3016/4/4 3017/4/4 3018/4/4
f 3018/4/4 3017/4/4 3019/4/4
f 3020/1/4 3021/1/4 3022/1/4
f 3022/1/4 3021/1/4 3023/1/4
f 3024/1/4 3025/1/4 3026/1/4
f 3026/1/4 3025/1/4 3027/1/4
f 3028/4/4 3029/4/4 3030/4/4
f 3030/4/4 3029/4/4 3031/4/4
f 3032/4/4 3033/4/4 3034/4/4
f 3034/4/4 3033/4/4 3035/4/4
f 3036/4/4 3037/4/4 3038/4/4
f 3038/4/4 3037/4/4 3039/4/4
f 3040/1/4 3041/1/4 3042/1/4
f 3042/1/4 3041/1/4 3043/1/4
f 3044/1/4 3045/1/4 3046/1/4
f 3046/1/4 3045/1/4 3047/1/4
f 3048/1/4 3049/1/4 3050/1/4
f 3050/1/4 3049/1/4 3051/1/4
f 3052/4/4 3053/4/4 3054/4/4
f 3054/4/4 3053/4/4 3055/4/4
f 3056/1/4 3057/1/4 3058/1/4
f 3058/1/4 3057/1/4 3059/1/4
f 3060/1/4 3061/1/4 3062/1/4
f 3062/1/4 3061/1/4 3063/1/4
f 3064/4/4 3065/4/4 3066/4/4
f 3066/4/4 3065/4/4 3067/4/4
f 3068/3/4 3069/3/4 3070/3/4
f 3070/3/4 3069/3/4 3071/3/4
f 3072/1/4 3073/1/4 3074/1/4
f 3074/1/4 3073/1/4 3075/1/4
f 3076/1/4 3077/1/4 3078/1/4
f 3078/1/4 3077/1/4 3079/1/4
f 3080/4/4 3081/4/4 3082/4/4
f 3082/4/4 3081/4/4 3083/4/4
f 3084/4/4 3085/4/4 3086/4/4
f 3086/4/4 3085/4/4 3087/4/4
f 3088/3/4 3089/3/4 3090/3/4
f 3090/3/4 3089/3/4 3091/3/4
f 3092/3/4 3093/3/4 3094/3/4
f 3094/3/4 3093/3/4 3095/3/4
f 3096/1/4 3097/1/4 3098/1/4
f 3098/1/4 3097/1/4 3099/1/4
f 3100/1/4 3101/1/4 3102/1/4
f 3102/1/4 3101/1/4 3103/1/4
f 3104/1/4 3105/1/4 3106/1/4
f 3106/1/4 3105/1/4 3107/1/4
f 3108/4/4 3109/4/4 3110/4/4
f 3110/4/4 3109/4/4 3111/4/4
f 3112/3/4 3113/3/4 3114/3/4
f 3114/3/4 3113/3/4 3115/3/4
f 3116/1/4 3117/1/4 3120/1/4
f 3120/1/4 3117/1/4 3121/1/4
f 3118/3/4 3119/3/4 3122/3/4
f 3122/3/4 3119/3/4 3123/3/4
f 3124/1/4 3125/1/4 3126/1/4
f 3126/1/4 3125/1/4 3127/1/4
f 3128/1/4 3129/1/4 3130/1/4
f 3130/1/4 3129/1/4 3131/1/4
f 3132/3/4 3133/3/4 3136/3/4
f 3136/3/4 3133/3/4 3137/3/4
f 3134/3/4 3135/3/4 3138/3/4
f 3138/3/4 3135/3/4 3139/3/4
f 3140/1/4 3141/1/4 3144/1/4
f 3144/1/4 3141/1/4 3145/1/4
f 3142/3/4 3143/3/4 3146/3/4
f 3146/3/4 3143/3/4 3147/3/4
f 3147/3/4 3148/3/4 3149/3/4
f 3149/3/4 3148/3/4 3150/3/4
f 3151/3/4 3152/3/4 3153/3/4
f 3153/3/4 3152/3/4 3154/3/4
f 3155/1/4 3156/1/4 3159/1/4
f 3159/1/4 3156/1/4 3160/1/4
f 3157/3/4 3158/3/4 3161/3/4
f 3161/3/4 3158/3/4 3162/3/4
f 3163/1/4 3164/1/4 3165/1/4
f 3165/1/4 3164/1/4 3166/1/4
f 3167/1/4 3168/1/4 3169/1/4
f 3169/1/4 3168/1/4 3170/1/4
f 3171/3/4 3172/3/4 3173/3/4
f 3173/3/4 3172/3/4 3174/3/4
f 3177/3/4 3178/3/4 3179/3/4
f 3177/3/4 3179/3/4 3181/3/4
f 3179/3/4 3180/3/4 3181/3/4
f 3181/3/4 3180/3/4 3182/3/4
f 3182/3/4 3180/3/4 3185/3/4
f 3183/1/4 3184/1/4 3187/1/4
f 3187/1/4 3184/1/4 3188/1/4
f 3175/3/4 3176/3/4 3189/3/4
f 3189/3/4 3176/3/4 3190/3/4
f 3185/3/4 3186/3/4 3191/3/4
f 3182/3/4 3185/3/4 3191/3/4
f 3191/3/4 3186/3/4 3192/3/4
f 3192/3/4 3186/3/4 3197/3/4
f 3197/3/4 3186/3/4 3198/3/4
f 3193/1/4 3194/1/4 3199/1/4
f 3199/1/4 3194/1/4 3200/1/4
f 3195/1/4 3196/1/4 3201/1/4
f 3201/1/4 3196/1/4 3202/1/4
f 3203/1/4 3204/1/4 3207/1/4
f 3207/1/4 3204/1/4 3208/1/4
f 3205/3/4 3206/3/4 3209/3/4
f 3209/3/4 3206/3/4 3210/3/4
f 3211/3/4 3212/3/4 3215/3/4
f 3215/3/4 3212/3/4 3216/3/4
f 3213/3/4 3214/3/4 3217/3/4
f 3217/3/4 3214/3/4 3218/3/4
f 3219/1/4 3220/1/4 3221/1/4
f 3221/1/4 3220/1/4 3222/1/4
f 3223/3/4 3224/3/4 3225/3/4
f 3225/3/4 3224/3/4 3226/3/4
f 3227/1/4 3228/1/4 3231/1/4
f 3231/1/4 3228/1/4 3232/1/4
f 3229/1/4 3230/1/4 3237/1/4
f 3237/1/4 3230/1/4 3238/1/4
f 3233/1/4 3234/1/4 3239/1/4
f 3239/1/4 3234/1/4 3240/1/4
f 3235/1/4 3236/1/4 3241/1/4
f 3241/1/4 3236/1/4 3242/1/4
f 3243/1/4 3244/1/4 3249/1/4
f 3249/1/4 3244/1/4 3250/1/4
f 3245/1/4 3246/1/4 3251/1/4
f 3251/1/4 3246/1/4 3252/1/4
f 3247/1/4 3248/1/4 3253/1/4
f 3253/1/4 3248/1/4 3254/1/4
f 3254/1/4 3248/1/4 3257/1/4
f 3257/1/4 3248/1/4 3258/1/4
f 3255/1/4 3256/1/4 3259/1/4
f 3259/1/4 3256/1/4 3260/1/4
f 3260/1/4 3256/1/4 3261/1/4
f 3264/1/4 3265/1/4 3266/1/4
f 3266/1/4 3265/1/4 3267/1/4
f 3260/3/4 3261/3/4 3268/3/4
f 3268/3/4 3261/3/4 3269/3/4
f 3262/3/4 3263/3/4 3273/3/4
f 3273/3/4 3263/3/4 3274/3/4
f 3270/3/4 3271/3/4 3275/3/4
f 3275/3/4 3271/3/4 3276/3/4
f 3272/3/4 3273/3/4 3277/3/4
f 3277/3/4 3273/3/4 3278/3/4
f 3279/3/4 3280/3/4 3281/3/4
f 3281/3/4 3280/3/4 3282/3/4
f 3285/1/4 3286/1/4 3290/1/4
f 3290/1/4 3286/1/4 3291/1/4
f 3291/1/4 3286/1/4 3292/1/4
f 3287/1/4 3288/1/4 3294/1/4
f 3283/1/4 3284/1/4 3295/1/4
f 3295/1/4 3284/1/4 3296/1/4
f 3289/1/4 3290/1/4 3297/1/4
f 3297/1/4 3290/1/4 3298/1/4
f 3292/1/4 3293/1/4 3299/1/4
f 3291/1/4 3292/1/4 3299/1/4
f 3299/1/4 3293/1/4 3300/1/4
f 3287/1/4 3294/1/4 3301/1/4
f 3294/1/4 3295/1/4 3301/1/4
f 3301/1/4 3295/1/4 3302/1/4
f 3296/1/4 3297/1/4 3303/1/4
f 3303/1/4 3297/1/4 3304/1/4
f 3287/1/4 3301/1/4 3305/1/4
f 3305/1/4 3301/1/4 3306/1/4
f 3296/1/4 3303/1/4 3307/1/4
f 3307/1/4 3303/1/4 3308/1/4
f 3306/1/4 3307/1/4 3311/1/4
f 3311/1/4 3307/1/4 3312/1/4
f 3309/1/4 3310/1/4 3315/1/4
f 3315/1/4 3310/1/4 3316/1/4
f 3306/1/4 3311/1/4 3317/1/4
f 3317/1/4 3311/1/4 3318/1/4
f 3312/1/4 3313/1/4 3319/1/4
f 3319/1/4 3313/1/4 3320/1/4
f 3315/1/4 3316/1/4 3321/1/4
f 3314/1/4 3315/1/4 3321/1/4
f 3321/1/4 3316/1/4 3322/1/4
f 3314/1/4 3321/1/4 3323/1/4
f 3323/1/4 3321/1/4 3324/1/4
f 3325/3/4 3326/3/4 3330/3/4
f 3329/3/4 3330/3/4 3331/3/4
f 3330/3/4 3326/3/4 3332/3/4
f 3331/3/4 3330/3/4 3332/3/4
f 3327/3/4 3328/3/4 3333/3/4
f 3333/3/4 3328/3/4 3334/3/4
f 3329/3/4 3331/3/4 3335/3/4
f 3335/3/4 3331/3/4 3336/3/4
f 3337/1/4 3338/1/4 3339/1/4
f 3339/1/4 3338/1/4 3340/1/4
f 3341/4/4 3342/4/4 3343/4/4
f 3343/4/4 3342/4/4 3344/4/4
f 3345/1/4 3346/1/4 3347/1/4
f 3349/1/4 3350/1/4 3354/1/4
f 3354/1/4 3350/1/4 3355/1/4
f 3345/1/4 3347/1/4 3357/1/4
f 3347/1/4 3348/1/4 3357/1/4
f 3357/1/4 3348/1/4 3358/1/4
f 3351/1/4 3352/1/4 3360/1/4
f 3355/1/4 3356/1/4 3362/1/4
f 3354/1/4 3355/1/4 3362/1/4
f 3353/1/4 3354/1/4 3362/1/4
f 3362/1/4 3356/1/4 3363/1/4
f 3358/1/4 3348/1/4 3364/1/4
f 3359/1/4 3360/1/4 3365/1/4
f 3360/1/4 3352/1/4 3366/1/4
f 3365/1/4 3360/1/4 3366/1/4
f 3361/1/4 3362/1/4 3367/1/4
f 3367/1/4 3362/1/4 3368/1/4
f 3358/1/4 3364/1/4 3371/1/4
f 3364/1/4 3365/1/4 3371/1/4
f 3367/1/4 3368/1/4 3372/1/4
f 3366/1/4 3367/1/4 3372/1/4
f 3368/1/4 3369/1/4 3372/1/4
f 3372/1/4 3369/1/4 3373/1/4
f 3370/1/4 3371/1/4 3374/1/4
f 3371/1/4 3365/1/4 3375/1/4
f 3374/1/4 3371/1/4 3375/1/4
f 3376/1/4 3377/1/4 3378/1/4
f 3378/1/4 3377/1/4 3379/1/4
f 3380/3/4 3381/3/4 3384/3/4
f 3384/3/4 3381/3/4 3385/3/4
f 3382/3/4 3383/3/4 3386/3/4
f 3386/3/4 3383/3/4 3387/3/4
f 3388/3/4 3389/3/4 3390/3/4
f 3390/3/4 3389/3/4 3391/3/4
f 3394/1/4 3395/1/4 3396/1/4
f 3396/1/4 3395/1/4 3397/1/4
f 3392/1/4 3393/1/4 3398/1/4
f 3398/1/4 3393/1/4 3399/1/4
f 3397/1/4 3395/1/4 3400/1/4
f 3400/1/4 3395/1/4 3401/1/4
f 3402/3/4 3403/3/4 3404/3/4
f 3404/3/4 3403/3/4 3405/3/4
f 3406/4/4 3407/4/4 3408/4/4
f 3408/4/4 3407/4/4 3409/4/4
f 3410/1/4 3411/1/4 3414/1/4
f 3414/1/4 3411/1/4 3415/1/4
f 3412/3/4 3413/3/4 3416/3/4
f 3416/3/4 3413/3/4 3417/3/4
f 3418/3/4 3419/3/4 3422/3/4
f 3422/3/4 3419/3/4 3423/3/4
f 3424/1/4 3425/1/4 3426/1/4
f 3426/1/4 3425/1/4 3427/1/4
f 3420/3/4 3421/3/4 3428/3/4
f 3428/3/4 3429/3/4 3430/3/4
f 3420/3/4 3428/3/4 3430/3/4
f 3430/3/4 3429/3/4 3431/3/4
f 3434/1/4 3435/1/4 3437/1/4
f 3435/1/4 3436/1/4 3437/1/4
f 3437/1/4 3436/1/4 3438/1/4
f 3434/1/4 3437/1/4 3439/1/4
f 3437/3/4 3438/3/4 3440/3/4
f 3439/1/4 3437/1/4 3440/1/4
f 3432/3/4 3433/3/4 3443/3/4
f 3443/3/4 3433/3/4 3444/3/4
f 3440/3/4 3438/3/4 3445/3/4
f 3445/3/4 3438/3/4 3446/3/4
f 3441/1/4 3442/1/4 3447/1/4
f 3447/1/4 3442/1/4 3448/1/4
f 3449/3/4 3450/3/4 3451/3/4
f 3451/3/4 3450/3/4 3452/3/4
f 3453/4/4 3454/4/4 3455/4/4
f 3455/4/4 3454/4/4 3456/4/4
f 3457/4/4 3458/4/4 3459/4/4
f 3459/4/4 3458/4/4 3460/4/4
f 3461/3/4 3462/3/4 3468/3/4
f 3468/3/4 3462/3/4 3469/3/4
f 3463/3/4 3464/3/4 3470/3/4
f 3470/3/4 3464/3/4 3471/3/4
f 3465/1/4 3466/1/4 3473/1/4
f 3473/1/4 3466/1/4 3474/1/4
f 3467/3/4 3468/3/4 3475/3/4
f 3475/3/4 3468/3/4 3476/3/4
f 3471/3/4 3472/3/4 3477/3/4
f 3477/3/4 3472/3/4 3478/3/4
f 3479/3/4 3480/3/4 3481/3/4
f 3481/3/4 3480/3/4 3482/3/4
f 3482/3/4 3483/3/4 3484/3/4
f 3484/3/4 3483/3/4 3485/3/4
f 3486/3/4 3487/3/4 3489/3/4
f 3489/3/4 3487/3/4 3490/3/4
f 3488/3/4 3489/3/4 3491/3/4
f 3491/3/4 3489/3/4 3492/3/4
f 3493/3/4 3494/3/4 3497/3/4
f 3497/3/4 3494/3/4 3498/3/4
f 3495/3/4 3496/3/4 3499/3/4
f 3499/3/4 3496/3/4 3500/3/4
f 3501/4/4 3502/4/4 3503/4/4
f 3503/4/4 3502/4/4 3504/4/4
f 3504/4/4 3505/4/4 3506/4/4
f 3506/4/4 3505/4/4 3507/4/4
f 3508/4/4 3509/4/4 3510/4/4
f 3510/4/4 3509/4/4 3511/4/4
f 3512/3/4 3513/3/4 3514/3/4
f 3514/3/4 3513/3/4 3515/3/4
f 3515/3/4 3516/3/4 3519/3/4
f 3519/3/4 3516/3/4 3520/3/4
f 3517/1/4 3518/1/4 3521/1/4
f 3521/1/4 3518/1/4 3522/1/4
f 3523/3/4 3524/3/4 3525/3/4
f 3525/3/4 3524/3/4 3526/3/4
f 3527/3/4 3528/3/4 3529/3/4
f 3527/3/4 3529/3/4 3531/3/4
f 3529/3/4 3530/3/4 3531/3/4
f 3531/3/4 3530/3/4 3532/3/4
f 3532/3/4 3530/3/4 3533/3/4
f 3537/3/4 3538/3/4 3541/3/4
f 3541/3/4 3538/3/4 3542/3/4
f 3532/3/4 3533/3/4 3543/3/4
f 3533/3/4 3534/3/4 3543/3/4
f 3543/3/4 3534/3/4 3544/3/4
f 3539/1/4 3540/1/4 3545/1/4
f 3545/1/4 3540/1/4 3546/1/4
f 3535/3/4 3536/3/4 3547/3/4
f 3547/3/4 3536/3/4 3548/3/4
f 3532/3/4 3543/3/4 3550/3/4
f 3549/3/4 3550/3/4 3553/3/4
f 3550/3/4 3543/3/4 3554/3/4
f 3553/3/4 3550/3/4 3554/3/4
f 3549/3/4 3553/3/4 3555/3/4
f 3555/3/4 3553/3/4 3556/3/4
f 3551/3/4 3552/3/4 3557/3/4
f 3557/3/4 3552/3/4 3558/3/4
f 3549/3/4 3555/3/4 3559/3/4
f 3559/3/4 3555/3/4 3560/3/4
f 3561/3/4 3562/3/4 3563/3/4
f 3563/3/4 3562/3/4 3564/3/4
f 3565/4/4 3566/4/4 3567/4/4
f 3567/4/4 3566/4/4 3568/4/4
f 3569/3/4 3570/3/4 3573/3/4
f 3573/3/4 3570/3/4 3574/3/4
f 3571/3/4 3572/3/4 3575/3/4
f 3575/3/4 3572/3/4 3576/3/4
f 3577/3/4 3578/3/4 3583/3/4
f 3578/3/4 3579/3/4 3583/3/4
f 3580/3/4 3581/3/4 3584/3/4
f 3584/3/4 3581/3/4 3585/3/4
f 3582/3/4 3583/3/4 3587/3/4
f 3583/3/4 3579/3/4 3588/3/4
f 3587/3/4 3583/3/4 3588/3/4
f 3586/3/4 3587/3/4 3591/3/4
f 3588/3/4 3579/3/4 3592/3/4
f 3589/3/4 3590/3/4 3594/3/4
f 3594/3/4 3590/3/4 3595/3/4
f 3586/3/4 3591/3/4 3596/3/4
f 3591/3/4 3592/3/4 3596/3/4
f 3592/3/4 3579/3/4 3597/3/4
f 3596/3/4 3592/3/4 3597/3/4
f 3597/3/4 3579/3/4 3598/3/4
f 3598/3/4 3579/3/4 3599/3/4
f 3593/3/4 3594/3/4 3600/3/4
f 3600/3/4 3594/3/4 3601/3/4
f 3597/3/4 3598/3/4 3602/3/4
f 3602/3/4 3598/3/4 3603/3/4
f 3608/1/4 3609/1/4 3610/1/4
f 3610/1/4 3609/1/4 3611/1/4
f 3604/3/4 3605/3/4 3612/3/4
f 3612/3/4 3605/3/4 3613/3/4
f 3606/3/4 3607/3/4 3616/3/4
f 3616/3/4 3607/3/4 3617/3/4
f 3613/3/4 3614/3/4 3618/3/4
f 3618/3/4 3614/3/4 3619/3/4
f 3615/3/4 3616/3/4 3620/3/4
f 3620/3/4 3616/3/4 3621/3/4
f 3622/4/4 3623/4/4 3624/4/4
f 3624/4/4 3623/4/4 3625/4/4
f 3626/4/4 3627/4/4 3628/4/4
f 3628/4/4 3627/4/4 3629/4/4
f 3630/4/4 3631/4/4 3632/4/4
f 3632/4/4 3631/4/4 3633/4/4
f 3634/3/4 3635/3/4 3636/3/4
f 3636/3/4 3635/3/4 3637/3/4
f 3642/1/4 3643/1/4 3644/1/4
f 3644/1/4 3643/1/4 3645/1/4
f 3638/3/4 3639/3/4 3646/3/4
f 3646/3/4 3639/3/4 3647/3/4
f 3640/3/4 3641/3/4 3648/3/4
f 3648/3/4 3641/3/4 3649/3/4
f 3650/3/4 3651/3/4 3652/3/4
f 3652/3/4 3651/3/4 3653/3/4
f 3653/3/4 3651/3/4 3655/3/4
f 3655/3/4 3651/3/4 3656/3/4
f 3654/3/4 3655/3/4 3658/3/4
f 3656/3/4 3657/3/4 3658/3/4
f 3655/3/4 3656/3/4 3658/3/4
f 3658/3/4 3657/3/4 3659/3/4
f 3654/3/4 3658/3/4 3661/3/4
f 3659/3/4 3657/3/4 3662/3/4
f 3660/3/4 3661/3/4 3664/3/4
f 3661/3/4 3658/3/4 3665/3/4
f 3664/3/4 3661/3/4 3665/3/4
f 3662/3/4 3663/3/4 3666/3/4
f 3659/3/4 3662/3/4 3666/3/4
f 3666/3/4 3663/3/4 3667/3/4
f 3665/3/4 3658/3/4 3668/3/4
f 3659/3/4 3666/3/4 3669/3/4
f 3665/3/4 3668/3/4 3670/3/4
f 3668/3/4 3669/3/4 3670/3/4
f 3670/3/4 3669/3/4 3671/3/4
f 3671/3/4 3669/3/4 3672/3/4
f 3669/3/4 3666/3/4 3673/3/4
f 3672/3/4 3669/3/4 3673/3/4
f 3671/3/4 3672/3/4 3674/3/4
f 3674/3/4 3672/3/4 3675/3/4
f 3676/4/4 3677/4/4 3678/4/4
f 3678/4/4 3677/4/4 3679/4/4
f 3680/4/4 3681/4/4 3682/4/4
f 3682/4/4 3681/4/4 3683/4/4
f 3684/4/4 3685/4/4 3686/4/4
f 3686/4/4 3685/4/4 3687/4/4
f 3688/4/4 3689/4/4 3690/4/4
f 3690/4/4 3689/4/4 3691/4/4
f 3692/3/4 3693/3/4 3697/3/4
f 3697/3/4 3693/3/4 3698/3/4
f 3694/3/4 3695/3/4 3699/3/4
f 3699/3/4 3695/3/4 3700/3/4
f 3696/3/4 3697/3/4 3702/3/4
f 3702/3/4 3697/3/4 3703/3/4
f 3700/3/4 3701/3/4 3704/3/4
f 3704/3/4 3701/3/4 3705/3/4
f 3706/3/4 3707/3/4 3710/3/4
f 3710/3/4 3707/3/4 3711/3/4
f 3708/3/4 3709/3/4 3714/3/4
f 3714/3/4 3709/3/4 3715/3/4
f 3711/3/4 3712/3/4 3716/3/4
f 3716/3/4 3712/3/4 3717/3/4
f 3713/3/4 3714/3/4 3718/3/4
f 3718/3/4 3714/3/4 3719/3/4
f 3722/1/4 3723/1/4 3724/1/4
f 3724/1/4 3723/1/4 3725/1/4
f 3720/3/4 3721/3/4 3726/3/4
f 3726/3/4 3721/3/4 3727/3/4
f 3728/4/4 3729/4/4 3730/4/4
f 3730/4/4 3729/4/4 3731/4/4
f 3732/4/4 3733/4/4 3734/4/4
f 3734/4/4 3733/4/4 3735/4/4
f 3736/4/4 3737/4/4 3738/4/4
f 3738/4/4 3737/4/4 3739/4/4
f 3740/4/4 3741/4/4 3742/4/4
f 3742/4/4 3741/4/4 3743/4/4
f 3744/3/4 3745/3/4 3747/3/4
f 3747/3/4 3745/3/4 3748/3/4
f 3746/3/4 3747/3/4 3750/3/4
f 3748/3/4 3749/3/4 3750/3/4
f 3747/3/4 3748/3/4 3750/3/4
f 3750/3/4 3749/3/4 3751/3/4
f 3746/3/4 3750/3/4 3753/3/4
f 3751/3/4 3749/3/4 3754/3/4
f 3752/3/4 3753/3/4 3756/3/4
f 3753/3/4 3750/3/4 3757/3/4
f 3756/3/4 3753/3/4 3757/3/4
f 3754/3/4 3755/3/4 3758/3/4
f 3751/3/4 3754/3/4 3758/3/4
f 3758/3/4 3755/3/4 3759/3/4
f 3757/3/4 3750/3/4 3760/3/4
f 3751/3/4 3758/3/4 3761/3/4
f 3757/3/4 3760/3/4 3762/3/4
f 3760/3/4 3761/3/4 3762/3/4
f 3762/3/4 3761/3/4 3763/3/4
f 3763/3/4 3761/3/4 3764/3/4
f 3761/3/4 3758/3/4 3765/3/4
f 3764/3/4 3761/3/4 3765/3/4
f 3763/3/4 3764/3/4 3766/3/4
f 3766/3/4 3764/3/4 3767/3/4
f 3768/4/4 3769/4/4 3770/4/4
f 3770/4/4 3769/4/4 3771/4/4
f 3772/4/4 3773/4/4 3774/4/4
f 3774/4/4 3773/4/4 3775/4/4
f 3776/4/4 3777/4/4 3778/4/4
f 3778/4/4 3777/4/4 3779/4/4
f 3780/4/4 3781/4/4 3782/4/4
f 3782/4/4 3781/4/4 3783/4/4
f 3784/3/4 3785/3/4 3786/3/4
f 3786/3/4 3785/3/4 3787/3/4
f 3788/1/4 3789/1/4 3790/1/4
f 3790/1/4 3789/1/4 3791/1/4
f 3792/4/4 3793/4/4 3794/4/4
f 3794/4/4 3793/4/4 3795/4/4
f 3796/4/4 3797/4/4 3798/4/4
f 3798/4/4 3797/4/4 3799/4/4
f 3800/4/4 3801/4/4 3802/4/4
f 3802/4/4 3801/4/4 3803/4/4
f 3804/4/4 3805/4/4 3806/4/4
f 3806/4/4 3805/4/4 3807/4/4
f 3808/4/4 3809/4/4 3810/4/4
f 3810/4/4 3809/4/4 3811/4/4
f 3812/4/4 3813/4/4 3814/4/4
f 3814/4/4 3813/4/4 3815/4/4
f 3816/4/4 3817/4/4 3818/4/4
f 3818/4/4 3817/4/4 3819/4/4
f 3820/4/4 3821/4/4 3822/4/4
f 3822/4/4 3821/4/4 3823/4/4
f 3824/4/4 3825/4/4 3826/4/4
f 3826/4/4 3825/4/4 3827/4/4
f 3828/4/4 3829/4/4 3830/4/4
f 3830/4/4 3829/4/4 3831/4/4
f 3832/4/4 3833/4/4 3834/4/4
f 3834/4/4 3833/4/4 3835/4/4
f 3836/4/4 3837/4/4 3838/4/4
f 3838/4/4 3837/4/4 3839/4/4
f 3840/4/4 3841/4/4 3842/4/4
f 3842/4/4 3841/4/4 3843/4/4
f 3844/4/4 3845/4/4 3846/4/4
f 3846/4/4 3845/4/4 3847/4/4
f 3848/4/4 3849/4/4 3850/4/4
f 3850/4/4 3849/4/4 3851/4/4
f 3852/4/4 3853/4/4 3854/4/4
f 3854/4/4 3853/4/4 3855/4/4
f 3856/4/4 3857/4/4 3858/4/4
f 3858/4/4 3857/4/4 3859/4/4
f 3860/4/4 3861/4/4 3862/4/4
f 3862/4/4 3861/4/4 3863/4/4
f 3864/4/4 3865/4/4 3866/4/4
f 3866/4/4 3865/4/4 3867/4/4
f 3868/4/4 3869/4/4 3870/4/4
f 3870/4/4 3869/4/4 3871/4/4
f 3872/4/4 3873/4/4 3874/4/4
f 3874/4/4 3873/4/4 3875/4/4
f 3876/4/4 3877/4/4 3878/4/4
f 3878/4/4 3877/4/4 3879/4/4
f 3880/4/4 3881/4/4 3882/4/4
f 3882/4/4 3881/4/4 3883/4/4
f 3884/4/4 3885/4/4 3886/4/4
f 3886/4/4 3885/4/4 3887/4/4
f 3888/4/4 3889/4/4 3890/4/4
f 3890/4/4 3889/4/4 3891/4/4
f 3892/4/4 3893/4/4 3894/4/4
f 3894/4/4 3893/4/4 3895/4/4
f 3896/4/4 3897/4/4 3898/4/4
f 3898/4/4 3897/4/4 3899/4/4
f 3900/4/4 3901/4/4 3902/4/4
f 3902/4/4 3901/4/4 3903/4/4
f 3904/4/4 3905/4/4 3906/4/4
f 3906/4/4 3905/4/4 3907/4/4
f 3911/4/5 3909/4/5 3908/4/5
f 3912/4/5 3909/4/5 3911/4/5
f 3915/4/5 3911/4/5 3910/4/5
f 3915/4/5 3913/4/5 3912/4/5
f 3915/4/5 3912/4/5 3911/4/5
f 3916/4/5 3913/4/5 3915/4/5
f 3919/4/5 3915/4/5 3914/4/5
f 3919/4/5 3917/4/5 3916/4/5
f 3919/4/5 3916/4/5 3915/4/5
f 3920/4/5 3917/4/5 3919/4/5
f 3923/4/5 3919/4/5 3918/4/5
f 3923/4/5 3921/4/5 3920/4/5
f 3923/4/5 3920/4/5 3919/4/5
f 3924/4/5 3921/4/5 3923/4/5
f 3927/4/5 3923/4/5 3922/4/5
f 3927/4/5 3925/4/5 3924/4/5
f 3927/4/5 3924/4/5 3923/4/5
f 3928/4/5 3925/4/5 3927/4/5
f 3931/4/5 3927/4/5 3926/4/5
f 3931/4/5 3929/4/5 3928/4/5
f 3931/4/5 3928/4/5 3927/4/5
f 3932/4/5 3929/4/5 3931/4/5
f 3935/4/5 3931/4/5 3930/4/5
f 3935/4/5 3933/4/5 3932/4/5
f 3935/4/5 3932/4/5 3931/4/5
f 3936/4/5 3933/4/5 3935/4/5
f 3939/4/5 3935/4/5 3934/4/5
f 3939/4/5 3937/4/5 3936/4/5
f 3939/4/5 3936/4/5 3935/4/5
f 3940/4/5 3937/4/5 3939/4/5
f 3942/4/5 3939/4/5 3938/4/5
f 3942/4/5 3941/4/5 3940/4/5
f 3942/4/5 3940/4/5 3939/4/5
f 3943/4/5 3941/4/5 3942/4/5
f 3944/4/5 3941/4/5 3943/4/5
f 3945/4/5 3941/4/5 3944/4/5
f 3946/4/5 3944/4/5 3943/4/5
f 3947/4/5 3944/4/5 3946/4/5
f 3948/4/5 3944/4/5 3947/4/5
f 3949/4/5 3944/4/5 3948/4/5
f 3950/4/5 3948/4/5 3947/4/5
f 3951/4/5 3948/4/5 3950/4/5
f 3952/4/5 3948/4/5 3951/4/5
f 3953/4/5 3948/4/5 3952/4/5
f 3954/4/5 3952/4/5 3951/4/5
f 3955/4/5 3952/4/5 3954/4/5
f 3956/4/5 3952/4/5 3955/4/5
f 3957/4/5 3952/4/5 3956/4/5
f 3958/4/5 3956/4/5 3955/4/5
f 3959/4/5 3956/4/5 3958/4/5
f 3960/4/5 3956/4/5 3959/4/5
f 3961/4/5 3956/4/5 3960/4/5
f 3962/4/5 3960/4/5 3959/4/5
f 3963/4/5 3960/4/5 3962/4/5
f 3964/4/5 3960/4/5 3963/4/5
f 3965/4/5 3960/4/5 3964/4/5
f 3966/4/5 3964/4/5 3963/4/5
f 3967/4/5 3964/4/5 3966/4/5
f 3968/4/5 3964/4/5 3967/4/5
f 3969/4/5 3964/4/5 3968/4/5
f 3970/4/5 3968/4/5 3967/4/5
f 3971/4/5 3968/4/5 3970/4/5
f 3972/4/5 3968/4/5 3971/4/5
f 3973/4/5 3968/4/5 3972/4/5
f 3974/4/5 3972/4/5 3971/4/5
f 3975/4/5 3972/4/5 3974/4/5
f 3979/4/5 3977/4/5 3976/4/5
f 3980/4/5 3977/4/5 3979/4/5
f 3981/4/5 3977/4/5 3980/4/5
f 3982/4/5 3977/4/5 3981/4/5
f 3985/4/5 3979/4/5 3978/4/5
f 3985/4/5 3980/4/5 3979/4/5
f 3986/4/5 3980/4/5 3985/4/5
f 3987/4/5 3980/4/5 3986/4/5
f 3988/4/5 3982/4/5 3981/4/5
f 3988/4/5 3983/4/5 3982/4/5
f 3989/4/5 3983/4/5 3988/4/5
f 3990/4/5 3983/4/5 3989/4/5
f 3993/4/5 3986/4/5 3985/4/5
f 3993/4/5 3985/4/5 3984/4/5
f 3994/4/5 3986/4/5 3993/4/5
f 3995/4/5 3986/4/5 3994/4/5
f 3996/4/5 3991/4/5 3990/4/5
f 3996/4/5 3990/4/5 3989/4/5
f 3997/4/5 3991/4/5 3996/4/5
f 3998/4/5 3991/4/5 3997/4/5
f 4001/4/5 3994/4/5 3993/4/5
f 4001/4/5 3993/4/5 3992/4/5
f 4002/4/5 3994/4/5 4001/4/5
f 4003/4/5 3994/4/5 4002/4/5
f 4004/4/5 3999/4/5 3998/4/5
f 4004/4/5 3998/4/5 3997/4/5
f 4005/4/5 3999/4/5 4004/4/5
f 4006/4/5 3999/4/5 4005/4/5
f 4009/4/5 4002/4/5 4001/4/5
f 4009/4/5 4001/4/5 4000/4/5
f 4010/4/5 4002/4/5 4009/4/5
f 4011/4/5 4002/4/5 4010/4/5
f 4012/4/5 4007/4/5 4006/4/5
f 4012/4/5 4006/4/5 4005/4/5
f 4013/4/5 4007/4/5 4012/4/5
f 4014/4/5 4010/4/5 4009/4/5
f 4014/4/5 4009/4/5 4008/4/5
f 4015/4/5 4010/4/5 4014/4/5
f 4016/4/5 4007/4/5 4013/4/5
f 4017/4/5 4007/4/5 4016/4/5
f 4020/4/5 4014/4/5 4008/4/5
f 4021/4/5 4018/4/5 4017/4/5
f 4024/4/5 4020/4/5 4019/4/5
f 4025/4/5 4014/4/5 4020/4/5
f 4025/4/5 4020/4/5 4024/4/5
f 4026/4/5 4014/4/5 4025/4/5
f 4027/4/5 4022/4/5 4021/4/5
f 4027/4/5 4021/4/5 4017/4/5
f 4028/4/5 4022/4/5 4027/4/5
f 4029/4/5 4022/4/5 4028/4/5
f 4031/4/5 4024/4/5 4023/4/5
f 4031/4/5 4025/4/5 4024/4/5
f 4032/4/5 4025/4/5 4031/4/5
f 4033/4/5 4030/4/5 4029/4/5
f 4033/4/5 4029/4/5 4028/4/5
f 4034/4/5 4030/4/5 4033/4/5
f 4036/4/5 4031/4/5 4023/4/5
f 4037/4/5 4030/4/5 4034/4/5
f 4039/4/5 4036/4/5 4035/4/5
f 4039/4/5 4031/4/5 4036/4/5
f 4040/4/5 4031/4/5 4039/4/5
f 4041/4/5 4038/4/5 4037/4/5
f 4041/4/5 4037/4/5 4034/4/5
f 4042/4/5 4038/4/5 4041/4/5
f 4043/4/5 4039/4/5 4035/4/5
f 4046/4/5 4038/4/5 4042/4/5
f 4047/4/5 4044/4/5 4043/4/5
f 4047/4/5 4043/4/5 4035/4/5
f 4048/4/5 4044/4/5 4047/4/5
f 4049/4/5 4046/4/5 4045/4/5
f 4049/4/5 4038/4/5 4046/4/5
f 4050/4/5 4038/4/5 4049/4/5
f 4051/4/5 4044/4/5 4048/4/5
f 4054/4/5 4049/4/5 4045/4/5
f 4055/4/5 4052/4/5 4051/4/5
f 4055/4/5 4051/4/5 4048/4/5
f 4056/4/5 4052/4/5 4055/4/5
f 4057/4/5 4052/4/5 4056/4/5
f 4060/4/5 4054/4/5 4053/4/5
f 4061/4/5 4049/4/5 4054/4/5
f 4061/4/5 4054/4/5 4060/4/5
f 4062/4/5 4049/4/5 4061/4/5
f 4063/4/5 4058/4/5 4057/4/5
f 4063/4/5 4057/4/5 4056/4/5
f 4064/4/5 4058/4/5 4063/4/5
f 4065/4/5 4060/4/5 4059/4/5
f 4065/4/5 4061/4/5 4060/4/5
f 4066/4/5 4061/4/5 4065/4/5
f 4067/4/5 4058/4/5 4064/4/5
f 4070/4/5 4065/4/5 4059/4/5
f 4071/4/5 4068/4/5 4067/4/5
f 4071/4/5 4067/4/5 4064/4/5
f 4072/4/5 4068/4/5 4071/4/5
f 4073/4/5 4068/4/5 4072/4/5
f 4076/4/5 4070/4/5 4069/4/5
f 4077/4/5 4065/4/5 4070/4/5
f 4077/4/5 4070/4/5 4076/4/5
f 4078/4/5 4065/4/5 4077/4/5
f 4079/4/5 4074/4/5 4073/4/5
f 4079/4/5 4073/4/5 4072/4/5
f 4080/4/5 4074/4/5 4079/4/5
f 4081/4/5 4074/4/5 4080/4/5
f 4084/4/5 4076/4/5 4075/4/5
f 4084/4/5 4077/4/5 4076/4/5
f 4085/4/5 4077/4/5 4084/4/5
f 4086/4/5 4077/4/5 4085/4/5
f 4087/4/5 4082/4/5 4081/4/5
f 4087/4/5 4081/4/5 4080/4/5
f 4088/4/5 4082/4/5 4087/4/5
f 4089/4/5 4082/4/5 4088/4/5
f 4092/4/5 4085/4/5 4084/4/5
f 4092/4/5 4084/4/5 4083/4/5
f 4093/4/5 4085/4/5 4092/4/5
f 4094/4/5 4085/4/5 4093/4/5
f 4095/4/5 4090/4/5 4089/4/5
f 4095/4/5 4089/4/5 4088/4/5
f 4096/4/5 4090/4/5 4095/4/5
f 4097/4/5 4090/4/5 4096/4/5
f 4100/4/5 4093/4/5 4092/4/5
f 4100/4/5 4092/4/5 4091/4/5
f 4101/4/5 4093/4/5 4100/4/5
f 4102/4/5 4093/4/5 4101/4/5
f 4103/4/5 4098/4/5 4097/4/5
f 4103/4/5 4097/4/5 4096/4/5
f 4104/4/5 4098/4/5 4103/4/5
f 4105/4/5 4098/4/5 4104/4/5
f 4106/4/5 4101/4/5 4100/4/5
f 4106/4/5 4100/4/5 4099/4/5
f 4107/4/5 4101/4/5 4106/4/5
f 4108/4/5 4101/4/5 4107/4/5
f 4109/4/5 4105/4/5 4104/4/5
f 4109/4/5 4107/4/5 4106/4/5
f 4109/4/5 4106/4/5 4105/4/5
f 4110/4/5 4107/4/5 4109/4/5
f 4114/4/5 4112/4/5 4111/4/5
f 4115/4/5 4112/4/5 4114/4/5
f 4116/4/5 4112/4/5 4115/4/5
f 4117/4/5 4112/4/5 4116/4/5
f 4120/4/5 4114/4/5 4113/4/5
f 4120/4/5 4115/4/5 4114/4/5
f 4121/4/5 4115/4/5 4120/4/5
f 4122/4/5 4115/4/5 4121/4/5
f 4125/4/5 4117/4/5 4116/4/5
f 4125/4/5 4118/4/5 4117/4/5
f 4126/4/5 4118/4/5 4125/4/5
f 4127/4/5 4118/4/5 4126/4/5
f 4130/4/5 4120/4/5 4119/4/5
f 4130/4/5 4121/4/5 4120/4/5
f 4131/4/5 4121/4/5 4130/4/5
f 4132/4/5 4121/4/5 4131/4/5
f 4134/2/5 4124/2/5 4123/2/5
f 4135/2/5 4124/2/5 4134/2/5
f 4137/4/5 4128/4/5 4127/4/5
f 4137/4/5 4127/4/5 4126/4/5
f 4138/4/5 4128/4/5 4137/4/5
f 4139/4/5 4128/4/5 4138/4/5
f 4142/4/5 4130/4/5 4129/4/5
f 4142/4/5 4131/4/5 4130/4/5
f 4143/4/5 4131/4/5 4142/4/5
f 4144/4/5 4131/4/5 4143/4/5
f 4146/2/5 4136/2/5 4135/2/5
f 4146/2/5 4135/2/5 4134/2/5
f 4146/2/5 4134/2/5 4133/2/5
f 4147/2/5 4136/2/5 4146/2/5
f 4149/4/5 4140/4/5 4139/4/5
f 4149/4/5 4139/4/5 4138/4/5
f 4150/4/5 4140/4/5 4149/4/5
f 4151/4/5 4140/4/5 4150/4/5
f 4154/4/5 4143/4/5 4142/4/5
f 4154/4/5 4142/4/5 4141/4/5
f 4155/4/5 4143/4/5 4154/4/5
f 4156/4/5 4143/4/5 4155/4/5
f 4158/2/5 4148/2/5 4147/2/5
f 4158/2/5 4147/2/5 4146/2/5
f 4158/2/5 4146/2/5 4145/2/5
f 4159/2/5 4148/2/5 4158/2/5
f 4161/4/5 4152/4/5 4151/4/5
f 4161/4/5 4151/4/5 4150/4/5
f 4162/4/5 4152/4/5 4161/4/5
f 4163/4/5 4155/4/5 4154/4/5
f 4163/4/5 4154/4/5 4153/4/5
f 4164/4/5 4155/4/5 4163/4/5
f 4166/2/5 4160/2/5 4159/2/5
f 4166/2/5 4159/2/5 4158/2/5
f 4166/2/5 4158/2/5 4157/2/5
f 4167/2/5 4160/2/5 4166/2/5
f 4169/4/5 4152/4/5 4162/4/5
f 4172/4/5 4163/4/5 4153/4/5
f 4174/2/5 4168/2/5 4167/2/5
f 4174/2/5 4166/2/5 4165/2/5
f 4174/2/5 4167/2/5 4166/2/5
f 4175/4/5 4170/4/5 4169/4/5
f 4175/4/5 4169/4/5 4162/4/5
f 4176/4/5 4170/4/5 4175/4/5
f 4177/4/5 4170/4/5 4176/4/5
f 4180/4/5 4172/4/5 4171/4/5
f 4181/4/5 4163/4/5 4172/4/5
f 4181/4/5 4172/4/5 4180/4/5
f 4182/4/5 4163/4/5 4181/4/5
f 4183/2/5 4174/2/5 4173/2/5
f 4183/2/5 4168/2/5 4174/2/5
f 4185/4/5 4177/4/5 4176/4/5
f 4185/4/5 4178/4/5 4177/4/5
f 4186/4/5 4178/4/5 4185/4/5
f 4187/4/5 4178/4/5 4186/4/5
f 4189/4/5 4181/4/5 4180/4/5
f 4189/4/5 4180/4/5 4179/4/5
f 4190/4/5 4181/4/5 4189/4/5
f 4192/2/5 4184/2/5 4183/2/5
f 4192/2/5 4183/2/5 4173/2/5
f 4193/2/5 4184/2/5 4192/2/5
f 4195/4/5 4188/4/5 4187/4/5
f 4195/4/5 4187/4/5 4186/4/5
f 4196/4/5 4188/4/5 4195/4/5
f 4198/2/5 4194/2/5 4193/2/5
f 4198/2/5 4193/2/5 4192/2/5
f 4198/2/5 4192/2/5 4191/2/5
f 4199/2/5 4194/2/5 4198/2/5
f 4202/4/5 4189/4/5 4179/4/5
f 4203/4/5 4188/4/5 4196/4/5
f 4205/4/5 4202/4/5 4201/4/5
f 4205/4/5 4189/4/5 4202/4/5
f 4206/4/5 4189/4/5 4205/4/5
f 4207/4/5 4204/4/5 4203/4/5
f 4207/4/5 4203/4/5 4196/4/5
f 4208/4/5 4204/4/5 4207/4/5
f 4210/2/5 4200/2/5 4199/2/5
f 4210/2/5 4198/2/5 4197/2/5
f 4210/2/5 4199/2/5 4198/2/5
f 4211/2/5 4200/2/5 4210/2/5
f 4213/2/5 4210/2/5 4209/2/5
f 4213/2/5 4212/2/5 4211/2/5
f 4213/2/5 4211/2/5 4210/2/5
f 4214/2/5 4212/2/5 4213/2/5
f 4215/2/5 4212/2/5 4214/2/5
f 4216/2/5 4212/2/5 4215/2/5
f 4217/4/5 4205/4/5 4201/4/5
f 4220/4/5 4204/4/5 4208/4/5
f 4221/4/5 4204/4/5 4220/4/5
f 4222/4/5 4218/4/5 4217/4/5
f 4222/4/5 4217/4/5 4201/4/5
f 4223/4/5 4218/4/5 4222/4/5
f 4224/2/5 4215/2/5 4214/2/5
f 4225/2/5 4215/2/5 4224/2/5
f 4226/2/5 4215/2/5 4225/2/5
f 4227/2/5 4215/2/5 4226/2/5
f 4228/4/5 4218/4/5 4223/4/5
f 4230/2/5 4226/2/5 4225/2/5
f 4231/2/5 4226/2/5 4230/2/5
f 4232/2/5 4226/2/5 4231/2/5
f 4233/2/5 4226/2/5 4232/2/5
f 4235/4/5 4220/4/5 4219/4/5
f 4236/4/5 4229/4/5 4228/4/5
f 4236/4/5 4228/4/5 4223/4/5
f 4237/4/5 4229/4/5 4236/4/5
f 4238/4/5 4229/4/5 4237/4/5
f 4241/4/5 4235/4/5 4234/4/5
f 4242/4/5 4220/4/5 4235/4/5
f 4242/4/5 4235/4/5 4241/4/5
f 4243/4/5 4220/4/5 4242/4/5
f 4244/4/5 4239/4/5 4238/4/5
f 4244/4/5 4238/4/5 4237/4/5
f 4245/4/5 4239/4/5 4244/4/5
f 4246/2/5 4232/2/5 4231/2/5
f 4247/2/5 4232/2/5 4246/2/5
f 4248/2/5 4232/2/5 4247/2/5
f 4249/2/5 4232/2/5 4248/2/5
f 4250/4/5 4241/4/5 4240/4/5
f 4250/4/5 4242/4/5 4241/4/5
f 4251/4/5 4242/4/5 4250/4/5
f 4252/4/5 4239/4/5 4245/4/5
f 4254/2/5 4248/2/5 4247/2/5
f 4255/2/5 4248/2/5 4254/2/5
f 4256/2/5 4248/2/5 4255/2/5
f 4257/2/5 4248/2/5 4256/2/5
f 4259/4/5 4250/4/5 4240/4/5
f 4260/4/5 4253/4/5 4252/4/5
f 4260/4/5 4252/4/5 4245/4/5
f 4261/4/5 4253/4/5 4260/4/5
f 4262/4/5 4253/4/5 4261/4/5
f 4264/2/5 4256/2/5 4255/2/5
f 4265/2/5 4256/2/5 4264/2/5
f 4266/2/5 4256/2/5 4265/2/5
f 4267/2/5 4256/2/5 4266/2/5
f 4269/4/5 4259/4/5 4258/4/5
f 4270/4/5 4250/4/5 4259/4/5
f 4270/4/5 4259/4/5 4269/4/5
f 4271/4/5 4250/4/5 4270/4/5
f 4272/4/5 4263/4/5 4262/4/5
f 4272/4/5 4262/4/5 4261/4/5
f 4273/4/5 4263/4/5 4272/4/5
f 4274/4/5 4263/4/5 4273/4/5
f 4276/2/5 4266/2/5 4265/2/5
f 4277/2/5 4266/2/5 4276/2/5
f 4278/2/5 4266/2/5 4277/2/5
f 4279/2/5 4266/2/5 4278/2/5
f 4281/4/5 4269/4/5 4268/4/5
f 4281/4/5 4270/4/5 4269/4/5
f 4282/4/5 4270/4/5 4281/4/5
f 4283/4/5 4270/4/5 4282/4/5
f 4284/4/5 4275/4/5 4274/4/5
f 4284/4/5 4274/4/5 4273/4/5
f 4285/4/5 4275/4/5 4284/4/5
f 4286/4/5 4275/4/5 4285/4/5
f 4288/2/5 4278/2/5 4277/2/5
f 4289/2/5 4278/2/5 4288/2/5
f 4290/2/5 4278/2/5 4289/2/5
f 4291/2/5 4278/2/5 4290/2/5
f 4293/4/5 4282/4/5 4281/4/5
f 4293/4/5 4281/4/5 4280/4/5
f 4294/4/5 4282/4/5 4293/4/5
f 4295/4/5 4282/4/5 4294/4/5
f 4296/4/5 4287/4/5 4286/4/5
f 4296/4/5 4286/4/5 4285/4/5
f 4297/4/5 4287/4/5 4296/4/5
f 4298/4/5 4287/4/5 4297/4/5
f 4300/2/5 4290/2/5 4289/2/5
f 4301/2/5 4290/2/5 4300/2/5
f 4303/4/5 4294/4/5 4293/4/5
f 4303/4/5 4293/4/5 4292/4/5
f 4304/4/5 4294/4/5 4303/4/5
f 4305/4/5 4294/4/5 4304/4/5
f 4306/4/5 4299/4/5 4298/4/5
f 4306/4/5 4298/4/5 4297/4/5
f 4307/4/5 4299/4/5 4306/4/5
f 4308/4/5 4299/4/5 4307/4/5
f 4309/4/5 4304/4/5 4303/4/5
f 4309/4/5 4303/4/5 4302/4/5
f 4310/4/5 4304/4/5 4309/4/5
f 4311/4/5 4304/4/5 4310/4/5
f 4312/4/5 4308/4/5 4307/4/5
f 4312/4/5 4310/4/5 4309/4/5
f 4312/4/5 4309/4/5 4308/4/5
f 4313/4/5 4310/4/5 4312/4/5
f 4316/1/5 4315/1/5 4314/1/5
f 4317/1/5 4315/1/5 4316/1/5
f 4322/1/5 4319/1/5 4318/1/5
f 4323/1/5 4319/1/5 4322/1/5
f 4324/1/5 4321/1/5 4320/1/5
f 4325/1/5 4321/1/5 4324/1/5
f 4328/1/5 4327/1/5 4326/1/5
f 4329/1/5 4327/1/5 4328/1/5
f 4335/1/5 4331/1/5 4330/1/5
f 4336/1/5 4333/1/5 4332/1/5
f 4337/1/5 4333/1/5 4336/1/5
f 4338/1/5 4335/1/5 4334/1/5
f 4339/1/5 4331/1/5 4335/1/5
f 4339/1/5 4335/1/5 4338/1/5
f 4341/1/5 4340/1/5 4339/1/5
f 4342/1/5 4340/1/5 4341/1/5
f 4345/1/5 4344/1/5 4343/1/5
f 4346/1/5 4344/1/5 4345/1/5
f 4350/1/5 4348/1/5 4347/1/5
f 4351/1/5 4348/1/5 4350/1/5
f 4352/1/5 4350/1/5 4349/1/5
f 4353/1/5 4350/1/5 4352/1/5
f 4358/1/5 4355/1/5 4354/1/5
f 4359/1/5 4355/1/5 4358/1/5
f 4360/1/5 4357/1/5 4356/1/5
f 4361/1/5 4357/1/5 4360/1/5
f 4364/1/5 4363/1/5 4362/1/5
f 4365/1/5 4363/1/5 4364/1/5
f 4368/1/5 4367/1/5 4366/1/5
f 4369/1/5 4367/1/5 4368/1/5
f 4374/1/5 4371/1/5 4370/1/5
f 4375/1/5 4371/1/5 4374/1/5
f 4377/1/5 4373/1/5 4372/1/5
f 4378/1/5 4373/1/5 4377/1/5
f 4379/1/5 4376/1/5 4375/1/5
f 4380/1/5 4376/1/5 4379/1/5
f 4382/1/5 4381/1/5 4380/1/5
f 4383/1/5 4381/1/5 4382/1/5
f 4386/1/5 4385/1/5 4384/1/5
f 4387/1/5 4385/1/5 4386/1/5
f 4389/1/5 4388/1/5 4387/1/5
f 4390/1/5 4388/1/5 4389/1/5
f 4393/1/5 4392/1/5 4391/1/5
f 4394/1/5 4392/1/5 4393/1/5
f 4399/3/5 4396/3/5 4395/3/5
f 4400/3/5 4396/3/5 4399/3/5
f 4401/1/5 4398/1/5 4397/1/5
f 4402/1/5 4398/1/5 4401/1/5
f 4403/3/5 4396/3/5 4400/3/5
f 4404/3/5 4396/3/5 4403/3/5
f 4409/1/5 4406/1/5 4405/1/5
f 4410/1/5 4406/1/5 4409/1/5
f 4411/3/5 4408/3/5 4407/3/5
f 4412/3/5 4408/3/5 4411/3/5
f 4419/3/5 4414/3/5 4413/3/5
f 4420/3/5 4414/3/5 4419/3/5
f 4421/3/5 4414/3/5 4420/3/5
f 4422/3/5 4416/3/5 4415/3/5
f 4423/3/5 4416/3/5 4422/3/5
f 4425/3/5 4421/3/5 4420/3/5
f 4425/3/5 4424/3/5 4423/3/5
f 4425/3/5 4423/3/5 4422/3/5
f 4425/3/5 4422/3/5 4421/3/5
f 4426/3/5 4424/3/5 4425/3/5
f 4428/3/5 4425/3/5 4420/3/5
f 4429/3/5 4424/3/5 4426/3/5
f 4431/1/5 4428/1/5 4427/1/5
f 4432/3/5 4425/3/5 4428/3/5
f 4432/1/5 4428/1/5 4431/1/5
f 4433/3/5 4418/3/5 4417/3/5
f 4434/3/5 4418/3/5 4433/3/5
f 4435/3/5 4425/3/5 4432/3/5
f 4436/3/5 4425/3/5 4435/3/5
f 4437/3/5 4430/3/5 4429/3/5
f 4437/3/5 4429/3/5 4426/3/5
f 4438/3/5 4430/3/5 4437/3/5
f 4443/3/5 4437/3/5 4426/3/5
f 4444/3/5 4440/3/5 4439/3/5
f 4447/3/5 4442/3/5 4441/3/5
f 4447/3/5 4443/3/5 4442/3/5
f 4448/3/5 4443/3/5 4447/3/5
f 4449/3/5 4437/3/5 4443/3/5
f 4449/3/5 4443/3/5 4448/3/5
f 4450/3/5 4444/3/5 4439/3/5
f 4454/1/5 4446/1/5 4445/1/5
f 4455/3/5 4448/3/5 4447/3/5
f 4455/1/5 4446/1/5 4454/1/5
f 4455/3/5 4447/3/5 4446/3/5
f 4456/3/5 4448/3/5 4455/3/5
f 4458/3/5 4451/3/5 4450/3/5
f 4459/1/5 4453/1/5 4452/1/5
f 4460/3/5 4458/3/5 4450/3/5
f 4460/3/5 4459/3/5 4458/3/5
f 4460/3/5 4450/3/5 4439/3/5
f 4461/3/5 4459/3/5 4460/3/5
f 4462/3/5 4459/3/5 4461/3/5
f 4463/1/5 4453/1/5 4459/1/5
f 4463/3/5 4459/3/5 4462/3/5
f 4464/1/5 4453/1/5 4463/1/5
f 4465/3/5 4457/3/5 4456/3/5
f 4465/3/5 4456/3/5 4455/3/5
f 4466/3/5 4457/3/5 4465/3/5
f 4468/3/5 4462/3/5 4461/3/5
f 4469/3/5 4464/3/5 4463/3/5
f 4471/3/5 4457/3/5 4466/3/5
f 4472/3/5 4457/3/5 4471/3/5
f 4473/3/5 4468/3/5 4467/3/5
f 4474/3/5 4462/3/5 4468/3/5
f 4474/3/5 4468/3/5 4473/3/5
f 4475/3/5 4470/3/5 4469/3/5
f 4475/3/5 4469/3/5 4463/3/5
f 4476/3/5 4470/3/5 4475/3/5
f 4477/3/5 4462/3/5 4474/3/5
f 4478/3/5 4475/3/5 4463/3/5
f 4479/3/5 4477/3/5 4474/3/5
f 4479/3/5 4478/3/5 4477/3/5
f 4480/3/5 4478/3/5 4479/3/5
f 4481/3/5 4478/3/5 4480/3/5
f 4482/3/5 4475/3/5 4478/3/5
f 4482/3/5 4478/3/5 4481/3/5
f 4483/3/5 4481/3/5 4480/3/5
f 4484/3/5 4481/3/5 4483/3/5
f 4488/3/5 4486/3/5 4485/3/5
f 4489/3/5 4486/3/5 4488/3/5
f 4491/3/5 4488/3/5 4487/3/5
f 4491/3/5 4490/3/5 4489/3/5
f 4491/3/5 4489/3/5 4488/3/5
f 4492/3/5 4490/3/5 4491/3/5
f 4494/3/5 4491/3/5 4487/3/5
f 4495/3/5 4490/3/5 4492/3/5
f 4500/3/5 4498/3/5 4497/3/5
f 4501/3/5 4498/3/5 4500/3/5
f 4502/3/5 4494/3/5 4493/3/5
f 4503/3/5 4495/3/5 4492/3/5
f 4503/3/5 4496/3/5 4495/3/5
f 4504/3/5 4496/3/5 4503/3/5
f 4507/3/5 4501/3/5 4500/3/5
f 4507/3/5 4502/3/5 4501/3/5
f 4507/3/5 4500/3/5 4499/3/5
f 4508/3/5 4494/3/5 4502/3/5
f 4508/3/5 4502/3/5 4507/3/5
f 4509/3/5 4491/3/5 4494/3/5
f 4509/3/5 4494/3/5 4508/3/5
f 4511/3/5 4503/3/5 4492/3/5
f 4512/3/5 4503/3/5 4511/3/5
f 4513/3/5 4506/3/5 4505/3/5
f 4514/3/5 4506/3/5 4513/3/5
f 4517/3/5 4507/3/5 4499/3/5
f 4518/3/5 4510/3/5 4509/3/5
f 4518/3/5 4509/3/5 4508/3/5
f 4519/3/5 4510/3/5 4518/3/5
f 4520/3/5 4510/3/5 4519/3/5
f 4521/3/5 4510/3/5 4520/3/5
f 4522/3/5 4515/3/5 4514/3/5
f 4523/3/5 4515/3/5 4522/3/5
f 4524/3/5 4517/3/5 4516/3/5
f 4525/3/5 4507/3/5 4517/3/5
f 4525/3/5 4517/3/5 4524/3/5
f 4526/3/5 4518/3/5 4508/3/5
f 4527/3/5 4518/3/5 4526/3/5
f 4528/3/5 4507/3/5 4525/3/5
f 4529/1/5 4527/1/5 4526/1/5
f 4530/1/5 4527/1/5 4529/1/5
f 4533/3/5 4528/3/5 4525/3/5
f 4533/3/5 4529/3/5 4528/3/5
f 4534/3/5 4529/3/5 4533/3/5
f 4537/3/5 4533/3/5 4525/3/5
f 4538/3/5 4535/3/5 4534/3/5
f 4541/3/5 4532/3/5 4531/3/5
f 4542/3/5 4539/3/5 4538/3/5
f 4542/3/5 4538/3/5 4534/3/5
f 4543/3/5 4539/3/5 4542/3/5
f 4544/3/5 4541/3/5 4540/3/5
f 4545/3/5 4532/3/5 4541/3/5
f 4545/3/5 4541/3/5 4544/3/5
f 4546/3/5 4537/3/5 4536/3/5
f 4547/3/5 4533/3/5 4537/3/5
f 4547/3/5 4537/3/5 4546/3/5
f 4548/3/5 4539/3/5 4543/3/5
f 4549/3/5 4539/3/5 4548/3/5
f 4550/3/5 4532/3/5 4545/3/5
f 4552/3/5 4533/3/5 4547/3/5
f 4557/3/5 4552/3/5 4547/3/5
f 4557/3/5 4553/3/5 4552/3/5
f 4558/3/5 4553/3/5 4557/3/5
f 4559/3/5 4553/3/5 4558/3/5
f 4560/3/5 4556/3/5 4555/3/5
f 4560/3/5 4555/3/5 4554/3/5
f 4561/3/5 4556/3/5 4560/3/5
f 4562/3/5 4550/3/5 4545/3/5
f 4562/3/5 4551/3/5 4550/3/5
f 4563/3/5 4551/3/5 4562/3/5
f 4564/3/5 4556/3/5 4561/3/5
f 4565/3/5 4556/3/5 4564/3/5
f 4566/3/5 4556/3/5 4565/3/5
f 4567/3/5 4562/3/5 4545/3/5
f 4572/3/5 4566/3/5 4565/3/5
f 4572/3/5 4567/3/5 4566/3/5
f 4573/3/5 4567/3/5 4572/3/5
f 4574/3/5 4567/3/5 4573/3/5
f 4575/3/5 4562/3/5 4567/3/5
f 4575/3/5 4567/3/5 4574/3/5
f 4576/3/5 4574/3/5 4573/3/5
f 4577/3/5 4574/3/5 4576/3/5
f 4578/3/5 4569/3/5 4568/3/5
f 4579/3/5 4569/3/5 4578/3/5
f 4582/3/5 4571/3/5 4570/3/5
f 4583/3/5 4571/3/5 4582/3/5
f 4584/3/5 4580/3/5 4579/3/5
f 4585/3/5 4580/3/5 4584/3/5
f 4586/3/5 4582/3/5 4581/3/5
f 4587/3/5 4582/3/5 4586/3/5
f 4593/3/5 4589/3/5 4588/3/5
f 4594/3/5 4589/3/5 4593/3/5
f 4595/3/5 4591/3/5 4590/3/5
f 4596/3/5 4591/3/5 4595/3/5
f 4598/3/5 4593/3/5 4592/3/5
f 4599/3/5 4593/3/5 4598/3/5
f 4600/3/5 4597/3/5 4596/3/5
f 4601/3/5 4597/3/5 4600/3/5
f 4609/3/5 4603/3/5 4602/3/5
f 4610/3/5 4603/3/5 4609/3/5
f 4611/3/5 4605/3/5 4604/3/5
f 4612/3/5 4605/3/5 4611/3/5
f 4613/3/5 4607/3/5 4606/3/5
f 4614/3/5 4607/3/5 4613/3/5
f 4615/3/5 4609/3/5 4608/3/5
f 4616/3/5 4609/3/5 4615/3/5
f 4621/3/5 4618/3/5 4617/3/5
f 4624/3/5 4621/3/5 4617/3/5
f 4625/3/5 4621/3/5 4624/3/5
f 4626/3/5 4620/3/5 4619/3/5
f 4627/3/5 4620/3/5 4626/3/5
f 4628/3/5 4623/3/5 4622/3/5
f 4629/3/5 4623/3/5 4628/3/5
f 4634/3/5 4631/3/5 4630/3/5
f 4635/3/5 4631/3/5 4634/3/5
f 4636/3/5 4633/3/5 4632/3/5
f 4637/3/5 4633/3/5 4636/3/5
f 4643/3/5 4642/3/5 4641/3/5
f 4644/3/5 4642/3/5 4643/3/5
f 4647/3/5 4640/3/5 4639/3/5
f 4648/3/5 4640/3/5 4647/3/5
f 4649/3/5 4638/3/5 4637/3/5
f 4650/3/5 4638/3/5 4649/3/5
f 4651/3/5 4643/3/5 4641/3/5
f 4652/3/5 4643/3/5 4651/3/5
f 4653/3/5 4645/3/5 4644/3/5
f 4654/3/5 4645/3/5 4653/3/5
f 4655/3/5 4647/3/5 4646/3/5
f 4656/3/5 4647/3/5 4655/3/5
f 4659/3/5 4658/3/5 4657/3/5
f 4660/3/5 4658/3/5 4659/3/5
f 4663/3/5 4662/3/5 4661/3/5
f 4664/3/5 4662/3/5 4663/3/5
f 4670/3/5 4666/3/5 4665/3/5
f 4671/3/5 4670/3/5 4669/3/5
f 4672/3/5 4666/3/5 4670/3/5
f 4672/3/5 4670/3/5 4671/3/5
f 4673/3/5 4668/3/5 4667/3/5
f 4674/3/5 4668/3/5 4673/3/5
f 4679/3/5 4676/3/5 4675/3/5
f 4680/3/5 4676/3/5 4679/3/5
f 4681/3/5 4678/3/5 4677/3/5
f 4682/3/5 4678/3/5 4681/3/5
f 4687/3/5 4684/3/5 4683/3/5
f 4688/3/5 4684/3/5 4687/3/5
f 4689/3/5 4686/3/5 4685/3/5
f 4690/3/5 4686/3/5 4689/3/5
f 4697/3/5 4692/3/5 4691/3/5
f 4698/3/5 4692/3/5 4697/3/5
f 4699/3/5 4694/3/5 4693/3/5
f 4700/3/5 4694/3/5 4699/3/5
f 4701/3/5 4696/3/5 4695/3/5
f 4702/3/5 4696/3/5 4701/3/5
f 4707/3/5 4704/3/5 4703/3/5
f 4708/3/5 4704/3/5 4707/3/5
f 4709/3/5 4706/3/5 4705/3/5
f 4710/3/5 4706/3/5 4709/3/5
f 4713/3/5 4712/3/5 4711/3/5
f 4714/3/5 4712/3/5 4713/3/5
f 4717/3/5 4716/3/5 4715/3/5
f 4718/3/5 4716/3/5 4717/3/5
f 4721/3/5 4720/3/5 4719/3/5
f 4722/3/5 4720/3/5 4721/3/5
f 4727/3/5 4724/3/5 4723/3/5
f 4728/3/5 4724/3/5 4727/3/5
f 4729/3/5 4726/3/5 4725/3/5
f 4730/3/5 4726/3/5 4729/3/5
f 4733/3/5 4732/3/5 4731/3/5
f 4734/3/5 4732/3/5 4733/3/5
f 4737/3/5 4736/3/5 4735/3/5
f 4738/3/5 4736/3/5 4737/3/5
f 4741/3/5 4740/3/5 4739/3/5
f 4742/3/5 4740/3/5 4741/3/5
f 4745/3/5 4744/3/5 4743/3/5
f 4746/3/5 4744/3/5 4745/3/5
f 4749/3/5 4748/3/5 4747/3/5
f 4750/3/5 4748/3/5 4749/3/5
f 4753/3/5 4752/3/5 4751/3/5
f 4754/3/5 4752/3/5 4753/3/5
f 4757/3/5 4756/3/5 4755/3/5
f 4758/3/5 4756/3/5 4757/3/5
f 4761/3/5 4760/3/5 4759/3/5
f 4762/3/5 4760/3/5 4761/3/5
f 4765/3/5 4764/3/5 4763/3/5
f 4766/3/5 4764/3/5 4765/3/5
f 4767/4/6 4768/4/6 4770/4/6
f 4770/4/6 4768/4/6 4771/4/6
f 4769/4/6 4770/4/6 4774/4/6
f 4771/4/6 4772/4/6 4774/4/6
f 4770/4/6 4771/4/6 4774/4/6
f 4774/4/6 4772/4/6 4775/4/6
f 4773/4/6 4774/4/6 4778/4/6
f 4775/4/6 4776/4/6 4778/4/6
f 4774/4/6 4775/4/6 4778/4/6
f 4778/4/6 4776/4/6 4779/4/6
f 4777/4/6 4778/4/6 4782/4/6
f 4779/4/6 4780/4/6 4782/4/6
f 4778/4/6 4779/4/6 4782/4/6
f 4782/4/6 4780/4/6 4783/4/6
f 4781/4/6 4782/4/6 4786/4/6
f 4783/4/6 4784/4/6 4786/4/6
f 4782/4/6 4783/4/6 4786/4/6
f 4786/4/6 4784/4/6 4787/4/6
f 4785/4/6 4786/4/6 4787/4/6
f 4785/4/6 4787/4/6 4790/4/6
f 4787/4/6 4788/4/6 4790/4/6
f 4790/4/6 4788/4/6 4791/4/6
f 4789/4/6 4790/4/6 4794/4/6
f 4791/4/6 4792/4/6 4794/4/6
f 4790/4/6 4791/4/6 4794/4/6
f 4794/4/6 4792/4/6 4795/4/6
f 4793/4/6 4794/4/6 4798/4/6
f 4795/4/6 4796/4/6 4798/4/6
f 4794/4/6 4795/4/6 4798/4/6
f 4798/4/6 4796/4/6 4799/4/6
f 4797/4/6 4798/4/6 4801/4/6
f 4799/4/6 4800/4/6 4801/4/6
f 4798/4/6 4799/4/6 4801/4/6
f 4801/4/6 4800/4/6 4802/4/6
f 4797/4/6 4801/4/6 4803/4/6
f 4802/4/6 4800/4/6 4804/4/6
f 4797/4/6 4803/4/6 4805/4/6
f 4803/4/6 4804/4/6 4805/4/6
f 4805/4/6 4804/4/6 4806/4/6
f 4804/4/6 4800/4/6 4807/4/6
f 4806/4/6 4804/4/6 4807/4/6
f 4807/4/6 4800/4/6 4808/4/6
f 4806/4/6 4807/4/6 4809/4/6
f 4809/4/6 4807/4/6 4810/4/6
f 4810/4/6 4807/4/6 4811/4/6
f 4811/4/6 4807/4/6 4812/4/6
f 4810/4/6 4811/4/6 4813/4/6
f 4813/4/6 4811/4/6 4814/4/6
f 4814/4/6 4811/4/6 4815/4/6
f 4815/4/6 4811/4/6 4816/4/6
f 4814/4/6 4815/4/6 4817/4/6
f 4817/4/6 4815/4/6 4818/4/6
f 4818/4/6 4815/4/6 4819/4/6
f 4819/4/6 4815/4/6 4820/4/6
f 4818/4/6 4819/4/6 4821/4/6
f 4821/4/6 4819/4/6 4822/4/6
f 4822/4/6 4819/4/6 4823/4/6
f 4823/4/6 4819/4/6 4824/4/6
f 4822/4/6 4823/4/6 4825/4/6
f 4825/4/6 4823/4/6 4826/4/6
f 4826/4/6 4823/4/6 4827/4/6
f 4827/4/6 4823/4/6 4828/4/6
f 4826/4/6 4827/4/6 4829/4/6
f 4829/4/6 4827/4/6 4830/4/6
f 4830/4/6 4827/4/6 4831/4/6
f 4831/4/6 4827/4/6 4832/4/6
f 4830/4/6 4831/4/6 4833/4/6
f 4833/4/6 4831/4/6 4834/4/6
f 4834/4/6 4831/4/6 4835/4/6
f 4835/4/6 4831/4/6 4836/4/6
f 4834/4/6 4835/4/6 4837/4/6
f 4837/4/6 4835/4/6 4838/4/6
f 4839/4/6 4840/4/6 4841/4/6
f 4841/4/6 4840/4/6 4842/4/6
f 4843/2/6 4844/2/6 4846/2/6
f 4846/2/6 4844/2/6 4847/2/6
f 4845/2/6 4846/2/6 4850/2/6
f 4847/2/6 4848/2/6 4850/2/6
f 4846/2/6 4847/2/6 4850/2/6
f 4850/2/6 4848/2/6 4851/2/6
f 4849/2/6 4850/2/6 4854/2/6
f 4851/2/6 4852/2/6 4854/2/6
f 4850/2/6 4851/2/6 4854/2/6
f 4854/2/6 4852/2/6 4855/2/6
f 4853/2/6 4854/2/6 4858/2/6
f 4855/2/6 4856/2/6 4858/2/6
f 4854/2/6 4855/2/6 4858/2/6
f 4858/2/6 4856/2/6 4859/2/6
f 4857/2/6 4858/2/6 4862/2/6
f 4859/2/6 4860/2/6 4862/2/6
f 4858/2/6 4859/2/6 4862/2/6
f 4862/2/6 4860/2/6 4863/2/6
f 4861/2/6 4862/2/6 4863/2/6
f 4863/2/6 4860/2/6 4864/2/6
f 4864/2/6 4860/2/6 4865/2/6
f 4865/2/6 4860/2/6 4866/2/6
f 4866/2/6 4860/2/6 4867/2/6
f 4867/2/6 4860/2/6 4868/2/6
f 4868/2/6 4860/2/6 4869/2/6
f 4861/2/6 4863/2/6 4872/2/6
f 4872/2/6 4863/2/6 4873/2/6
f 4873/2/6 4863/2/6 4874/2/6
f 4874/2/6 4863/2/6 4875/2/6
f 4875/2/6 4863/2/6 4876/2/6
f 4864/2/6 4865/2/6 4878/2/6
f 4866/2/6 4867/2/6 4879/2/6
f 4879/2/6 4867/2/6 4880/2/6
f 4869/2/6 4870/2/6 4881/2/6
f 4868/2/6 4869/2/6 4881/2/6
f 4881/2/6 4870/2/6 4882/2/6
f 4871/2/6 4872/2/6 4885/2/6
f 4872/2/6 4873/2/6 4885/2/6
f 4885/2/6 4873/2/6 4886/2/6
f 4874/2/6 4875/2/6 4887/2/6
f 4887/2/6 4875/2/6 4888/2/6
f 4888/2/6 4875/2/6 4889/2/6
f 4877/2/6 4878/2/6 4890/2/6
f 4878/2/6 4865/2/6 4891/2/6
f 4890/2/6 4878/2/6 4891/2/6
f 4891/2/6 4865/2/6 4892/2/6
f 4882/2/6 4883/2/6 4893/2/6
f 4881/2/6 4882/2/6 4893/2/6
f 4880/2/6 4881/2/6 4893/2/6
f 4893/2/6 4883/2/6 4894/2/6
f 4889/2/6 4875/2/6 4896/2/6
f 4896/2/6 4875/2/6 4897/2/6
f 4894/2/6 4895/2/6 4900/2/6
f 4891/2/6 4892/2/6 4900/2/6
f 4893/2/6 4894/2/6 4900/2/6
f 4892/2/6 4893/2/6 4900/2/6
f 4900/2/6 4895/2/6 4901/2/6
f 4885/2/6 4886/2/6 4902/2/6
f 4884/2/6 4885/2/6 4902/2/6
f 4886/2/6 4887/2/6 4902/2/6
f 4887/2/6 4888/2/6 4902/2/6
f 4897/2/6 4898/2/6 4903/2/6
f 4903/2/6 4898/2/6 4904/2/6
f 4899/2/6 4900/2/6 4905/2/6
f 4901/2/6 4895/2/6 4906/2/6
f 4906/2/6 4895/2/6 4907/2/6
f 4884/2/6 4902/2/6 4909/2/6
f 4904/2/6 4905/2/6 4909/2/6
f 4903/2/6 4904/2/6 4909/2/6
f 4902/2/6 4903/2/6 4909/2/6
f 4909/2/6 4905/2/6 4910/2/6
f 4910/2/6 4905/2/6 4911/2/6
f 4911/2/6 4905/2/6 4912/2/6
f 4912/2/6 4905/2/6 4913/2/6
f 4905/2/6 4900/2/6 4914/2/6
f 4913/2/6 4905/2/6 4914/2/6
f 4914/2/6 4900/2/6 4915/2/6
f 4901/2/6 4906/2/6 4916/2/6
f 4916/2/6 4906/2/6 4917/2/6
f 4907/2/6 4895/2/6 4919/2/6
f 4919/2/6 4895/2/6 4920/2/6
f 4920/2/6 4895/2/6 4921/2/6
f 4913/2/6 4914/2/6 4923/2/6
f 4923/2/6 4914/2/6 4924/2/6
f 4924/2/6 4914/2/6 4925/2/6
f 4901/2/6 4916/2/6 4927/2/6
f 4927/2/6 4916/2/6 4928/2/6
f 4917/2/6 4918/2/6 4930/2/6
f 4930/2/6 4918/2/6 4931/2/6
f 4908/2/6 4909/2/6 4933/2/6
f 4909/2/6 4910/2/6 4933/2/6
f 4933/2/6 4910/2/6 4934/2/6
f 4911/2/6 4912/2/6 4935/2/6
f 4935/2/6 4912/2/6 4936/2/6
f 4913/2/6 4923/2/6 4937/2/6
f 4937/2/6 4923/2/6 4938/2/6
f 4925/2/6 4926/2/6 4939/2/6
f 4924/2/6 4925/2/6 4939/2/6
f 4939/2/6 4926/2/6 4940/2/6
f 4940/2/6 4926/2/6 4941/2/6
f 4931/2/6 4932/2/6 4943/2/6
f 4930/2/6 4931/2/6 4943/2/6
f 4929/2/6 4930/2/6 4943/2/6
f 4921/2/6 4922/2/6 4944/2/6
f 4920/2/6 4921/2/6 4944/2/6
f 4944/2/6 4922/2/6 4945/2/6
f 4934/2/6 4910/2/6 4946/2/6
f 4941/2/6 4942/2/6 4948/2/6
f 4940/2/6 4941/2/6 4948/2/6
f 4929/2/6 4943/2/6 4949/2/6
f 4943/2/6 4944/2/6 4949/2/6
f 4949/2/6 4944/2/6 4950/2/6
f 4908/2/6 4933/2/6 4952/2/6
f 4946/2/6 4947/2/6 4953/2/6
f 4934/2/6 4946/2/6 4953/2/6
f 4936/2/6 4937/2/6 4954/2/6
f 4940/2/6 4948/2/6 4956/2/6
f 4949/2/6 4950/2/6 4956/2/6
f 4950/2/6 4951/2/6 4956/2/6
f 4948/2/6 4949/2/6 4956/2/6
f 4956/2/6 4951/2/6 4957/2/6
f 4957/2/6 4951/2/6 4958/2/6
f 4958/2/6 4951/2/6 4959/2/6
f 4952/2/6 4953/2/6 4960/2/6
f 4953/2/6 4947/2/6 4960/2/6
f 4954/2/6 4955/2/6 4961/2/6
f 4936/2/6 4954/2/6 4961/2/6
f 4940/2/6 4956/2/6 4962/2/6
f 4957/2/6 4958/2/6 4963/2/6
f 4960/2/6 4961/2/6 4964/2/6
f 4961/2/6 4955/2/6 4964/2/6
f 4964/2/6 4955/2/6 4965/2/6
f 4959/2/6 4951/2/6 4966/2/6
f 4966/2/6 4951/2/6 4967/2/6
f 4967/2/6 4951/2/6 4968/2/6
f 4945/2/6 4922/2/6 4969/2/6
f 4952/2/6 4960/2/6 4970/2/6
f 4960/2/6 4964/2/6 4970/2/6
f 4970/2/6 4964/2/6 4971/2/6
f 4971/2/6 4964/2/6 4972/2/6
f 4972/2/6 4964/2/6 4973/2/6
f 4962/2/6 4963/2/6 4976/2/6
f 4940/2/6 4962/2/6 4976/2/6
f 4976/2/6 4963/2/6 4977/2/6
f 4977/2/6 4963/2/6 4978/2/6
f 4963/2/6 4958/2/6 4979/2/6
f 4978/2/6 4963/2/6 4979/2/6
f 4968/2/6 4969/2/6 4980/2/6
f 4967/2/6 4968/2/6 4980/2/6
f 4973/2/6 4974/2/6 4981/2/6
f 4976/2/6 4977/2/6 4982/2/6
f 4975/2/6 4976/2/6 4982/2/6
f 4982/2/6 4977/2/6 4983/2/6
f 4983/2/6 4977/2/6 4984/2/6
f 4952/2/6 4970/2/6 4985/2/6
f 4971/2/6 4972/2/6 4986/2/6
f 4986/2/6 4972/2/6 4987/2/6
f 4987/2/6 4972/2/6 4988/2/6
f 4988/2/6 4972/2/6 4989/2/6
f 4973/2/6 4981/2/6 4990/2/6
f 4981/2/6 4982/2/6 4990/2/6
f 4982/2/6 4983/2/6 4990/2/6
f 4990/2/6 4983/2/6 4991/2/6
f 4978/2/6 4979/2/6 4992/2/6
f 4979/2/6 4980/2/6 4992/2/6
f 4992/2/6 4980/2/6 4993/2/6
f 4993/2/6 4980/2/6 4994/2/6
f 4908/2/6 4952/2/6 4995/2/6
f 4952/2/6 4985/2/6 4995/2/6
f 4986/2/6 4987/2/6 4995/2/6
f 4985/2/6 4986/2/6 4995/2/6
f 4995/2/6 4987/2/6 4996/2/6
f 4996/2/6 4987/2/6 4997/2/6
f 4990/2/6 4991/2/6 4999/2/6
f 4989/2/6 4990/2/6 4999/2/6
f 4988/2/6 4989/2/6 4999/2/6
f 4992/2/6 4993/2/6 4999/2/6
f 4991/2/6 4992/2/6 4999/2/6
f 4999/2/6 4993/2/6 5000/2/6
f 4994/2/6 4980/2/6 5001/2/6
f 4969/2/6 4922/2/6 5001/2/6
f 4980/2/6 4969/2/6 5001/2/6
f 5001/2/6 4922/2/6 5002/2/6
f 4997/2/6 4998/2/6 5003/2/6
f 4996/2/6 4997/2/6 5003/2/6
f 4988/2/6 4999/2/6 5004/2/6
f 5004/2/6 4999/2/6 5005/2/6
f 5000/2/6 4993/2/6 5006/2/6
f 5004/2/6 5005/2/6 5007/2/6
f 5005/2/6 5006/2/6 5007/2/6
f 5003/2/6 5004/2/6 5007/2/6
f 5007/2/6 5006/2/6 5008/2/6
f 5006/2/6 4993/2/6 5009/2/6
f 5008/2/6 5006/2/6 5009/2/6
f 5009/2/6 4993/2/6 5010/2/6
f 5010/2/6 4993/2/6 5011/2/6
f 4994/2/6 5001/2/6 5012/2/6
f 4996/2/6 5003/2/6 5013/2/6
f 5003/2/6 5007/2/6 5013/2/6
f 5013/2/6 5007/2/6 5014/2/6
f 5014/2/6 5007/2/6 5015/2/6
f 5008/2/6 5009/2/6 5016/2/6
f 5011/2/6 5012/2/6 5017/2/6
f 5010/2/6 5011/2/6 5017/2/6
f 5012/2/6 5001/2/6 5017/2/6
f 5017/2/6 5001/2/6 5018/2/6
f 5015/2/6 5016/2/6 5019/2/6
f 5014/2/6 5015/2/6 5019/2/6
f 5019/2/6 5016/2/6 5020/2/6
f 5016/2/6 5009/2/6 5021/2/6
f 5020/2/6 5016/2/6 5021/2/6
f 5010/2/6 5017/2/6 5022/2/6
f 5022/2/6 5017/2/6 5023/2/6
f 5023/2/6 5017/2/6 5024/2/6
f 5020/2/6 5021/2/6 5025/2/6
f 5022/2/6 5023/2/6 5025/2/6
f 5021/2/6 5022/2/6 5025/2/6
f 5025/2/6 5023/2/6 5026/2/6
f 5020/2/6 5025/2/6 5027/2/6
f 5027/2/6 5025/2/6 5028/2/6
f 5028/2/6 5025/2/6 5029/2/6
f 5026/2/6 5023/2/6 5030/2/6
f 5030/2/6 5023/2/6 5031/2/6
f 5031/2/6 5023/2/6 5032/2/6
f 5028/2/6 5029/2/6 5033/2/6
f 5030/2/6 5031/2/6 5033/2/6
f 5029/2/6 5030/2/6 5033/2/6
f 5033/2/6 5031/2/6 5034/2/6
f 5034/2/6 5031/2/6 5035/2/6
f 5035/2/6 5031/2/6 5036/2/6
f 5034/2/6 5035/2/6 5037/2/6
f 5037/2/6 5035/2/6 5038/2/6
f 5038/2/6 5035/2/6 5039/2/6
f 5039/2/6 5035/2/6 5040/2/6
f 5038/2/6 5039/2/6 5041/2/6
f 5041/2/6 5039/2/6 5042/2/6
f 5042/2/6 5039/2/6 5043/2/6
f 5043/2/6 5039/2/6 5044/2/6
f 5042/2/6 5043/2/6 5045/2/6
f 5045/2/6 5043/2/6 5046/2/6
f 5046/2/6 5043/2/6 5047/2/6
f 5047/2/6 5043/2/6 5048/2/6
f 5046/2/6 5047/2/6 5049/2/6
f 5049/2/6 5047/2/6 5050/2/6
f 5051/1/6 5052/1/6 5060/1/6
f 5060/1/6 5052/1/6 5061/1/6
f 5061/1/6 5052/1/6 5062/1/6
f 5053/1/6 5054/1/6 5063/1/6
f 5055/1/6 5056/1/6 5064/1/6
f 5064/1/6 5056/1/6 5065/1/6
f 5057/1/6 5058/1/6 5066/1/6
f 5066/1/6 5058/1/6 5067/1/6
f 5059/1/6 5060/1/6 5070/1/6
f 5060/1/6 5061/1/6 5070/1/6
f 5063/1/6 5064/1/6 5072/1/6
f 5053/1/6 5063/1/6 5072/1/6
f 5072/1/6 5064/1/6 5073/1/6
f 5068/1/6 5069/1/6 5074/1/6
f 5070/1/6 5071/1/6 5076/1/6
f 5059/1/6 5070/1/6 5076/1/6
f 5076/1/6 5071/1/6 5077/1/6
f 5077/1/6 5071/1/6 5078/1/6
f 5078/1/6 5071/1/6 5079/1/6
f 5074/1/6 5075/1/6 5081/1/6
f 5068/1/6 5074/1/6 5081/1/6
f 5075/1/6 5076/1/6 5081/1/6
f 5081/1/6 5076/1/6 5082/1/6
f 5077/1/6 5078/1/6 5083/1/6
f 5083/1/6 5078/1/6 5084/1/6
f 5079/1/6 5080/1/6 5085/1/6
f 5085/1/6 5080/1/6 5086/1/6
f 5087/1/6 5088/1/6 5097/1/6
f 5097/1/6 5088/1/6 5098/1/6
f 5098/1/6 5088/1/6 5099/1/6
f 5094/1/6 5095/1/6 5103/1/6
f 5093/1/6 5094/1/6 5103/1/6
f 5103/1/6 5095/1/6 5104/1/6
f 5104/1/6 5095/1/6 5105/1/6
f 5096/1/6 5097/1/6 5106/1/6
f 5106/1/6 5097/1/6 5107/1/6
f 5107/1/6 5097/1/6 5108/1/6
f 5098/1/6 5099/1/6 5109/1/6
f 5099/1/6 5100/1/6 5109/1/6
f 5109/1/6 5100/1/6 5110/1/6
f 5089/1/6 5090/1/6 5113/1/6
f 5091/1/6 5092/1/6 5114/1/6
f 5114/1/6 5092/1/6 5115/1/6
f 5101/1/6 5102/1/6 5117/1/6
f 5117/1/6 5102/1/6 5118/1/6
f 5104/1/6 5105/1/6 5119/1/6
f 5106/1/6 5107/1/6 5119/1/6
f 5105/1/6 5106/1/6 5119/1/6
f 5119/1/6 5107/1/6 5120/1/6
f 5110/1/6 5100/1/6 5121/1/6
f 5121/1/6 5100/1/6 5122/1/6
f 5089/1/6 5113/1/6 5124/1/6
f 5113/1/6 5114/1/6 5124/1/6
f 5124/1/6 5114/1/6 5125/1/6
f 5120/1/6 5107/1/6 5126/1/6
f 5126/1/6 5107/1/6 5127/1/6
f 5122/1/6 5123/1/6 5128/1/6
f 5128/1/6 5123/1/6 5129/1/6
f 5111/1/6 5112/1/6 5130/1/6
f 5130/1/6 5112/1/6 5131/1/6
f 5115/1/6 5116/1/6 5132/1/6
f 5132/1/6 5116/1/6 5133/1/6
f 5133/1/6 5116/1/6 5134/1/6
f 5125/1/6 5114/1/6 5139/1/6
f 5139/1/6 5114/1/6 5140/1/6
f 5135/1/6 5136/1/6 5143/1/6
f 5143/1/6 5136/1/6 5144/1/6
f 5141/1/6 5142/1/6 5146/1/6
f 5137/1/6 5138/1/6 5147/1/6
f 5129/1/6 5123/1/6 5149/1/6
f 5149/1/6 5123/1/6 5150/1/6
f 5145/1/6 5146/1/6 5154/1/6
f 5146/1/6 5142/1/6 5155/1/6
f 5154/1/6 5146/1/6 5155/1/6
f 5147/1/6 5148/1/6 5160/1/6
f 5137/1/6 5147/1/6 5160/1/6
f 5160/1/6 5148/1/6 5161/1/6
f 5156/1/6 5157/1/6 5162/1/6
f 5162/1/6 5157/1/6 5163/1/6
f 5158/1/6 5159/1/6 5165/1/6
f 5151/1/6 5152/1/6 5166/1/6
f 5166/1/6 5152/1/6 5167/1/6
f 5153/1/6 5154/1/6 5170/1/6
f 5170/1/6 5154/1/6 5171/1/6
f 5164/1/6 5165/1/6 5172/1/6
f 5165/1/6 5159/1/6 5173/1/6
f 5172/1/6 5165/1/6 5173/1/6
f 5168/1/6 5169/1/6 5176/1/6
f 5176/1/6 5169/1/6 5177/1/6
f 5177/1/6 5169/1/6 5180/1/6
f 5180/1/6 5169/1/6 5181/1/6
f 5178/1/6 5179/1/6 5182/1/6
f 5182/1/6 5179/1/6 5183/1/6
f 5174/1/6 5175/1/6 5188/1/6
f 5188/1/6 5175/1/6 5189/1/6
f 5184/1/6 5185/1/6 5190/1/6
f 5190/1/6 5185/1/6 5191/1/6
f 5186/1/6 5187/1/6 5192/1/6
f 5192/1/6 5187/1/6 5193/1/6
f 5194/1/6 5195/1/6 5196/1/6
f 5196/1/6 5195/1/6 5197/1/6
f 5198/1/6 5199/1/6 5200/1/6
f 5200/1/6 5199/1/6 5201/1/6
f 5202/1/6 5203/1/6 5204/1/6
f 5204/1/6 5203/1/6 5205/1/6
f 5206/1/6 5207/1/6 5209/1/6
f 5209/1/6 5207/1/6 5210/1/6
f 5208/1/6 5209/1/6 5212/1/6
f 5210/1/6 5211/1/6 5212/1/6
f 5209/1/6 5210/1/6 5212/1/6
f 5212/1/6 5211/1/6 5213/1/6
f 5214/1/6 5215/1/6 5217/1/6
f 5215/1/6 5216/1/6 5217/1/6
f 5217/1/6 5216/1/6 5218/1/6
f 5218/1/6 5216/1/6 5219/1/6
f 5220/1/6 5221/1/6 5224/1/6
f 5224/1/6 5221/1/6 5225/1/6
f 5222/1/6 5223/1/6 5226/1/6
f 5226/1/6 5223/1/6 5227/1/6
f 5228/1/6 5229/1/6 5232/1/6
f 5232/1/6 5229/1/6 5233/1/6
f 5230/1/6 5231/1/6 5234/1/6
f 5234/1/6 5231/1/6 5235/1/6
f 5236/1/6 5237/1/6 5238/1/6
f 5238/1/6 5237/1/6 5239/1/6
f 5240/4/6 5241/4/6 5243/4/6
f 5243/4/6 5241/4/6 5244/4/6
f 5244/4/6 5241/4/6 5245/4/6
f 5245/4/6 5241/4/6 5246/4/6
f 5242/4/6 5243/4/6 5249/4/6
f 5243/4/6 5244/4/6 5249/4/6
f 5249/4/6 5244/4/6 5250/4/6
f 5250/4/6 5244/4/6 5251/4/6
f 5245/4/6 5246/4/6 5252/4/6
f 5246/4/6 5247/4/6 5252/4/6
f 5252/4/6 5247/4/6 5253/4/6
f 5253/4/6 5247/4/6 5254/4/6
f 5249/4/6 5250/4/6 5257/4/6
f 5248/4/6 5249/4/6 5257/4/6
f 5257/4/6 5250/4/6 5258/4/6
f 5258/4/6 5250/4/6 5259/4/6
f 5254/4/6 5255/4/6 5260/4/6
f 5253/4/6 5254/4/6 5260/4/6
f 5260/4/6 5255/4/6 5261/4/6
f 5261/4/6 5255/4/6 5262/4/6
f 5257/4/6 5258/4/6 5265/4/6
f 5256/4/6 5257/4/6 5265/4/6
f 5265/4/6 5258/4/6 5266/4/6
f 5266/4/6 5258/4/6 5267/4/6
f 5262/4/6 5263/4/6 5268/4/6
f 5261/4/6 5262/4/6 5268/4/6
f 5268/4/6 5263/4/6 5269/4/6
f 5269/4/6 5263/4/6 5270/4/6
f 5265/4/6 5266/4/6 5273/4/6
f 5264/4/6 5265/4/6 5273/4/6
f 5273/4/6 5266/4/6 5274/4/6
f 5274/4/6 5266/4/6 5275/4/6
f 5270/4/6 5271/4/6 5276/4/6
f 5269/4/6 5270/4/6 5276/4/6
f 5276/4/6 5271/4/6 5277/4/6
f 5273/4/6 5274/4/6 5278/4/6
f 5272/4/6 5273/4/6 5278/4/6
f 5278/4/6 5274/4/6 5279/4/6
f 5277/4/6 5271/4/6 5280/4/6
f 5272/4/6 5278/4/6 5283/4/6
f 5280/4/6 5281/4/6 5284/4/6
f 5277/4/6 5280/4/6 5284/4/6
f 5284/4/6 5281/4/6 5285/4/6
f 5285/4/6 5281/4/6 5286/4/6
f 5282/4/6 5283/4/6 5289/4/6
f 5283/4/6 5278/4/6 5290/4/6
f 5289/4/6 5283/4/6 5290/4/6
f 5290/4/6 5278/4/6 5291/4/6
f 5285/4/6 5286/4/6 5292/4/6
f 5286/4/6 5287/4/6 5292/4/6
f 5292/4/6 5287/4/6 5293/4/6
f 5293/4/6 5287/4/6 5294/4/6
f 5288/4/6 5289/4/6 5296/4/6
f 5289/4/6 5290/4/6 5296/4/6
f 5296/4/6 5290/4/6 5297/4/6
f 5294/4/6 5295/4/6 5298/4/6
f 5293/4/6 5294/4/6 5298/4/6
f 5298/4/6 5295/4/6 5299/4/6
f 5288/4/6 5296/4/6 5301/4/6
f 5299/4/6 5295/4/6 5302/4/6
f 5300/4/6 5301/4/6 5304/4/6
f 5301/4/6 5296/4/6 5304/4/6
f 5304/4/6 5296/4/6 5305/4/6
f 5302/4/6 5303/4/6 5306/4/6
f 5299/4/6 5302/4/6 5306/4/6
f 5306/4/6 5303/4/6 5307/4/6
f 5308/1/6 5309/1/6 5312/1/6
f 5312/1/6 5309/1/6 5313/1/6
f 5310/1/6 5311/1/6 5314/1/6
f 5314/1/6 5311/1/6 5315/1/6
f 5316/1/6 5317/1/6 5318/1/6
f 5318/1/6 5317/1/6 5319/1/6
f 5300/4/6 5304/4/6 5320/4/6
f 5307/4/6 5303/4/6 5323/4/6
f 5323/4/6 5303/4/6 5324/4/6
f 5300/4/6 5320/4/6 5325/4/6
f 5320/4/6 5321/4/6 5325/4/6
f 5325/4/6 5321/4/6 5326/4/6
f 5326/4/6 5321/4/6 5327/4/6
f 5322/4/6 5323/4/6 5330/4/6
f 5327/4/6 5328/4/6 5331/4/6
f 5326/4/6 5327/4/6 5331/4/6
f 5331/4/6 5328/4/6 5332/4/6
f 5332/4/6 5328/4/6 5333/4/6
f 5329/4/6 5330/4/6 5336/4/6
f 5330/4/6 5323/4/6 5337/4/6
f 5336/4/6 5330/4/6 5337/4/6
f 5337/4/6 5323/4/6 5338/4/6
f 5333/4/6 5334/4/6 5339/4/6
f 5332/4/6 5333/4/6 5339/4/6
f 5339/4/6 5334/4/6 5340/4/6
f 5335/4/6 5336/4/6 5341/4/6
f 5336/4/6 5337/4/6 5341/4/6
f 5341/4/6 5337/4/6 5342/4/6
f 5340/4/6 5334/4/6 5343/4/6
f 5335/4/6 5341/4/6 5346/4/6
f 5343/4/6 5344/4/6 5347/4/6
f 5340/4/6 5343/4/6 5347/4/6
f 5347/4/6 5344/4/6 5348/4/6
f 5348/4/6 5344/4/6 5349/4/6
f 5345/4/6 5346/4/6 5352/4/6
f 5346/4/6 5341/4/6 5353/4/6
f 5352/4/6 5346/4/6 5353/4/6
f 5353/4/6 5341/4/6 5354/4/6
f 5349/4/6 5350/4/6 5355/4/6
f 5348/4/6 5349/4/6 5355/4/6
f 5355/4/6 5350/4/6 5356/4/6
f 5356/4/6 5350/4/6 5357/4/6
f 5351/4/6 5352/4/6 5360/4/6
f 5352/4/6 5353/4/6 5360/4/6
f 5360/4/6 5353/4/6 5361/4/6
f 5361/4/6 5353/4/6 5362/4/6
f 5357/4/6 5358/4/6 5363/4/6
f 5356/4/6 5357/4/6 5363/4/6
f 5363/4/6 5358/4/6 5364/4/6
f 5364/4/6 5358/4/6 5365/4/6
f 5360/4/6 5361/4/6 5368/4/6
f 5359/4/6 5360/4/6 5368/4/6
f 5368/4/6 5361/4/6 5369/4/6
f 5369/4/6 5361/4/6 5370/4/6
f 5365/4/6 5366/4/6 5371/4/6
f 5364/4/6 5365/4/6 5371/4/6
f 5371/4/6 5366/4/6 5372/4/6
f 5372/4/6 5366/4/6 5373/4/6
f 5368/4/6 5369/4/6 5376/4/6
f 5367/4/6 5368/4/6 5376/4/6
f 5376/4/6 5369/4/6 5377/4/6
f 5377/4/6 5369/4/6 5378/4/6
f 5373/4/6 5374/4/6 5379/4/6
f 5372/4/6 5373/4/6 5379/4/6
f 5379/4/6 5374/4/6 5380/4/6
f 5380/4/6 5374/4/6 5381/4/6
f 5376/4/6 5377/4/6 5382/4/6
f 5375/4/6 5376/4/6 5382/4/6
f 5382/4/6 5377/4/6 5383/4/6
f 5383/4/6 5377/4/6 5384/4/6
f 5380/4/6 5381/4/6 5385/4/6
f 5382/4/6 5383/4/6 5385/4/6
f 5381/4/6 5382/4/6 5385/4/6
f 5385/4/6 5383/4/6 5386/4/6
f 5387/1/6 5388/1/6 5389/1/6
f 5389/1/6 5388/1/6 5390/1/6
f 5390/1/6 5391/1/6 5392/1/6
f 5392/1/6 5391/1/6 5393/1/6
f 5394/1/6 5395/1/6 5397/1/6
f 5395/1/6 5396/1/6 5397/1/6
f 5397/1/6 5396/1/6 5398/1/6
f 5398/1/6 5399/1/6 5400/1/6
f 5400/1/6 5399/1/6 5401/1/6
f 5402/1/6 5403/1/6 5404/1/6
f 5404/1/6 5403/1/6 5405/1/6
f 5406/1/6 5407/1/6 5408/1/6
f 5408/1/6 5407/1/6 5409/1/6
f 5410/1/6 5411/1/6 5412/1/6
f 5412/1/6 5411/1/6 5413/1/6
f 5414/1/6 5415/1/6 5416/1/6
f 5416/1/6 5415/1/6 5417/1/6
f 5418/1/6 5419/1/6 5420/1/6
f 5420/1/6 5419/1/6 5421/1/6
f 5422/1/6 5423/1/6 5426/1/6
f 5426/1/6 5423/1/6 5427/1/6
f 5424/1/6 5425/1/6 5428/1/6
f 5428/1/6 5425/1/6 5429/1/6
f 5430/1/6 5431/1/6 5432/1/6
f 5432/1/6 5431/1/6 5433/1/6
f 5434/1/6 5435/1/6 5436/1/6
f 5436/1/6 5435/1/6 5437/1/6
f 5438/3/6 5439/3/6 5440/3/6
f 5440/3/6 5439/3/6 5441/3/6
f 5442/3/6 5443/3/6 5446/3/6
f 5446/3/6 5443/3/6 5447/3/6
f 5444/3/6 5445/3/6 5448/3/6
f 5448/3/6 5445/3/6 5449/3/6
f 5450/3/6 5451/3/6 5454/3/6
f 5454/3/6 5451/3/6 5455/3/6
f 5452/3/6 5453/3/6 5456/3/6
f 5456/3/6 5453/3/6 5457/3/6
f 5458/3/6 5459/3/6 5462/3/6
f 5462/3/6 5459/3/6 5463/3/6
f 5460/3/6 5461/3/6 5464/3/6
f 5464/3/6 5461/3/6 5465/3/6
f 5466/3/6 5467/3/6 5468/3/6
f 5468/3/6 5467/3/6 5469/3/6
f 5470/3/6 5471/3/6 5472/3/6
f 5472/3/6 5471/3/6 5473/3/6
f 5473/3/6 5474/3/6 5479/3/6
f 5479/3/6 5474/3/6 5480/3/6
f 5475/3/6 5476/3/6 5481/3/6
f 5481/3/6 5476/3/6 5482/3/6
f 5477/3/6 5478/3/6 5483/3/6
f 5483/3/6 5478/3/6 5484/3/6
f 5485/3/6 5486/3/6 5487/3/6
f 5487/3/6 5486/3/6 5488/3/6
f 5489/3/6 5490/3/6 5491/3/6
f 5491/3/6 5490/3/6 5492/3/6
f 5493/3/6 5494/3/6 5495/3/6
f 5495/3/6 5494/3/6 5496/3/6
f 5499/3/6 5500/3/6 5501/3/6
f 5501/3/6 5500/3/6 5502/3/6
f 5497/3/6 5498/3/6 5503/3/6
f 5503/3/6 5498/3/6 5504/3/6
f 5505/3/6 5506/3/6 5509/3/6
f 5509/3/6 5506/3/6 5510/3/6
f 5507/3/6 5508/3/6 5513/3/6
f 5513/3/6 5508/3/6 5514/3/6
f 5511/3/6 5512/3/6 5517/3/6
f 5517/3/6 5512/3/6 5518/3/6
f 5515/3/6 5516/3/6 5522/3/6
f 5522/3/6 5516/3/6 5523/3/6
f 5519/3/6 5520/3/6 5526/3/6
f 5526/3/6 5520/3/6 5527/3/6
f 5521/3/6 5522/3/6 5530/3/6
f 5530/3/6 5522/3/6 5531/3/6
f 5524/3/6 5525/3/6 5532/3/6
f 5532/3/6 5525/3/6 5533/3/6
f 5527/3/6 5528/3/6 5534/3/6
f 5534/3/6 5528/3/6 5535/3/6
f 5529/3/6 5530/3/6 5536/3/6
f 5536/3/6 5530/3/6 5537/3/6
f 5538/3/6 5539/3/6 5542/3/6
f 5542/3/6 5539/3/6 5543/3/6
f 5540/3/6 5541/3/6 5544/3/6
f 5544/3/6 5541/3/6 5545/3/6
f 5545/3/6 5546/3/6 5547/3/6
f 5547/3/6 5546/3/6 5548/3/6
f 5549/3/6 5550/3/6 5551/3/6
f 5551/3/6 5550/3/6 5552/3/6
f 5553/3/6 5554/3/6 5558/3/6
f 5558/3/6 5554/3/6 5559/3/6
f 5556/3/6 5557/3/6 5560/3/6
f 5555/3/6 5556/3/6 5560/3/6
f 5560/3/6 5557/3/6 5561/3/6
f 5561/3/6 5562/3/6 5565/3/6
f 5565/3/6 5562/3/6 5566/3/6
f 5563/3/6 5564/3/6 5567/3/6
f 5567/3/6 5564/3/6 5568/3/6
f 5568/3/6 5569/3/6 5572/3/6
f 5572/3/6 5569/3/6 5573/3/6
f 5573/3/6 5569/3/6 5574/3/6
f 5574/3/6 5575/3/6 5576/3/6
f 5573/3/6 5574/3/6 5576/3/6
f 5576/3/6 5575/3/6 5577/3/6
f 5570/3/6 5571/3/6 5583/3/6
f 5583/3/6 5571/3/6 5584/3/6
f 5577/3/6 5575/3/6 5585/3/6
f 5578/3/6 5579/3/6 5586/3/6
f 5580/3/6 5581/3/6 5587/3/6
f 5587/3/6 5581/3/6 5588/3/6
f 5582/3/6 5583/3/6 5589/3/6
f 5589/3/6 5583/3/6 5590/3/6
f 5585/3/6 5586/3/6 5591/3/6
f 5577/3/6 5585/3/6 5591/3/6
f 5591/3/6 5586/3/6 5592/3/6
f 5592/3/6 5586/3/6 5593/3/6
f 5586/3/6 5579/3/6 5594/3/6
f 5593/3/6 5586/3/6 5594/3/6
f 5592/3/6 5593/3/6 5595/3/6
f 5595/3/6 5593/3/6 5596/3/6
f 5597/3/6 5598/3/6 5600/3/6
f 5600/3/6 5598/3/6 5601/3/6
f 5599/3/6 5600/3/6 5603/3/6
f 5601/3/6 5602/3/6 5603/3/6
f 5600/3/6 5601/3/6 5603/3/6
f 5603/3/6 5602/3/6 5604/3/6
f 5604/3/6 5602/3/6 5605/3/6
f 5605/3/6 5602/3/6 5606/3/6
f 5607/3/6 5608/3/6 5609/3/6
f 5607/3/6 5609/3/6 5611/3/6
f 5609/3/6 5610/3/6 5611/3/6
f 5611/3/6 5610/3/6 5612/3/6
f 5612/3/6 5610/3/6 5613/3/6
f 5612/3/6 5613/3/6 5615/3/6
f 5613/3/6 5614/3/6 5615/3/6
f 5615/3/6 5614/3/6 5616/3/6
f 5612/3/6 5615/3/6 5618/3/6
f 5619/3/6 5620/3/6 5622/3/6
f 5620/3/6 5621/3/6 5622/3/6
f 5622/3/6 5621/3/6 5623/3/6
f 5617/3/6 5618/3/6 5624/3/6
f 5618/3/6 5615/3/6 5625/3/6
f 5624/3/6 5618/3/6 5625/3/6
f 5623/3/6 5621/3/6 5626/3/6
f 5625/3/6 5615/3/6 5628/3/6
f 5625/3/6 5628/3/6 5630/3/6
f 5628/3/6 5629/3/6 5630/3/6
f 5630/3/6 5629/3/6 5631/3/6
f 5626/3/6 5627/3/6 5632/3/6
f 5623/3/6 5626/3/6 5632/3/6
f 5632/3/6 5627/3/6 5633/3/6
f 5631/3/6 5629/3/6 5634/3/6
f 5634/3/6 5629/3/6 5635/3/6
f 5635/3/6 5629/3/6 5636/3/6
f 5623/3/6 5632/3/6 5639/3/6
f 5636/3/6 5637/3/6 5640/3/6
f 5635/3/6 5636/3/6 5640/3/6
f 5638/3/6 5639/3/6 5641/3/6
f 5641/3/6 5639/3/6 5642/3/6
f 5642/3/6 5639/3/6 5643/3/6
f 5639/3/6 5632/3/6 5644/3/6
f 5643/3/6 5639/3/6 5644/3/6
f 5635/3/6 5640/3/6 5645/3/6
f 5645/3/6 5640/3/6 5646/3/6
f 5642/3/6 5643/3/6 5647/3/6
f 5647/3/6 5643/3/6 5648/3/6
f 5649/3/6 5650/3/6 5651/3/6
f 5651/3/6 5650/3/6 5652/3/6
f 5649/3/6 5651/3/6 5653/3/6
f 5653/3/6 5651/3/6 5654/3/6
f 5656/3/6 5657/3/6 5660/3/6
f 5655/3/6 5656/3/6 5660/3/6
f 5660/3/6 5657/3/6 5661/3/6
f 5658/3/6 5659/3/6 5663/3/6
f 5662/3/6 5663/3/6 5664/3/6
f 5663/3/6 5659/3/6 5665/3/6
f 5664/3/6 5663/3/6 5665/3/6
f 5666/3/6 5667/3/6 5670/3/6
f 5670/3/6 5667/3/6 5671/3/6
f 5668/3/6 5669/3/6 5672/3/6
f 5672/3/6 5669/3/6 5673/3/6
f 5674/3/6 5675/3/6 5676/3/6
f 5676/3/6 5675/3/6 5677/3/6
f 5678/3/6 5679/3/6 5680/3/6
f 5680/3/6 5679/3/6 5681/3/6
f 5682/3/6 5683/3/6 5684/3/6
f 5684/3/6 5683/3/6 5685/3/6
f 5686/3/6 5687/3/6 5690/3/6
f 5690/3/6 5687/3/6 5691/3/6
f 5688/3/6 5689/3/6 5692/3/6
f 5692/3/6 5689/3/6 5693/3/6
f 5694/3/6 5695/3/6 5696/3/6
f 5696/3/6 5695/3/6 5697/3/6
f 5698/3/6 5699/3/6 5702/3/6
f 5702/3/6 5699/3/6 5703/3/6
f 5700/3/6 5701/3/6 5706/3/6
f 5706/3/6 5701/3/6 5707/3/6
f 5704/3/6 5705/3/6 5710/3/6
f 5710/3/6 5705/3/6 5711/3/6
f 5708/3/6 5709/3/6 5712/3/6
f 5712/3/6 5709/3/6 5713/3/6
f 5713/3/6 5709/3/6 5716/3/6
f 5716/3/6 5709/3/6 5717/3/6
f 5714/3/6 5715/3/6 5718/3/6
f 5718/3/6 5715/3/6 5719/3/6
f 5720/3/6 5721/3/6 5722/3/6
f 5722/3/6 5721/3/6 5723/3/6
f 5724/3/6 5725/3/6 5729/3/6
f 5729/3/6 5725/3/6 5730/3/6
f 5726/3/6 5727/3/6 5731/3/6
f 5731/3/6 5727/3/6 5732/3/6
f 5732/3/6 5733/3/6 5734/3/6
f 5728/3/6 5729/3/6 5738/3/6
f 5738/3/6 5729/3/6 5739/3/6
f 5732/3/6 5734/3/6 5740/3/6
f 5734/3/6 5735/3/6 5740/3/6
f 5740/3/6 5735/3/6 5741/3/6
f 5736/3/6 5737/3/6 5742/3/6
f 5742/3/6 5737/3/6 5743/3/6
f 5743/3/6 5744/3/6 5747/3/6
f 5747/3/6 5744/3/6 5748/3/6
f 5745/3/6 5746/3/6 5749/3/6
f 5749/3/6 5746/3/6 5750/3/6
f 5750/3/6 5751/3/6 5756/3/6
f 5756/3/6 5751/3/6 5757/3/6
f 5752/3/6 5753/3/6 5759/3/6
f 5759/3/6 5753/3/6 5760/3/6
f 5754/3/6 5755/3/6 5762/3/6
f 5762/3/6 5755/3/6 5763/3/6
f 5758/3/6 5759/3/6 5764/3/6
f 5764/3/6 5759/3/6 5765/3/6
f 5761/3/6 5762/3/6 5766/3/6
f 5766/3/6 5762/3/6 5767/3/6
f 5768/3/6 5769/3/6 5772/3/6
f 5772/3/6 5769/3/6 5773/3/6
f 5770/3/6 5771/3/6 5776/3/6
f 5776/3/6 5771/3/6 5777/3/6
f 5773/3/6 5774/3/6 5778/3/6
f 5778/3/6 5774/3/6 5779/3/6
f 5775/3/6 5776/3/6 5780/3/6
f 5780/3/6 5776/3/6 5781/3/6
f 5782/3/6 5783/3/6 5785/3/6
f 5785/3/6 5783/3/6 5786/3/6
f 5784/3/6 5785/3/6 5788/3/6
f 5786/3/6 5787/3/6 5788/3/6
f 5785/3/6 5786/3/6 5788/3/6
f 5788/3/6 5787/3/6 5789/3/6
f 5784/3/6 5788/3/6 5793/3/6
f 5789/3/6 5787/3/6 5794/3/6
f 5790/3/6 5791/3/6 5795/3/6
f 5795/3/6 5791/3/6 5796/3/6
f 5794/3/6 5795/3/6 5798/3/6
f 5796/3/6 5797/3/6 5798/3/6
f 5795/3/6 5796/3/6 5798/3/6
f 5798/3/6 5797/3/6 5799/3/6
f 5792/3/6 5793/3/6 5800/3/6
f 5793/3/6 5788/3/6 5801/3/6
f 5800/3/6 5793/3/6 5801/3/6
f 5799/3/6 5797/3/6 5802/3/6
f 5801/3/6 5788/3/6 5804/3/6
f 5789/3/6 5794/3/6 5805/3/6
f 5794/3/6 5798/3/6 5805/3/6
f 5801/3/6 5804/3/6 5806/3/6
f 5804/3/6 5805/3/6 5806/3/6
f 5806/3/6 5805/3/6 5807/3/6
f 5807/3/6 5805/3/6 5808/3/6
f 5805/3/6 5798/3/6 5809/3/6
f 5808/3/6 5805/3/6 5809/3/6
f 5802/3/6 5803/3/6 5810/3/6
f 5799/3/6 5802/3/6 5810/3/6
f 5810/3/6 5803/3/6 5811/3/6
f 5807/3/6 5808/3/6 5812/3/6
f 5812/3/6 5808/3/6 5813/3/6
f 5809/3/6 5798/3/6 5814/3/6
f 5814/3/6 5798/3/6 5815/3/6
f 5799/3/6 5810/3/6 5816/3/6
f 5815/3/6 5816/3/6 5817/3/6
f 5814/3/6 5815/3/6 5817/3/6
f 5813/3/6 5814/3/6 5817/3/6
f 5817/3/6 5816/3/6 5818/3/6
f 5818/3/6 5816/3/6 5819/3/6
f 5816/3/6 5810/3/6 5820/3/6
f 5819/3/6 5816/3/6 5820/3/6
f 5813/3/6 5817/3/6 5822/3/6
f 5821/3/6 5822/3/6 5823/3/6
f 5822/3/6 5817/3/6 5824/3/6
f 5823/3/6 5822/3/6 5824/3/6
f 5818/3/6 5819/3/6 5825/3/6
f 5825/3/6 5819/3/6 5826/3/6
f 5824/3/6 5817/3/6 5827/3/6
f 5818/3/6 5825/3/6 5828/3/6
f 5824/3/6 5827/3/6 5829/3/6
f 5827/3/6 5828/3/6 5829/3/6
f 5829/3/6 5828/3/6 5830/3/6
f 5830/3/6 5828/3/6 5831/3/6
f 5828/3/6 5825/3/6 5832/3/6
f 5831/3/6 5828/3/6 5832/3/6
f 5830/3/6 5831/3/6 5833/3/6
f 5833/3/6 5831/3/6 5834/3/6
f 5835/3/6 5836/3/6 5839/3/6
f 5839/3/6 5836/3/6 5840/3/6
f 5837/3/6 5838/3/6 5841/3/6
f 5841/3/6 5838/3/6 5842/3/6
f 5843/3/6 5844/3/6 5845/3/6
f 5845/3/6 5844/3/6 5846/3/6
