# Blender 5.0.1
# www.blender.org
mtllib stair_1.mtl
o stair_1
v 0.400000 -0.000002 6.200002
v 6.400002 -0.000002 6.200002
v -6.400002 -0.000002 -0.100000
v -5.100002 -0.000001 -0.100000
v -2.000000 -0.000001 -0.100000
v -0.400000 -0.000002 -0.100000
v -0.400000 -0.000001 -1.200000
v 0.400000 -0.000001 -1.200000
v -6.400002 -0.000002 -6.400002
v 6.400002 -0.000002 -6.400002
v 0.400000 0.499999 6.200002
v 6.400002 0.499999 6.200002
v 6.400002 0.699999 5.500001
v 6.400002 1.199999 5.500001
v 0.400000 1.199999 5.500001
v 6.400002 1.399999 4.600002
v 1.200000 1.399999 4.600001
v 6.400002 1.899999 4.600002
v 0.400000 1.899999 4.600002
v 6.400002 2.099999 3.800001
v 0.400000 2.099999 3.800001
v 0.400000 2.599999 3.800001
v 6.400002 2.599999 3.800001
v 0.400000 2.799999 2.700001
v 6.400002 2.799999 2.700001
v 0.400000 3.299999 2.700001
v 6.400002 3.299999 2.700001
v 0.400000 3.499999 1.800000
v 6.400002 3.499999 1.800000
v 0.400000 4.000000 1.800000
v 6.400002 4.000000 1.800000
v 0.400000 4.199999 0.900000
v 6.400002 4.199999 0.900000
v -5.100002 4.199999 -0.100000
v -2.000000 4.199999 -0.100000
v -6.400002 4.299999 -0.100000
v -0.400000 4.299999 -0.100000
v -6.400002 4.299999 0.100000
v -6.400002 4.400000 0.100000
v -0.400000 4.299999 0.100000
v -0.400000 4.400000 0.100000
v -6.400002 4.400000 0.300000
v -6.400002 4.500000 0.300000
v -0.400000 4.400000 0.300000
v -0.400000 4.500000 0.300000
v -6.400002 4.500000 0.500000
v -6.400002 4.599999 0.500000
v -0.400000 4.500000 0.500000
v -0.400000 4.599999 0.500000
v 0.400000 4.700000 0.900000
v 6.400002 4.700000 0.900000
v -6.400002 4.599999 0.700000
v -6.400002 4.700000 0.700000
v -0.400000 4.599999 0.700000
v -0.400000 4.700000 0.700000
v -6.400002 4.700000 0.900000
v -6.400002 4.800000 0.900000
v -0.400000 4.700000 0.900000
v -0.400000 4.800000 0.900000
v -6.400002 4.800000 1.100000
v -6.400002 4.900000 1.100000
v -0.400000 4.800000 1.100000
v -0.400000 4.900000 1.100000
v -6.400002 4.900000 0.100000
v -0.400000 4.900000 0.100000
v -6.400002 4.900000 1.300000
v -6.400002 5.000000 1.300000
v -0.400000 4.900000 1.300000
v -0.400000 5.000000 1.300000
v -6.400002 5.000000 1.500000
v -6.400002 5.099999 1.500000
v -0.400000 5.000000 1.500000
v -0.400000 5.099999 1.500000
v -6.400002 5.099999 1.600000
v -6.400002 5.200000 1.600000
v -0.400000 5.099999 1.600000
v -0.400000 5.200000 1.600000
v -6.400002 5.200000 0.100000
v -0.400000 5.200000 0.100000
v -6.400002 5.200000 1.700001
v -6.400002 5.300000 1.700000
v -0.500000 5.300000 1.700000
v -0.400000 5.200000 1.700001
v -6.400002 5.300000 1.900000
v -6.400002 5.400000 1.900000
v -0.500000 5.300000 1.900000
v -0.500000 5.400000 1.900000
v -0.500000 5.400000 1.700001
v -6.400002 5.400000 0.800000
v -6.400002 5.400000 2.000000
v -6.400002 5.500000 2.000000
v -0.400000 5.400000 2.000000
v -0.400000 5.500000 2.000000
v -0.400000 5.400000 1.700000
v -6.400002 5.500000 2.100000
v -6.400002 5.600000 2.100000
v -0.400000 5.500000 2.100000
v -0.400000 5.600000 2.100000
v -6.400002 5.600000 2.200001
v -6.400002 5.700000 2.200001
v -0.400000 5.600000 2.200001
v -0.400000 5.700000 2.200001
v -6.400002 5.700000 2.400001
v -6.400002 5.800000 2.400001
v -0.400000 5.700000 2.400001
v -0.400000 5.800000 2.400001
v -6.400002 5.800000 2.500000
v -6.400002 5.900000 2.500000
v -0.400000 5.800000 2.500000
v -0.400000 5.900000 2.500000
v -6.400002 5.900000 0.800000
v -6.400002 5.900000 2.600001
v -6.400002 6.000000 2.600001
v -0.400000 5.900000 0.800000
v -6.400002 6.000000 2.800001
v -6.400002 6.100000 2.800001
v -0.400000 6.000000 2.800001
v -0.400000 6.100000 2.800001
v -0.400000 6.000000 2.600001
v -6.400002 6.100000 1.700000
v -6.400002 6.100000 2.900001
v -6.400002 6.200000 2.900001
v -0.400000 6.100000 2.900001
v -0.400000 6.200000 2.900001
v -6.400002 6.200000 3.000001
v -6.400002 6.300000 3.000001
v -0.400000 6.200000 3.000001
v -0.400000 6.300000 3.000001
v -6.400002 6.300000 3.200001
v -6.400002 6.400000 3.200001
v -0.400000 6.300000 3.200001
v -0.400000 6.400000 3.200001
v -6.400002 6.400000 3.300001
v -6.400002 6.500000 3.300001
v -0.400000 6.400000 3.300001
v -0.400000 6.500000 3.300001
v -6.400002 6.500000 3.400001
v -6.400002 6.600000 3.400001
v -0.400000 6.500000 3.400001
v -0.400000 6.600000 3.400001
v -6.400002 6.600000 1.700000
v -6.400002 6.600000 3.600001
v -6.400002 6.700000 3.600001
v -0.400000 6.600000 3.600001
v -0.400000 6.700000 3.600001
v -0.400000 6.600000 1.700000
v -6.400002 6.700000 3.700001
v -6.400002 6.800000 3.700001
v -0.400000 6.700000 3.700001
v -0.400000 6.800000 3.700001
v -6.400002 6.800000 2.500000
v -6.400002 6.800000 3.900001
v -6.400002 6.900000 3.900001
v -0.400000 6.800000 3.900001
v -0.400000 6.900000 3.900001
v -0.400000 6.800000 2.500000
v -6.400002 6.900000 4.000001
v -6.400002 7.000000 4.000001
v -0.400000 6.900000 4.000001
v -0.400000 7.000000 4.000001
v -6.400002 7.000000 4.100001
v -6.400002 7.100000 4.100001
v -0.400000 7.000000 4.100001
v -0.400000 7.100000 4.100001
v -6.400002 7.100000 4.300001
v -6.400002 7.200000 4.300001
v -0.400000 7.100000 4.300001
v -0.400000 7.200000 4.300001
v -6.400002 7.200000 4.400001
v -6.400002 7.300000 4.400001
v -0.400000 7.200000 4.400001
v -0.400000 7.300000 4.400001
v -0.400000 7.300000 2.500000
v -6.400002 7.300000 4.500001
v -6.400002 7.400000 4.500001
v -0.400000 7.300000 4.500001
v -0.400000 7.400000 4.500001
v -6.400002 7.300000 2.500000
v -6.400002 7.400001 4.700002
v -6.400002 7.500000 4.700001
v -6.400002 7.500000 3.600001
v -0.400000 7.500000 3.600001
v -6.400002 7.500000 4.800001
v -6.400002 7.600000 4.800001
v -0.400000 7.500000 4.800001
v -0.400000 7.500000 4.700001
v -0.400000 7.600000 4.800001
v -6.400002 7.600000 4.900001
v -6.400002 7.700000 4.900001
v -0.400000 7.600000 4.900001
v -0.400000 7.700000 4.900001
v -6.400002 7.700000 5.100001
v -6.400002 7.800000 5.100002
v -0.400000 7.700000 5.100001
v -0.400000 7.800000 5.100002
v -6.400002 7.800000 5.200002
v -6.400002 7.900001 5.200001
v -0.400000 7.800000 5.200002
v -0.400000 7.900001 5.200001
v -6.400002 7.900001 5.300001
v -6.400002 8.000001 5.300001
v -0.400000 7.900001 5.300001
v -0.400000 8.000001 5.300001
v -6.400002 8.000001 3.600001
v -0.400000 8.000001 3.600001
v -6.400002 8.000000 5.500001
v -6.400002 8.100000 5.500001
v -0.400000 8.000000 5.500001
v -0.400000 8.100000 5.500001
v -6.400002 8.100000 5.600001
v -6.400002 8.200001 5.600002
v -0.400000 8.100000 5.600001
v -0.400000 8.200001 5.600002
v -6.400002 8.200001 4.500001
v -0.400000 8.200001 4.500001
v -6.400002 8.200001 5.700002
v -6.400002 8.300000 5.700001
v -0.400000 8.200001 5.700002
v -0.400000 8.300000 5.700001
v -6.400002 8.300001 5.900002
v -6.400002 8.400001 5.900002
v -6.400002 8.400001 6.000001
v -6.400002 8.500001 6.000001
v -0.400000 8.400001 6.000001
v -0.400000 8.400001 5.900002
v -0.400000 8.500001 6.000001
v -6.400002 8.500000 6.100001
v -6.400002 8.600000 6.100002
v -0.400000 8.500000 6.100001
v -0.400000 8.600000 6.100002
v -6.400002 8.600000 6.300002
v -6.400002 8.700001 6.300002
v -0.400000 8.600000 6.300002
v -0.400000 8.700001 6.300002
v -6.400002 8.700001 4.500001
v -0.400000 8.700001 4.500001
v -6.400002 8.700001 6.400002
v -0.400000 8.700001 6.400002
v 0.400000 8.700001 6.400002
v 6.400002 8.700001 6.400002
v 0.400000 8.700001 5.200002
v 6.400002 8.700001 5.200002
v -6.400002 8.900001 5.400002
v -0.400000 8.900001 5.400002
v -6.400002 9.400001 5.400002
v -0.400000 9.400001 5.400002
v 0.800000 0.699999 6.200002
v 0.800000 0.699999 6.100001
v 0.800000 0.799998 6.100002
v 0.800000 0.799999 6.200002
v 0.700000 0.799999 6.200002
v 0.700000 0.799998 6.100002
v 0.700000 0.699999 6.200002
v 0.700000 0.699999 6.100001
v 0.700000 0.699999 6.000001
v 0.700000 0.799998 6.000001
v 0.600000 0.799999 6.000001
v 0.600000 0.699999 6.000001
v 0.600000 0.799999 6.100001
v 0.600000 0.699999 6.100002
v 0.900000 0.699999 6.100002
v 0.900000 0.699999 6.000001
v 0.900000 0.799999 6.000001
v 0.900000 0.799999 6.100001
v 0.800000 0.799998 6.000001
v 0.800000 0.699999 6.000001
v 0.800000 0.699999 5.900002
v 0.800000 0.799999 5.900002
v 0.700000 0.799999 5.900002
v 0.700000 0.699999 5.900002
v 0.800000 1.399999 5.400002
v 0.800000 1.399999 5.300001
v 0.800000 1.499999 5.300001
v 0.800000 1.499999 5.400002
v 0.700000 1.499999 5.400002
v 0.700000 1.499999 5.300001
v 0.700000 1.399999 5.400002
v 0.700000 1.399999 5.300001
v 0.700000 1.399999 5.200002
v 0.700000 1.499999 5.200001
v 0.600000 1.499999 5.200002
v 0.600000 1.399999 5.200001
v 0.600000 1.499999 5.300001
v 0.600000 1.399999 5.300001
v 0.900000 1.399999 5.300001
v 0.900000 1.399999 5.200001
v 0.900000 1.499999 5.200002
v 0.900000 1.499999 5.300001
v 0.800000 1.499999 5.200001
v 0.800000 1.399999 5.200002
v 0.800000 1.399999 5.100002
v 0.800000 1.499999 5.100001
v 0.700000 1.499999 5.100001
v 0.700000 1.399999 5.100002
v -2.700001 1.699999 0.200000
v -2.700001 1.799999 0.100000
v -2.500000 1.699999 0.200000
v -2.500000 1.799999 0.100000
v -2.700001 1.799999 0.000000
v -2.700001 1.699999 0.000000
v -2.500000 1.699999 0.000000
v -2.500000 1.799999 0.000000
v 0.800000 2.099999 4.600002
v 0.800000 2.099999 4.500001
v 0.800000 2.199999 4.500001
v 0.800000 2.199999 4.600001
v 0.700000 2.199999 4.600001
v 0.700000 2.199999 4.500001
v 0.700000 2.099999 4.600002
v 0.700000 2.099999 4.500001
v 0.700000 2.099999 4.400001
v 0.700000 2.199999 4.400002
v 0.600000 2.199999 4.400001
v 0.600000 2.099999 4.400001
v 0.600000 2.199999 4.500001
v 0.600000 2.099999 4.500001
v 0.900000 2.099999 4.500001
v 0.900000 2.099999 4.400001
v 0.900000 2.199999 4.400001
v 0.900000 2.199999 4.500001
v 0.800000 2.199999 4.400002
v 0.800000 2.099999 4.400001
v 0.800000 2.099999 4.300001
v 0.800000 2.199999 4.300001
v 0.700000 2.199999 4.300001
v 0.700000 2.099999 4.300001
v 0.800000 2.399999 6.000001
v 0.700000 2.399999 6.000001
v 0.800000 2.499999 6.000001
v 0.800000 2.499999 6.100001
v 0.700000 2.499999 6.100001
v 0.700000 2.499999 6.000001
v 0.800000 2.399999 5.900002
v 0.800000 2.499999 5.900002
v 0.700000 2.499999 5.900002
v 0.700000 2.399999 5.900002
v -2.700001 2.499999 0.100000
v -2.500000 2.499999 0.100000
v 0.800000 2.599999 5.900002
v 0.800000 2.599999 6.000001
v 0.700000 2.599999 6.000001
v 0.700000 2.599999 5.900002
v 0.800000 2.499999 5.800001
v 0.800000 2.599999 5.800001
v 0.700000 2.599999 5.800001
v 0.700000 2.499999 5.800001
v -2.700001 2.599999 0.200000
v -2.500000 2.599999 0.200000
v -2.700001 2.599999 0.000000
v -2.700001 2.499999 0.000000
v -2.500000 2.499999 0.000000
v -2.500000 2.599999 0.000000
v 0.800000 2.699999 5.800001
v 0.800000 2.699999 5.900002
v 0.700000 2.699999 5.900002
v 0.700000 2.699999 5.800001
v 0.800000 2.599999 5.700002
v 0.800000 2.699999 5.700001
v 0.700000 2.699999 5.700001
v 0.700000 2.599999 5.700002
v 0.800000 2.799999 5.700001
v 0.800000 2.799999 5.800001
v 0.700000 2.799999 5.800001
v 0.700000 2.799999 5.700001
v 0.800000 2.699999 5.600001
v 0.800000 2.799999 5.600002
v 0.700000 2.799999 5.600002
v 0.700000 2.699999 5.600001
v 0.800000 2.899999 5.600002
v 0.800000 2.899999 5.700002
v 0.700000 2.899999 5.700002
v 0.700000 2.899999 5.600002
v 0.800000 2.799999 5.500001
v 0.800000 2.899999 5.500001
v 0.700000 2.899999 5.500001
v 0.700000 2.799999 5.500001
v 0.800000 2.799999 3.600001
v 0.800000 2.799999 3.500001
v 0.800000 2.899999 3.500001
v 0.800000 2.899999 3.600001
v 0.700000 2.899999 3.600001
v 0.700000 2.899999 3.500001
v 0.700000 2.799999 3.600001
v 0.700000 2.799999 3.500001
v 0.700000 2.799999 3.400001
v 0.700000 2.899999 3.400001
v 0.600000 2.899999 3.400001
v 0.600000 2.799999 3.400001
v 0.600000 2.899999 3.500001
v 0.600000 2.799999 3.500001
v 0.900000 2.799999 3.500001
v 0.900000 2.799999 3.400001
v 0.900000 2.899999 3.400001
v 0.900000 2.899999 3.500001
v 0.800000 2.899999 3.400001
v 0.800000 2.799999 3.400001
v 0.800000 2.799999 3.300001
v 0.800000 2.899999 3.300001
v 0.700000 2.899999 3.300001
v 0.700000 2.799999 3.300001
v 0.800000 2.999999 5.500001
v 0.800000 2.999999 5.600001
v 0.700000 2.999999 5.600001
v 0.700000 2.999999 5.500001
v 0.800000 2.899999 5.400002
v 0.800000 2.999999 5.400002
v 0.700000 2.999999 5.400002
v 0.700000 2.899999 5.400002
v 0.800000 2.999999 5.300001
v 0.700000 2.999999 5.300001
v 0.800000 3.099999 5.500001
v 0.700000 3.099999 5.500001
v 0.800000 3.099999 5.300001
v 0.700000 3.099999 5.300001
v 0.800000 3.099999 5.200001
v 0.700000 3.099999 5.200001
v 0.800000 3.199999 5.200001
v 0.800000 3.199999 5.300001
v 0.700000 3.199999 5.300001
v 0.700000 3.199999 5.200001
v 0.800000 3.099999 5.100001
v 0.800000 3.199999 5.100002
v 0.700000 3.199999 5.100002
v 0.700000 3.099999 5.100001
v 0.800000 3.299999 5.100002
v 0.800000 3.299999 5.200002
v 0.700000 3.299999 5.200002
v 0.700000 3.299999 5.100002
v 0.800000 3.199999 5.000001
v 0.800000 3.299999 5.000001
v 0.700000 3.299999 5.000001
v 0.700000 3.199999 5.000001
v 0.800000 3.399999 5.000001
v 0.800000 3.399999 5.100001
v 0.700000 3.399999 5.100001
v 0.700000 3.399999 5.000001
v 0.800000 3.299999 4.900001
v 0.800000 3.399999 4.900001
v 0.700000 3.399999 4.900001
v 0.700000 3.299999 4.900001
v 0.800000 3.499999 4.900001
v 0.800000 3.499999 5.000001
v 0.700000 3.499999 5.000001
v 0.700000 3.499999 4.900001
v 0.800000 3.399999 4.800001
v 0.800000 3.499999 4.800001
v 0.700000 3.499999 4.800001
v 0.700000 3.399999 4.800001
v 0.800000 3.599999 4.800001
v 0.800000 3.599999 4.900001
v 0.700000 3.599999 4.900001
v 0.700000 3.599999 4.800001
v 0.800000 3.499999 4.700002
v 0.800000 3.599999 4.700001
v 0.700000 3.599999 4.700001
v 0.700000 3.499999 4.700002
v 0.800000 3.499999 2.600001
v 0.800000 3.499999 2.500000
v 0.800000 3.599999 2.500000
v 0.800000 3.599999 2.600001
v 0.700000 3.599999 2.600001
v 0.700000 3.599999 2.500000
v 0.700000 3.499999 2.600001
v 0.700000 3.499999 2.500000
v 0.700000 3.499999 2.400001
v 0.700000 3.599999 2.400001
v 0.600000 3.599999 2.400001
v 0.600000 3.499999 2.400001
v 0.600000 3.599999 2.500000
v 0.600000 3.499999 2.500000
v 0.900000 3.499999 2.500000
v 0.900000 3.499999 2.400001
v 0.900000 3.599999 2.400001
v 0.900000 3.599999 2.500000
v 0.800000 3.599999 2.400001
v 0.800000 3.499999 2.400001
v 0.800000 3.499999 2.300001
v 0.800000 3.599999 2.300001
v 0.700000 3.599999 2.300001
v 0.700000 3.499999 2.300001
v 0.800000 3.699999 4.700001
v 0.800000 3.699999 4.800001
v 0.700000 3.699999 4.800001
v 0.700000 3.699999 4.700001
v 0.800000 3.599999 4.600001
v 0.800000 3.699999 4.600002
v 0.700000 3.699999 4.600002
v 0.700000 3.599999 4.600001
v 0.800000 3.699999 4.500001
v 0.700000 3.699999 4.500001
v 0.800000 3.799999 4.700002
v 0.700000 3.799999 4.700002
v 0.800000 3.799999 4.500001
v 0.700000 3.799999 4.500001
v 0.800000 3.799999 4.400001
v 0.700000 3.799999 4.400001
v 0.800000 3.899999 4.400001
v 0.800000 3.899999 4.500001
v 0.700000 3.899999 4.500001
v 0.700000 3.899999 4.400001
v 0.800000 3.799999 4.300001
v 0.800000 3.899999 4.300001
v 0.700000 3.899999 4.300001
v 0.700000 3.799999 4.300001
v 0.800000 4.000000 4.300001
v 0.800000 3.999999 4.400001
v 0.700000 3.999999 4.400001
v 0.700000 4.000000 4.300001
v 0.800000 3.899999 4.200001
v 0.800000 4.000000 4.200001
v 0.700000 4.000000 4.200001
v 0.700000 3.899999 4.200001
v 0.800000 4.099999 4.300001
v 0.700000 4.099999 4.300001
v 0.800000 4.099999 4.100001
v 0.700000 4.099999 4.100001
v 0.800000 3.999999 4.000001
v 0.800000 4.099999 4.000001
v 0.700000 4.099999 4.000001
v 0.700000 3.999999 4.000001
v 0.800000 4.199999 4.100001
v 0.700000 4.199999 4.100001
v 0.800000 4.199999 3.900001
v 0.700000 4.199999 3.900001
v 0.800000 4.099999 3.800001
v 0.800000 4.199999 3.800001
v 0.700000 4.199999 3.800001
v 0.700000 4.099999 3.800001
v 0.800000 4.299999 3.800001
v 0.800000 4.299999 3.900001
v 0.700000 4.299999 3.900001
v 0.700000 4.299999 3.800001
v 0.800000 4.199999 3.700001
v 0.800000 4.299999 3.700001
v 0.700000 4.299999 3.700001
v 0.700000 4.199999 3.700001
v 0.800000 4.299999 3.500001
v 0.700000 4.299999 3.500001
v 0.800000 4.199999 1.700000
v 0.800000 4.199999 1.600000
v 0.800000 4.299999 1.600000
v 0.800000 4.299999 1.700001
v 0.700000 4.299999 1.700001
v 0.700000 4.299999 1.600000
v 0.700000 4.199999 1.700000
v 0.700000 4.199999 1.600000
v 0.700000 4.199999 1.500000
v 0.700000 4.299999 1.500000
v 0.600000 4.299999 1.500000
v 0.600000 4.199999 1.500000
v 0.600000 4.299999 1.600000
v 0.600000 4.199999 1.600000
v 0.900000 4.199999 1.600000
v 0.900000 4.199999 1.500000
v 0.900000 4.299999 1.500000
v 0.900000 4.299999 1.600000
v 0.800000 4.299999 1.500000
v 0.800000 4.199999 1.500000
v 0.800000 4.199999 1.400000
v 0.800000 4.299999 1.400000
v 0.700000 4.299999 1.400000
v 0.700000 4.199999 1.400000
v 0.800000 4.400000 3.800001
v 0.700000 4.400000 3.800001
v 0.800000 4.400000 3.600001
v 0.700000 4.400000 3.600001
v 0.800000 4.500000 3.500001
v 0.800000 4.500000 3.600001
v 0.700000 4.500000 3.600001
v 0.700000 4.500000 3.500001
v 0.800000 4.500000 3.400001
v 0.700000 4.500000 3.400001
v 0.800000 4.599999 3.500001
v 0.700000 4.599999 3.500001
v 0.800000 4.599999 3.300001
v 0.700000 4.599999 3.300001
v 0.800000 4.500000 3.200001
v 0.800000 4.599999 3.200001
v 0.700000 4.599999 3.200001
v 0.700000 4.500000 3.200001
v 0.800000 4.700000 3.200001
v 0.800000 4.700000 3.300001
v 0.700000 4.700000 3.300001
v 0.700000 4.700000 3.200001
v 0.800000 4.599999 3.100001
v 0.800000 4.700000 3.100001
v 0.700000 4.700000 3.100001
v 0.700000 4.599999 3.100001
v 0.800000 4.800000 3.100001
v 0.800000 4.800000 3.200001
v 0.700000 4.800000 3.200001
v 0.700000 4.800000 3.100001
v 0.800000 4.700000 3.000001
v 0.800000 4.800000 3.000001
v 0.700000 4.800000 3.000001
v 0.700000 4.700000 3.000001
v 0.800000 4.900000 3.100001
v 0.700000 4.900000 3.100001
v 0.800000 4.900000 2.900001
v 0.700000 4.900000 2.900001
v 0.800000 4.800000 2.800001
v 0.800000 4.900000 2.800001
v 0.700000 4.900000 2.800001
v 0.700000 4.800000 2.800001
v 0.800000 5.000000 2.800001
v 0.800000 5.000000 2.900001
v 0.700000 5.000000 2.900001
v 0.700000 5.000000 2.800001
v 0.800000 4.900000 2.700001
v 0.800000 5.000000 2.700001
v 0.700000 5.000000 2.700001
v 0.700000 4.900000 2.700001
v 0.800000 4.900000 0.800000
v 0.800000 4.900000 0.700000
v 0.800000 5.000000 0.700000
v 0.800000 5.000000 0.800000
v 0.700000 5.000000 0.800000
v 0.700000 5.000000 0.700000
v 0.700000 4.900000 0.800000
v 0.700000 4.900000 0.700000
v 0.700000 4.900000 0.600000
v 0.700000 5.000000 0.600000
v 0.600000 5.000000 0.600000
v 0.600000 4.900000 0.600000
v 0.600000 5.000000 0.700000
v 0.600000 4.900000 0.700000
v 0.900000 4.900000 0.700000
v 0.900000 4.900000 0.600000
v 0.900000 5.000000 0.600000
v 0.900000 5.000000 0.700000
v 0.800000 5.000000 0.600000
v 0.800000 4.900000 0.600000
v 0.800000 4.900000 0.500000
v 0.800000 5.000000 0.500000
v 0.700000 5.000000 0.500000
v 0.700000 4.900000 0.500000
v -0.700000 4.900000 -1.400000
v -0.700000 4.900000 -1.500000
v -0.700000 5.000000 -1.500000
v -0.700000 5.000000 -1.400000
v -0.800000 5.000000 -1.400000
v -0.800000 5.000000 -1.500000
v -0.800000 4.900000 -1.400000
v -0.800000 4.900000 -1.500000
v 0.800000 4.900000 -1.400000
v 0.800000 4.900000 -1.500000
v 0.800000 5.000000 -1.500000
v 0.800000 5.000000 -1.400000
v 0.700000 5.000000 -1.400000
v 0.700000 5.000000 -1.500000
v 0.700000 4.900000 -1.400000
v 0.700000 4.900000 -1.500000
v -0.800000 4.900000 -1.600000
v -0.800000 5.000000 -1.600000
v -0.900000 5.000000 -1.600000
v -0.900000 4.900000 -1.600000
v -0.900000 5.000000 -1.500000
v -0.900000 4.900000 -1.500000
v -0.600000 4.900000 -1.500000
v -0.600000 4.900000 -1.600000
v -0.600000 5.000000 -1.600000
v -0.600000 5.000000 -1.500000
v -0.700000 5.000000 -1.600000
v -0.700000 4.900000 -1.600000
v 0.700000 4.900000 -1.600000
v 0.700000 5.000000 -1.600000
v 0.600000 5.000000 -1.600000
v 0.600000 4.900000 -1.600000
v 0.600000 5.000000 -1.500000
v 0.600000 4.900000 -1.500000
v 0.900000 4.900000 -1.500000
v 0.900000 4.900000 -1.600000
v 0.900000 5.000000 -1.600000
v 0.900000 5.000000 -1.500000
v 0.800000 5.000000 -1.600000
v 0.800000 4.900000 -1.600000
v -0.700000 4.900000 -1.700000
v -0.700000 5.000000 -1.700001
v -0.800000 5.000000 -1.700001
v -0.800000 4.900000 -1.700000
v 0.800000 4.900000 -1.700000
v 0.800000 5.000000 -1.700001
v 0.700000 5.000000 -1.700001
v 0.700000 4.900000 -1.700000
v 0.800000 5.099999 2.700001
v 0.800000 5.099999 2.800001
v 0.700000 5.099999 2.800001
v 0.700000 5.099999 2.700001
v 0.800000 5.000000 2.600001
v 0.800000 5.099999 2.600001
v 0.700000 5.099999 2.600001
v 0.700000 5.000000 2.600001
v 0.800000 5.099999 2.500000
v 0.700000 5.099999 2.500000
v 0.800000 5.200000 2.700001
v 0.700000 5.200000 2.700001
v 0.800000 5.200000 2.500000
v 0.700000 5.200000 2.500000
v 0.800000 5.200000 2.400001
v 0.700000 5.200000 2.400001
v 0.800000 5.300000 2.400001
v 0.800000 5.300000 2.500000
v 0.700000 5.300000 2.500000
v 0.700000 5.300000 2.400001
v 0.800000 5.200000 2.300001
v 0.800000 5.300000 2.300001
v 0.700000 5.300000 2.300001
v 0.700000 5.200000 2.300001
v 0.800000 5.400000 2.300001
v 0.800000 5.400000 2.400001
v 0.700000 5.400000 2.400001
v 0.700000 5.400000 2.300001
v 0.800000 5.300000 2.200001
v 0.800000 5.400000 2.200001
v 0.700000 5.400000 2.200001
v 0.700000 5.300000 2.200001
v 0.800000 5.500000 2.200001
v 0.800000 5.500000 2.300001
v 0.700000 5.500000 2.300001
v 0.700000 5.500000 2.200001
v 0.800000 5.400000 2.100000
v 0.800000 5.500000 2.100000
v 0.700000 5.500000 2.100000
v 0.700000 5.400000 2.100000
v -0.700000 5.400000 0.400000
v -0.700000 5.400000 0.300000
v -0.700000 5.500000 0.300000
v -0.700000 5.500000 0.400000
v -0.800000 5.500000 0.400000
v -0.800000 5.500000 0.300000
v -0.800000 5.400000 0.400000
v -0.800000 5.400000 0.300000
v -0.800000 5.400000 0.200000
v -0.800000 5.500000 0.200000
v -0.900000 5.500000 0.200000
v -0.900000 5.400000 0.200000
v -0.900000 5.500000 0.300000
v -0.900000 5.400000 0.300000
v -0.600000 5.400000 0.300000
v -0.600000 5.400000 0.200000
v -0.600000 5.500000 0.200000
v -0.600000 5.500000 0.300000
v -0.700000 5.500000 0.200000
v -0.700000 5.400000 0.200000
v -0.700000 5.400000 0.100000
v -0.700000 5.500000 0.100000
v -0.800000 5.500000 0.100000
v -0.800000 5.400000 0.100000
v 0.800000 5.600000 2.200001
v 0.700000 5.600000 2.200001
v 0.800000 5.600000 2.000000
v 0.700000 5.600000 2.000000
v 0.800000 5.500000 1.900000
v 0.800000 5.600000 1.900000
v 0.700000 5.600000 1.900000
v 0.700000 5.500000 1.900000
v 0.800000 5.700000 1.900000
v 0.800000 5.700000 2.000000
v 0.700000 5.700000 2.000000
v 0.700000 5.700000 1.900000
v 0.800000 5.600000 1.800001
v 0.800000 5.700000 1.800000
v 0.700000 5.700000 1.800000
v 0.700000 5.600000 1.800001
v 0.800000 5.800000 1.800000
v 0.800000 5.800000 1.900000
v 0.700000 5.800000 1.900000
v 0.700000 5.800000 1.800000
v 0.800000 5.700000 1.700001
v 0.800000 5.800000 1.700000
v 0.700000 5.800000 1.700000
v 0.700000 5.700000 1.700001
v 0.800000 5.800000 1.600000
v 0.700000 5.800000 1.600000
v 0.800000 5.900000 1.700000
v 0.800000 5.900000 1.800001
v 0.700000 5.900000 1.800001
v 0.700000 5.900000 1.700000
v 0.800000 5.900000 1.500000
v 0.700000 5.900000 1.500000
v 0.800000 6.000000 1.700001
v 0.700000 6.000000 1.700001
v 0.800000 6.000000 1.500000
v 0.700000 6.000000 1.500000
v 0.800000 5.900000 1.400000
v 0.800000 6.000000 1.400000
v 0.700000 6.000000 1.400000
v 0.700000 5.900000 1.400000
v 0.800000 6.100000 1.400000
v 0.800000 6.100000 1.500000
v 0.700000 6.100000 1.500000
v 0.700000 6.100000 1.400000
v 0.800000 6.000000 1.300000
v 0.800000 6.100000 1.300000
v 0.700000 6.100000 1.300000
v 0.700000 6.000000 1.300000
v 0.800000 6.200000 1.400000
v 0.700000 6.200000 1.400000
v 0.800000 6.200000 1.200000
v 0.700000 6.200000 1.200000
v -0.700000 6.100000 1.200000
v -0.700000 6.100000 1.100000
v -0.700000 6.200000 1.100000
v -0.700000 6.200000 1.200000
v -0.800000 6.200000 1.200000
v -0.800000 6.200000 1.100000
v -0.800000 6.100000 1.200000
v -0.800000 6.100000 1.100000
v 0.800000 6.100000 1.100000
v 0.800000 6.200000 1.100000
v 0.700000 6.200000 1.100000
v 0.700000 6.100000 1.100000
v -0.800000 6.100000 1.000000
v -0.800000 6.200000 1.000000
v -0.900000 6.200000 1.000000
v -0.900000 6.100000 1.000000
v -0.900000 6.200000 1.100000
v -0.900000 6.100000 1.100000
v -0.600000 6.100000 1.100000
v -0.600000 6.100000 1.000000
v -0.600000 6.200000 1.000000
v -0.600000 6.200000 1.100000
v -0.700000 6.200000 1.000000
v -0.700000 6.100000 1.000000
v -0.700000 6.100000 0.900000
v -0.700000 6.200000 0.900000
v -0.800000 6.200000 0.900000
v -0.800000 6.100000 0.900000
v 0.800000 6.300000 1.200000
v 0.700000 6.300000 1.200000
v 0.800000 6.300000 0.900000
v 0.700000 6.300000 0.900000
v 0.800000 6.200000 0.800000
v 0.700000 6.200000 0.800000
v 0.800000 6.400000 0.800000
v 0.700000 6.400000 0.800000
v 0.800000 6.400000 0.700000
v 0.700000 6.400000 0.700000
v 0.800000 6.500000 0.800000
v 0.800000 6.500000 0.900000
v 0.700000 6.500000 0.900000
v 0.700000 6.500000 0.800000
v 0.800000 6.600000 0.700000
v 0.800000 6.600000 0.800000
v 0.700000 6.600000 0.800000
v 0.700000 6.600000 0.700000
v 0.800000 6.600000 0.600000
v 0.700000 6.600000 0.600000
v -0.700000 6.600000 -1.600000
v -0.700000 6.600000 -1.500000
v -0.800000 6.600000 -1.500000
v 0.800000 6.600000 -1.500000
v 0.700000 6.600000 -1.600000
v 0.700000 6.600000 -1.500000
v 0.800000 6.700000 0.700000
v 0.700000 6.700000 0.700000
v -0.700000 6.600000 -1.200000
v -0.700000 6.700000 -1.300000
v -0.700000 6.700000 -1.200000
v -0.800000 6.600000 -1.200000
v -0.800000 6.700000 -1.300000
v -0.800000 6.700000 -1.200000
v -0.700000 6.700000 -1.500000
v 0.700000 6.700000 -1.500000
v -0.800000 6.700000 -1.600000
v 0.800000 6.700000 -1.600000
v -0.700000 6.700000 -0.900000
v -0.700000 6.800000 -1.000000
v -0.700000 6.800000 -0.900000
v -0.800000 6.700000 -0.900000
v -0.800000 6.800000 -1.000000
v -0.800000 6.800000 -0.900000
v -0.700000 6.800000 -1.300000
v -0.800000 6.800000 -1.300000
v -0.700000 6.800000 2.000000
v -0.700000 6.800000 1.900000
v -0.700000 6.900000 1.900000
v -0.700000 6.900000 2.000000
v -0.800000 6.900000 2.000000
v -0.800000 6.900000 1.900000
v -0.800000 6.800000 2.000000
v -0.800000 6.800000 1.900000
v -0.800000 6.800000 1.800001
v -0.800000 6.900000 1.800000
v -0.900000 6.900000 1.800001
v -0.900000 6.800000 1.800000
v -0.900000 6.900000 1.900000
v -0.900000 6.800000 1.900000
v -0.600000 6.800000 1.900000
v -0.600000 6.800000 1.800000
v -0.600000 6.900000 1.800001
v -0.600000 6.900000 1.900000
v -0.700000 6.900000 1.800000
v -0.700000 6.800000 1.800001
v -0.700000 6.800000 1.700000
v -0.700000 6.900000 1.700001
v -0.800000 6.900000 1.700001
v -0.800000 6.800000 1.700000
v -0.700000 6.800000 -0.600000
v -0.700000 6.900000 -0.700000
v -0.700000 6.900000 -0.600000
v -0.800000 6.800000 -0.600000
v -0.800000 6.900000 -0.700000
v -0.800000 6.900000 -0.600000
v -0.700000 6.900000 -1.000000
v -0.800000 6.900000 -1.000000
v -0.700000 6.900000 -0.300000
v -0.700000 7.000000 -0.400000
v -0.700000 7.000000 -0.300000
v -0.800000 6.900000 -0.300000
v -0.800000 7.000000 -0.400000
v -0.800000 7.000000 -0.300000
v -0.700000 7.000000 -0.700000
v -0.800000 7.000000 -0.700000
v -0.700000 7.100000 0.200000
v -0.700000 7.100000 0.300000
v -0.800000 7.100000 0.200000
v -0.800000 7.100000 0.300000
v -0.700000 7.000000 0.000000
v -0.700000 7.100000 -0.100000
v -0.700000 7.100000 0.000000
v -0.800000 7.000000 0.000000
v -0.800000 7.100000 -0.100000
v -0.800000 7.100000 0.000000
v -0.700000 7.100000 -0.400000
v -0.800000 7.100000 -0.400000
v -0.700000 7.100000 0.400000
v -0.700000 7.200000 0.300000
v -0.700000 7.200000 0.400000
v -0.800000 7.100000 0.400000
v -0.800000 7.200000 0.300000
v -0.800000 7.200000 0.400000
v -0.700000 7.200000 -0.100000
v -0.800000 7.200000 -0.100000
v -0.700000 7.200000 0.500000
v -0.700000 7.300000 0.400000
v -0.700000 7.300000 0.500000
v -0.800000 7.200000 0.500000
v -0.800000 7.300000 0.400000
v -0.800000 7.300000 0.500000
v -0.700000 7.300000 0.300000
v -0.800000 7.300000 0.300000
v -0.700000 7.300000 0.700000
v -0.700000 7.400000 0.600000
v -0.700000 7.400000 0.700000
v -0.800000 7.300000 0.700000
v -0.800000 7.400000 0.600000
v -0.800000 7.400000 0.700000
v -0.700000 7.400001 0.400000
v -0.800000 7.400001 0.400000
v -0.700000 7.400001 0.800000
v -0.700000 7.500000 0.700000
v -0.700000 7.500000 0.800000
v -0.800000 7.400001 0.800000
v -0.800000 7.500000 0.700000
v -0.800000 7.500000 0.800000
v -0.700000 7.500000 0.600000
v -0.800000 7.500000 0.600000
v -0.700000 7.500000 3.000001
v -0.700000 7.500000 2.900001
v -0.700000 7.600000 2.900001
v -0.700000 7.600000 3.000001
v -0.800000 7.600000 3.000001
v -0.800000 7.600000 2.900001
v -0.800000 7.500000 3.000001
v -0.800000 7.600000 2.800001
v -0.600000 7.500000 2.900001
v -0.600000 7.500000 2.800001
v -0.600000 7.600000 2.800001
v -0.600000 7.600000 2.900001
v -0.700000 7.600000 2.800001
v -0.700000 7.500000 2.800001
v -0.700000 7.500000 2.700001
v -0.700000 7.600000 2.700001
v -0.800000 7.600000 2.700001
v -0.800000 7.500000 2.700001
v -0.700000 7.600000 1.000000
v -0.800000 7.600000 1.000000
v -0.700000 7.500000 0.900000
v -0.700000 7.600000 0.800000
v -0.700000 7.600000 0.900000
v -0.800000 7.500000 0.900000
v -0.800000 7.600000 0.800000
v -0.800000 7.600000 0.900000
v -0.700000 7.600000 0.700000
v -0.800000 7.600000 0.700000
v -0.700000 7.700000 0.900000
v -0.800000 7.700000 0.900000
v -0.700000 7.700000 0.800000
v -0.800000 7.700000 0.800000
v -0.700000 7.800000 1.000000
v -0.700000 7.800000 1.100000
v -0.800000 7.800000 1.000000
v -0.800000 7.800000 1.100000
v -0.700000 7.800000 0.900000
v -0.800000 7.800000 0.900000
v -0.700000 7.800000 1.200000
v -0.700000 7.900001 1.100000
v -0.700000 7.900001 1.200000
v -0.800000 7.800000 1.200000
v -0.800000 7.900001 1.100000
v -0.800000 7.900001 1.200000
v -0.700000 7.900001 1.000000
v -0.800000 7.900001 1.000000
v -0.700000 7.900001 1.300000
v -0.700000 8.000001 1.200000
v -0.700000 8.000001 1.300000
v -0.800000 7.900001 1.300000
v -0.800000 8.000001 1.200000
v -0.800000 8.000001 1.300000
v -0.700000 8.000000 1.100000
v -0.800000 8.000000 1.100000
v -0.700000 8.000000 1.400000
v -0.700000 8.100000 1.300000
v -0.700000 8.100000 1.400000
v -0.800000 8.000000 1.400000
v -0.800000 8.100000 1.300000
v -0.800000 8.100000 1.400000
v -0.700000 8.100000 1.200000
v -0.800000 8.100000 1.200000
v -0.700000 8.100000 1.500000
v -0.700000 8.200001 1.400000
v -0.700000 8.200001 1.500000
v -0.800000 8.100000 1.500000
v -0.800000 8.200001 1.400000
v -0.800000 8.200001 1.500000
v -0.700000 8.200001 1.300000
v -0.800000 8.200001 1.300000
v -0.700000 8.200001 4.000001
v -0.700000 8.200001 3.900001
v -0.700000 8.300000 3.900001
v -0.700000 8.300001 4.000001
v -0.800000 8.300001 4.000001
v -0.800000 8.300000 3.900001
v -0.800000 8.200001 4.000001
v -0.800000 8.200001 3.900001
v -0.800000 8.200001 3.800001
v -0.800000 8.300000 3.800001
v -0.900000 8.300001 3.800001
v -0.900000 8.200001 3.800001
v -0.900000 8.300001 3.900001
v -0.900000 8.200001 3.900001
v -0.600000 8.200001 3.900001
v -0.600000 8.200001 3.800001
v -0.600000 8.300001 3.800001
v -0.600000 8.300001 3.900001
v -0.700000 8.300000 3.800001
v -0.700000 8.200001 3.800001
v -0.700000 8.200001 3.700001
v -0.700000 8.300001 3.700001
v -0.800000 8.300001 3.700001
v -0.800000 8.200001 3.700001
v -0.700000 8.200001 1.600000
v -0.700000 8.300000 1.500000
v -0.700000 8.300000 1.600000
v -0.800000 8.200001 1.600000
v -0.800000 8.300000 1.500000
v -0.800000 8.300000 1.600000
v -0.700000 8.300001 1.400000
v -0.800000 8.300001 1.400000
v -0.700000 8.400001 1.800000
v -0.800000 8.400001 1.800000
v -0.700000 8.300001 1.700001
v -0.700000 8.400001 1.600000
v -0.700000 8.400001 1.700000
v -0.800000 8.300001 1.700001
v -0.800000 8.400001 1.600000
v -0.800000 8.400001 1.700000
v -0.700000 8.400001 1.500000
v -0.800000 8.400001 1.500000
v -0.700000 8.500001 1.800000
v -0.800000 8.500001 1.800000
v -0.700000 8.500000 1.600000
v -0.800000 8.500000 1.600000
v -0.700000 8.600000 1.800001
v -0.700000 8.600000 1.900000
v -0.800000 8.600000 1.800001
v -0.800000 8.600000 1.900000
v -0.700000 8.600000 2.200001
v -0.700000 8.700001 2.100000
v -0.700000 8.700001 2.200001
v -0.800000 8.600000 2.200001
v -0.800000 8.700001 2.100000
v -0.800000 8.700001 2.200001
v -0.700000 8.700001 1.900000
v -0.800000 8.700001 1.900000
v -0.700000 8.700001 2.300001
v -0.700000 8.800001 2.200001
v -0.700000 8.800001 2.300001
v -0.800000 8.700001 2.300001
v -0.800000 8.800001 2.200001
v -0.800000 8.800001 2.300001
v -0.700000 8.800001 2.100000
v -0.800000 8.800001 2.100000
v -0.700000 8.800001 2.400001
v -0.700000 8.900001 2.300001
v -0.700000 8.900001 2.400001
v -0.800000 8.800001 2.400001
v -0.800000 8.900001 2.300001
v -0.800000 8.900001 2.400001
v -0.700000 8.900001 2.200001
v -0.800000 8.900001 2.200001
v -0.700000 8.900001 4.900001
v -0.700000 8.900001 4.800001
v -0.700000 9.000001 4.800001
v -0.700000 9.000000 4.900001
v -0.800000 9.000000 4.900001
v -0.800000 9.000001 4.800001
v -0.800000 8.900001 4.900001
v -0.800000 8.900001 4.800001
v -0.800000 8.900001 4.700002
v -0.800000 9.000001 4.700001
v -0.900000 9.000000 4.700002
v -0.900000 8.900001 4.700001
v -0.900000 9.000000 4.800001
v -0.900000 8.900001 4.800001
v -0.600000 8.900001 4.800001
v -0.600000 8.900001 4.700001
v -0.600000 9.000000 4.700002
v -0.600000 9.000000 4.800001
v -0.700000 9.000001 4.700001
v -0.700000 8.900001 4.700002
v -0.700000 8.900001 4.600002
v -0.700000 9.000000 4.600001
v -0.800000 9.000000 4.600001
v -0.800000 8.900001 4.600002
v -0.700000 8.900001 2.600001
v -0.700000 9.000001 2.500000
v -0.700000 9.000001 2.600001
v -0.800000 8.900001 2.600001
v -0.800000 9.000001 2.500000
v -0.800000 9.000001 2.600001
v -0.700000 9.000000 2.300001
v -0.800000 9.000000 2.300001
v -0.700000 9.100000 2.800001
v -0.800000 9.100000 2.800001
v -0.700000 9.000000 2.700001
v -0.700000 9.100000 2.600001
v -0.700000 9.100000 2.700001
v -0.800000 9.000000 2.700001
v -0.800000 9.100000 2.600001
v -0.800000 9.100000 2.700001
v -0.700000 9.100000 2.500000
v -0.800000 9.100000 2.500000
v -0.700000 9.200001 2.800001
v -0.800000 9.200001 2.800001
v -0.700000 9.200001 2.600001
v -0.800000 9.200001 2.600001
v -0.700000 9.300001 2.800001
v -0.700000 9.300001 2.900001
v -0.800000 9.300001 2.800001
v -0.800000 9.300001 2.900001
v -0.700000 9.300001 3.100001
v -0.700000 9.400001 3.000001
v -0.700000 9.400001 3.100001
v -0.800000 9.300001 3.100001
v -0.800000 9.400001 3.000001
v -0.800000 9.400001 3.100001
v -0.700000 9.400001 2.900001
v -0.800000 9.400001 2.900001
v -0.700000 9.400001 3.300001
v -0.700000 9.500001 3.200001
v -0.700000 9.500001 3.300001
v -0.800000 9.400001 3.300001
v -0.800000 9.500001 3.200001
v -0.800000 9.500001 3.300001
v -0.700000 9.500001 3.000001
v -0.800000 9.500001 3.000001
v -0.700000 9.500001 3.400001
v -0.700000 9.600001 3.300001
v -0.700000 9.600001 3.400001
v -0.800000 9.500001 3.400001
v -0.800000 9.600001 3.300001
v -0.800000 9.600001 3.400001
v -0.700000 9.600000 3.200001
v -0.800000 9.600000 3.200001
v -0.700000 9.600001 5.900002
v -0.700000 9.600000 5.800001
v -0.700000 9.700001 5.800001
v -0.700000 9.700001 5.900002
v -0.800000 9.700001 5.900002
v -0.800000 9.700001 5.800001
v -0.800000 9.600001 5.900002
v -0.800000 9.600000 5.800001
v -0.800000 9.600000 5.700002
v -0.800000 9.700001 5.700002
v -0.900000 9.700001 5.700002
v -0.900000 9.600001 5.700001
v -0.900000 9.700001 5.800001
v -0.900000 9.600001 5.800001
v -0.600000 9.600001 5.800001
v -0.600000 9.600001 5.700001
v -0.600000 9.700001 5.700002
v -0.600000 9.700001 5.800001
v -0.700000 9.700001 5.700002
v -0.700000 9.600000 5.700002
v -0.700000 9.600001 5.600002
v -0.700000 9.700001 5.600001
v -0.800000 9.700001 5.600001
v -0.800000 9.600001 5.600002
v -0.700000 9.600000 3.500001
v -0.700000 9.700001 3.400001
v -0.700000 9.700001 3.500001
v -0.800000 9.600000 3.500001
v -0.800000 9.700001 3.400001
v -0.800000 9.700001 3.500001
v -0.700000 9.700001 3.300001
v -0.800000 9.700001 3.300001
v -0.700000 9.800001 3.800001
v -0.700000 9.800001 3.900001
v -0.800000 9.800001 3.800001
v -0.700000 9.700001 3.700001
v -0.700000 9.800001 3.600001
v -0.700000 9.800001 3.700001
v -0.800000 9.700001 3.700001
v -0.800000 9.800001 3.600001
v -0.800000 9.800001 3.700001
v -0.700000 9.800001 3.400001
v -0.800000 9.800001 3.400001
v -0.800000 9.900001 3.800001
v -0.800000 9.900001 3.900001
v -0.700000 9.900001 3.900001
v -0.600000 9.800001 3.900001
v -0.600000 9.800001 3.800001
v -0.600000 9.900001 3.800001
v -0.600000 9.900001 3.900001
v -0.700000 9.900001 3.800001
v -0.700000 9.900001 3.600001
v -0.800000 9.900001 3.600001
v -0.700000 9.900001 4.000001
v -0.700000 10.000001 3.900001
v -0.700000 10.000001 4.000001
v -0.800000 9.900001 4.000001
v -0.800000 10.000001 3.900001
v -0.800000 10.000001 4.000001
v -0.700000 10.000001 3.800001
v -0.800000 10.000001 3.800001
v -0.700000 10.100000 5.800001
v -0.800000 10.100000 5.800001
v -0.700000 10.000001 4.100001
v -0.700000 10.100000 4.000001
v -0.700000 10.100000 4.100001
v -0.800000 10.000001 4.100001
v -0.800000 10.100000 4.000001
v -0.800000 10.100000 4.100001
v -0.700000 10.100000 3.900001
v -0.800000 10.100000 3.900001
v -0.700000 10.100000 6.000001
v -0.700000 10.200001 5.900002
v -0.700000 10.200001 6.000001
v -0.800000 10.100000 6.000001
v -0.800000 10.200001 5.900002
v -0.800000 10.200001 6.000001
v -0.700000 10.200001 5.800001
v -0.800000 10.200001 5.800001
v -0.700000 10.100000 4.200001
v -0.700000 10.200001 4.100001
v -0.700000 10.200001 4.200001
v -0.800000 10.100000 4.200001
v -0.800000 10.200001 4.100001
v -0.800000 10.200001 4.200001
v -0.700000 10.200001 4.000001
v -0.800000 10.200001 4.000001
v -0.700000 10.200001 6.200002
v -0.700000 10.300001 6.100002
v -0.700000 10.300001 6.200002
v -0.800000 10.200001 6.200002
v -0.800000 10.300001 6.100002
v -0.800000 10.300001 6.200002
v -0.700000 10.300001 5.900002
v -0.800000 10.300001 5.900002
v -0.700000 10.200001 4.300001
v -0.700000 10.300001 4.200001
v -0.700000 10.300001 4.300001
v -0.800000 10.200001 4.300001
v -0.800000 10.300001 4.200001
v -0.800000 10.300001 4.300001
v -0.700000 10.300001 4.100001
v -0.800000 10.300001 4.100001
v -0.700000 10.300001 6.400002
v -0.700000 10.400002 6.300002
v -0.800000 10.300001 6.400002
v -0.800000 10.400002 6.300002
v -0.700000 10.400002 6.100001
v -0.800000 10.400002 6.100001
v -0.700000 10.300001 4.500001
v -0.700000 10.400002 4.400001
v -0.700000 10.400002 4.500001
v -0.800000 10.300001 4.500001
v -0.800000 10.400002 4.400001
v -0.800000 10.400002 4.500001
v -0.700000 10.400002 4.200001
v -0.800000 10.400002 4.200001
v -0.700000 10.500001 4.700001
v -0.800000 10.500001 4.700001
v -0.700000 10.400002 4.600001
v -0.700000 10.500001 4.500001
v -0.700000 10.500001 4.600002
v -0.800000 10.400002 4.600001
v -0.800000 10.500001 4.500001
v -0.800000 10.500001 4.600002
v -0.700000 10.500001 4.400001
v -0.800000 10.500001 4.400001
v -0.700000 10.600000 4.700001
v -0.700000 10.600000 4.800001
v -0.800000 10.600000 4.700001
v -0.800000 10.600000 4.800001
v -0.700000 10.600000 4.500001
v -0.800000 10.600000 4.500001
v -0.700000 10.600000 4.900001
v -0.700000 10.700001 4.800001
v -0.700000 10.700001 4.900001
v -0.800000 10.600000 4.900001
v -0.800000 10.700001 4.800001
v -0.800000 10.700001 4.900001
v -0.700000 10.700001 4.700002
v -0.800000 10.700001 4.700002
v -0.700000 10.700001 5.000001
v -0.700000 10.800001 4.900001
v -0.700000 10.800001 5.000001
v -0.800000 10.700001 5.000001
v -0.800000 10.800001 4.900001
v -0.800000 10.800001 5.000001
v -0.700000 10.800001 4.800001
v -0.800000 10.800001 4.800001
v -0.700000 10.800001 5.100001
v -0.700000 10.900002 5.000001
v -0.700000 10.900002 5.100002
v -0.800000 10.800001 5.100001
v -0.800000 10.900002 5.000001
v -0.800000 10.900002 5.100002
v -0.700000 10.900002 4.900001
v -0.800000 10.900002 4.900001
v -0.700000 10.900002 5.300001
v -0.700000 11.000001 5.200001
v -0.700000 11.000001 5.300001
v -0.800000 10.900002 5.300001
v -0.800000 11.000001 5.200001
v -0.800000 11.000001 5.300001
v -0.700000 11.000001 5.000001
v -0.800000 11.000001 5.000001
v -0.700000 11.000001 5.400002
v -0.700000 11.100001 5.300001
v -0.700000 11.100001 5.400002
v -0.800000 11.000001 5.400002
v -0.800000 11.100001 5.300001
v -0.800000 11.100001 5.400002
v -0.700000 11.100001 5.200002
v -0.800000 11.100001 5.200002
v -0.700000 11.200001 6.300002
v -0.800000 11.200001 6.300002
v -0.700000 11.200001 5.700001
v -0.800000 11.200001 5.700001
v -0.700000 11.100001 5.600001
v -0.700000 11.200001 5.500001
v -0.700000 11.200001 5.600002
v -0.800000 11.100001 5.600001
v -0.800000 11.200001 5.500001
v -0.800000 11.200001 5.600002
v -0.700000 11.200001 5.300001
v -0.800000 11.200001 5.300001
v -0.700000 11.300001 6.400002
v -0.800000 11.300001 6.400002
v -0.700000 11.300001 6.200002
v -0.800000 11.300001 6.200002
v -0.700000 11.200001 6.100001
v -0.700000 11.300001 6.100002
v -0.800000 11.300001 6.100002
v -0.800000 11.200001 6.100001
v -0.700000 11.300001 5.800001
v -0.800000 11.300001 5.800001
v -0.700000 11.300001 5.600002
v -0.800000 11.300001 5.600002
v -0.700000 11.300001 5.500001
v -0.800000 11.300001 5.500001
v -0.700000 11.400002 6.200002
v -0.800000 11.400002 6.200002
v -0.700000 11.400002 5.600001
v -0.800000 11.400002 5.600001
v 0.400000 0.499998 6.300002
v 0.400000 0.599998 6.300002
v 6.400002 0.499998 6.300002
v 6.400002 0.599998 6.300002
v 0.400000 0.699999 6.400002
v 0.400000 0.599998 6.400002
v 6.400002 0.599998 6.400002
v 6.400002 0.699999 6.400002
v 0.400000 0.699999 5.500001
v 0.400000 1.199999 5.600001
v 0.400000 1.299999 5.600002
v 6.400002 1.199999 5.600001
v 6.400002 1.299999 5.600002
v 0.400000 1.399999 5.700002
v 0.400000 1.299999 5.700002
v 6.400002 1.299999 5.700002
v 6.400002 1.399999 5.700002
v 0.400000 1.399999 4.600002
v 0.400000 1.899999 4.700002
v 0.400000 1.999999 4.700001
v 6.400002 1.899999 4.700002
v 6.400002 1.999999 4.700001
v 0.400000 2.099999 4.800001
v 0.400000 1.999999 4.800001
v 6.400002 1.999999 4.800001
v 6.400002 2.099999 4.800001
v 0.400000 2.599999 3.900001
v 0.400000 2.699999 3.900001
v 6.400002 2.599999 3.900001
v 6.400002 2.699999 3.900001
v 0.400000 2.799999 4.000001
v 0.400000 2.699999 4.000001
v 6.400002 2.699999 4.000001
v 6.400002 2.799999 4.000001
v 0.400000 3.299999 2.800001
v 0.400000 3.399999 2.800001
v 6.400002 3.299999 2.800001
v 6.400002 3.399999 2.800001
v 0.400000 3.499999 2.900001
v 0.400000 3.399999 2.900001
v 6.400002 3.399999 2.900001
v 6.400002 3.499999 2.900001
v 0.400000 3.999999 1.900000
v 0.400000 4.099999 1.900000
v 6.400002 3.999999 1.900000
v 6.400002 4.099999 1.900000
v 0.400000 4.199999 2.000000
v 0.400000 4.099999 2.000000
v 6.400002 4.099999 2.000000
v 6.400002 4.199999 2.000000
v 0.400000 4.700000 1.000000
v 0.400000 4.800000 1.000000
v 6.400002 4.700000 1.000000
v 6.400002 4.800000 1.000000
v 0.400000 4.900000 1.100000
v 0.400000 4.800000 1.100000
v 6.400002 4.800000 1.100000
v 6.400002 4.900000 1.100000
v -0.400000 4.900000 -1.200000
v 0.400000 4.900000 -1.200000
v -6.400002 4.900000 -6.400002
v 6.400002 4.900000 -6.400002
v -6.400002 5.300000 0.000000
v -6.400002 5.200000 0.000000
v -0.400000 5.200000 0.000000
v -0.400000 5.300000 0.000000
v -0.400000 5.400000 0.800000
v -6.400002 5.400000 -0.100000
v -6.400002 5.300000 -0.100000
v -0.400000 5.300000 -0.100000
v -0.400000 5.400000 -0.100000
v -6.400002 6.000000 0.700000
v -6.400002 5.900000 0.700000
v -0.400000 5.900000 0.700000
v -0.400000 6.000000 0.700000
v -0.400000 6.100000 1.700000
v -6.400002 6.100000 0.600000
v -6.400002 6.000000 0.600000
v -0.400000 6.000000 0.600000
v -0.400000 6.100000 0.600000
v -6.400002 6.700000 1.600000
v -6.400002 6.600000 1.600000
v -0.400000 6.600000 1.600000
v -0.400000 6.700000 1.600000
v -6.400002 6.800000 1.500000
v -6.400002 6.700000 1.500000
v -0.400000 6.700000 1.500000
v -0.400000 6.800000 1.500000
v -6.400002 7.400000 2.400001
v -6.400002 7.300000 2.400001
v -0.400000 7.300000 2.400001
v -0.400000 7.400000 2.400001
v -6.400002 7.500000 2.300001
v -6.400002 7.400001 2.300001
v -0.400000 7.400001 2.300001
v -0.400000 7.500000 2.300001
v -6.400002 8.100000 3.500001
v -6.400002 8.000000 3.500001
v -0.400000 8.000000 3.500001
v -0.400000 8.100000 3.500001
v -6.400002 8.200001 3.400001
v -6.400002 8.100000 3.400001
v -1.000000 8.200001 3.400001
v -0.400000 8.100000 3.400001
v -0.400000 8.200001 3.400001
v -0.400000 8.300001 5.900002
v -6.400002 8.800001 4.400001
v -6.400002 8.700001 4.400001
v -0.400000 8.700001 4.400001
v -0.400000 8.800001 4.400001
v -6.400002 8.900001 4.300001
v -6.400002 8.800001 4.300001
v -0.400000 8.800001 4.300001
v -0.400000 8.900001 4.300001
v -6.400002 9.500001 5.300001
v -6.400002 9.400001 5.300001
v -0.400000 9.400001 5.300001
v -0.400000 9.500001 5.300001
v -6.400002 9.600000 6.400002
v -0.400000 9.600000 6.400002
v 0.400000 9.600000 6.400002
v 6.400002 9.600000 6.400002
v -6.400002 9.600000 5.200002
v -6.400002 9.500001 5.200002
v -0.400000 9.500001 5.200002
v -0.400000 9.600000 5.200002
v 0.400000 9.600000 5.200002
v 6.400002 9.600000 5.200002
v -0.400000 5.900000 2.600001
v -0.400000 7.400001 4.700002
v -5.100001 -0.000002 0.000000
v -2.000000 -0.000002 0.000000
v -5.100001 4.199999 0.000000
v -2.000000 4.199999 0.000000
vn -0.0000 -1.0000 -0.0000
vn -0.0000 1.0000 -0.0000
vn -1.0000 -0.0000 -0.0000
vn -0.0000 -0.0000 -1.0000
vn -0.0000 -0.0000 1.0000
vn 1.0000 -0.0000 -0.0000
vn 0.9988 -0.0000 -0.0499
vn 0.9965 -0.0000 -0.0830
vn 0.9923 -0.0000 0.1240
vn -0.9923 -0.0000 0.1240
vn 0.9701 -0.0000 -0.2425
vn -0.9701 -0.0000 0.2425
vn -0.9923 -0.0000 -0.1240
vn 0.9995 -0.0000 -0.0312
vn -0.9981 -0.0000 0.0624
vn 0.9991 -0.0000 0.0416
vn 0.7071 -0.0000 -0.7071
vn -0.0000 1.0000 0.0001
vn 0.9995 -0.0000 0.0312
vn -0.9999 -0.0000 0.0156
vn -0.9991 -0.0000 -0.0416
vn 0.9981 -0.0000 0.0624
vn 0.9923 -0.0000 -0.1240
vn -0.9701 -0.0000 -0.2425
vn 0.9981 -0.0000 -0.0624
vn -0.9995 -0.0000 0.0312
vt 0.701754 0.950292
vt 0.526316 0.944444
vt 0.526316 0.950292
vt 0.748538 0.725146
vt 0.912281 0.716374
vt 0.912281 0.719298
vt 0.923977 0.596491
vt 0.909357 0.614035
vt 0.748538 0.628655
vt 0.880117 0.070175
vt 0.877193 0.073099
vt 0.877193 0.070175
vt 0.362573 0.812865
vt 0.365497 0.815789
vt 0.365497 0.812865
vt 0.359649 0.868421
vt 0.362573 0.871345
vt 0.359649 0.871345
vt 0.877193 0.666667
vt 0.874269 0.669591
vt 0.877193 0.669591
vt 0.994152 0.309942
vt 0.818713 0.312865
vt 0.818713 0.309942
vt 0.336257 0.809942
vt 0.339181 0.801170
vt 0.336257 0.801170
vt 0.339181 0.795322
vt 0.342105 0.798246
vt 0.339181 0.798246
vt 0.824561 0.690058
vt 0.827485 0.628655
vt 0.824561 0.628655
vt 0.874269 0.491228
vt 0.877193 0.494152
vt 0.877193 0.491228
vt 0.859649 0.447368
vt 0.862573 0.450292
vt 0.859649 0.450292
vt 0.865497 0.652047
vt 0.868421 0.654971
vt 0.868421 0.652047
vt 0.353801 0.824561
vt 0.350877 0.827485
vt 0.350877 0.801170
vt 0.871345 0.076023
vt 0.874269 0.078947
vt 0.874269 0.076023
vt 0.871345 0.426901
vt 0.868421 0.429825
vt 0.871345 0.429825
vt 0.850877 0.692982
vt 0.847953 0.695906
vt 0.847953 0.692982
vt 0.853801 0.453216
vt 0.850877 0.456140
vt 0.850877 0.453216
vt 0.362573 0.850877
vt 0.359649 0.853801
vt 0.359649 0.850877
vt 0.350877 0.950292
vt 0.175439 0.944444
vt 0.175439 0.950292
vt 0.853801 0.447368
vt 0.856725 0.450292
vt 0.856725 0.447368
vt 0.874269 0.394737
vt 0.877193 0.397661
vt 0.877193 0.394737
vt 0.175439 0.956140
vt 0.350877 0.956140
vt 0.865497 0.692982
vt 0.862573 0.695906
vt 0.862573 0.692982
vt 0.865497 0.394737
vt 0.868421 0.397661
vt 0.868421 0.394737
vt 0.356725 0.833333
vt 0.359649 0.827485
vt 0.356725 0.827485
vt 0.105263 0.777778
vt 0.093567 0.769006
vt 0.078947 0.757310
vt 0.345029 0.815789
vt 0.347953 0.821637
vt 0.347953 0.815789
vt 0.371345 0.663743
vt 0.374269 0.666667
vt 0.371345 0.666667
vt 0.874269 0.444444
vt 0.871345 0.447368
vt 0.874269 0.447368
vt 0.286550 0.815789
vt 0.289474 0.807018
vt 0.286550 0.807018
vt 0.336257 0.818713
vt 0.333333 0.812865
vt 0.336257 0.812865
vt 0.771930 0.947368
vt 0.947368 0.941520
vt 0.771930 0.941520
vt 0.760234 0.540936
vt 0.748538 0.532164
vt 0.923977 0.532164
vt 0.842105 0.681287
vt 0.845029 0.678363
vt 0.842105 0.678363
vt 0.298246 0.821637
vt 0.301170 0.815789
vt 0.298246 0.815789
vt 0.865497 0.078947
vt 0.868421 0.076023
vt 0.865497 0.076023
vt 0.853801 0.692982
vt 0.850877 0.695906
vt 0.871345 0.637427
vt 0.874269 0.640351
vt 0.871345 0.640351
vt 0.880117 0.052632
vt 0.877193 0.055556
vt 0.880117 0.055556
vt 0.748538 0.157895
vt 0.923977 0.157895
vt 0.757310 0.166667
vt 0.771930 0.830409
vt 0.947368 0.845029
vt 0.771930 0.845029
vt 0.356725 0.871345
vt 0.359649 0.874269
vt 0.356725 0.874269
vt 0.856725 0.690058
vt 0.859649 0.692982
vt 0.859649 0.690058
vt 0.327485 0.812865
vt 0.324561 0.807018
vt 0.327485 0.807018
vt 0.309942 0.815789
vt 0.307018 0.807018
vt 0.309942 0.807018
vt 0.853801 0.678363
vt 0.856725 0.681287
vt 0.856725 0.678363
vt 0.154971 0.511696
vt 0.149123 0.514620
vt 0.137427 0.523392
vt 0.874269 0.675439
vt 0.877193 0.678363
vt 0.874269 0.678363
vt 0.871345 0.011696
vt 0.868421 0.014620
vt 0.868421 0.011696
vt 0.877193 0.640351
vt 0.874269 0.643275
vt 0.877193 0.643275
vt 0.859649 0.043860
vt 0.862573 0.000000
vt 0.859649 0.000000
vt 0.877193 0.002924
vt 0.880117 0.005848
vt 0.880117 0.002924
vt 0.865497 0.634503
vt 0.868421 0.637427
vt 0.865497 0.637427
vt 0.976608 0.470760
vt 0.801170 0.473684
vt 0.801170 0.470760
vt 0.289474 0.821637
vt 0.289474 0.815789
vt 0.526316 0.964912
vt 0.350877 0.967836
vt 0.350877 0.964912
vt 0.342105 0.795322
vt 0.345029 0.798246
vt 0.868421 0.415205
vt 0.865497 0.418129
vt 0.868421 0.418129
vt 0.175439 0.970760
vt 0.000000 0.967836
vt 0.000000 0.970760
vt 0.871345 0.646199
vt 0.868421 0.649123
vt 0.868421 0.646199
vt 0.874269 0.681287
vt 0.871345 0.649123
vt 0.877193 0.043860
vt 0.880117 0.046784
vt 0.880117 0.043860
vt 0.839181 0.687135
vt 0.842105 0.692982
vt 0.842105 0.687135
vt 0.333333 0.792398
vt 0.336257 0.798246
vt 0.336257 0.792398
vt 0.350877 0.991228
vt 0.175439 0.988304
vt 0.175439 0.991228
vt 0.008772 0.833333
vt 0.005848 0.836257
vt 0.000000 0.821637
vt 0.339181 0.818713
vt 0.342105 0.821637
vt 0.339181 0.821637
vt 0.994152 0.251462
vt 0.818713 0.254386
vt 0.818713 0.251462
vt 0.868421 0.660819
vt 0.871345 0.663743
vt 0.871345 0.660819
vt 0.871345 0.690058
vt 0.868421 0.692982
vt 0.868421 0.690058
vt 0.526316 0.956140
vt 0.701754 0.956140
vt 0.865497 0.046784
vt 0.868421 0.043860
vt 0.865497 0.043860
vt 0.877193 0.029240
vt 0.880117 0.032164
vt 0.877193 0.032164
vt 0.833333 0.687135
vt 0.830409 0.681287
vt 0.833333 0.681287
vt 0.342105 0.809942
vt 0.345029 0.801170
vt 0.342105 0.801170
vt 0.868421 0.695906
vt 0.871345 0.692982
vt 0.877193 0.058480
vt 0.880117 0.058480
vt 0.868421 0.432749
vt 0.350877 0.877193
vt 0.353801 0.880117
vt 0.350877 0.880117
vt 0.877193 0.000000
vt 0.880117 0.000000
vt 0.350877 0.997076
vt 0.175439 0.994152
vt 0.175439 0.997076
vt 0.371345 0.675439
vt 0.374269 0.672515
vt 0.371345 0.672515
vt 0.877193 0.064327
vt 0.874269 0.067251
vt 0.874269 0.064327
vt 0.315789 0.649123
vt 0.339181 0.792398
vt 0.315789 0.792398
vt 0.853801 0.675439
vt 0.850877 0.678363
vt 0.850877 0.675439
vt 0.833333 0.695906
vt 0.836257 0.690058
vt 0.833333 0.690058
vt 0.880117 0.038012
vt 0.877193 0.040936
vt 0.877193 0.038012
vt 0.877193 0.418129
vt 0.880117 0.415205
vt 0.877193 0.415205
vt 0.877193 0.078947
vt 0.874269 0.081871
vt 0.877193 0.081871
vt 0.865497 0.695906
vt 0.874269 0.634503
vt 0.871345 0.634503
vt 0.862573 0.435673
vt 0.865497 0.391813
vt 0.862573 0.391813
vt 0.912281 0.514620
vt 0.909357 0.517544
vt 0.374269 0.678363
vt 0.371345 0.681287
vt 0.371345 0.678363
vt 0.374269 0.669591
vt 0.371345 0.669591
vt 0.842105 0.675439
vt 0.845029 0.675439
vt 0.871345 0.391813
vt 0.874269 0.391813
vt 0.994152 0.289474
vt 0.818713 0.286550
vt 0.818713 0.289474
vt 0.304094 0.821637
vt 0.304094 0.815789
vt 0.347953 0.795322
vt 0.347953 0.798246
vt 0.947368 0.830409
vt 0.771930 0.815789
vt 0.947368 0.815789
vt 0.871345 0.421053
vt 0.874269 0.423977
vt 0.871345 0.423977
vt 0.874269 0.061404
vt 0.877193 0.061404
vt 0.874269 0.073099
vt 0.865497 0.450292
vt 0.862573 0.453216
vt 0.771930 0.923977
vt 0.947368 0.918129
vt 0.771930 0.918129
vt 0.868421 0.678363
vt 0.865497 0.681287
vt 0.865497 0.678363
vt 0.880117 0.076023
vt 0.880117 0.078947
vt 0.994152 0.318713
vt 0.818713 0.321637
vt 0.818713 0.318713
vt 0.339181 0.777778
vt 0.374269 0.751462
vt 0.339181 0.751462
vt 0.859649 0.678363
vt 0.862573 0.681287
vt 0.862573 0.678363
vt 0.342105 0.815789
vt 0.345029 0.809942
vt 0.994152 0.353801
vt 0.818713 0.350877
vt 0.818713 0.353801
vt 0.198830 0.216374
vt 0.175439 0.216374
vt 0.374269 0.368421
vt 0.871345 0.400585
vt 0.874269 0.403509
vt 0.874269 0.400585
vt 0.175439 0.923977
vt 0.166667 0.918129
vt 0.169591 0.915205
vt 0.526316 0.982456
vt 0.350877 0.979532
vt 0.350877 0.982456
vt 0.880117 0.064327
vt 0.856725 0.444444
vt 0.853801 0.444444
vt 0.862573 0.690058
vt 0.912281 0.114035
vt 0.915205 0.114035
vt 0.923977 0.125731
vt 0.845029 0.695906
vt 0.845029 0.692982
vt 0.362573 0.733918
vt 0.353801 0.739766
vt 0.356725 0.736842
vt 0.874269 0.049708
vt 0.871345 0.052632
vt 0.871345 0.049708
vt 0.362573 0.856725
vt 0.362573 0.853801
vt 0.365497 0.804094
vt 0.362573 0.807018
vt 0.362573 0.804094
vt 0.862573 0.087719
vt 0.862573 0.043860
vt 0.771930 0.944444
vt 0.596491 0.938596
vt 0.596491 0.944444
vt 0.871345 0.409357
vt 0.868421 0.412281
vt 0.868421 0.409357
vt 0.573099 -0.000000
vt 0.578947 0.011696
vt 0.578947 0.014620
vt 0.175439 0.964912
vt 0.000000 0.964912
vt 0.374269 0.695906
vt 0.371345 0.698830
vt 0.371345 0.695906
vt 0.874269 0.649123
vt 0.871345 0.652047
vt 0.874269 0.652047
vt 0.350877 0.985380
vt 0.175439 0.982456
vt 0.175439 0.985380
vt 0.868421 0.441520
vt 0.871345 0.444444
vt 0.868421 0.444444
vt 0.994152 0.280702
vt 0.818713 0.283626
vt 0.818713 0.280702
vt 0.871345 0.684211
vt 0.874269 0.687135
vt 0.871345 0.687135
vt 0.877193 0.409357
vt 0.880117 0.412281
vt 0.877193 0.412281
vt 0.324561 0.795322
vt 0.327485 0.798246
vt 0.327485 0.795322
vt 0.771930 0.695906
vt 0.754386 0.698830
vt 0.766082 0.695906
vt 0.868421 0.073099
vt 0.874269 0.426901
vt 0.847953 0.456140
vt 0.847953 0.453216
vt 0.853801 0.628655
vt 0.850877 0.628655
vt 0.871345 0.643275
vt 0.994152 0.380117
vt 0.818713 0.383041
vt 0.994152 0.383041
vt 0.847953 0.678363
vt 0.847953 0.675439
vt 0.359649 0.845029
vt 0.356725 0.847953
vt 0.356725 0.845029
vt 0.877193 0.008772
vt 0.877193 0.005848
vt 0.865497 0.640351
vt 0.868421 0.643275
vt 0.865497 0.643275
vt 0.760234 0.134503
vt 0.757310 0.134503
vt 0.748538 0.125731
vt 0.850877 0.681287
vt 0.868421 0.640351
vt 0.868421 0.017544
vt 0.871345 0.020468
vt 0.871345 0.017544
vt 0.871345 0.435673
vt 0.874269 0.438596
vt 0.871345 0.438596
vt 0.871345 0.450292
vt 0.868421 0.453216
vt 0.868421 0.450292
vt 0.859649 0.672515
vt 0.856725 0.628655
vt 0.859649 0.628655
vt 0.350877 0.821637
vt 0.350877 0.815789
vt 0.853801 0.450292
vt 0.877193 0.649123
vt 0.877193 0.652047
vt 0.836257 0.684211
vt 0.833333 0.678363
vt 0.836257 0.678363
vt 0.827485 0.692982
vt 0.830409 0.695906
vt 0.830409 0.692982
vt 0.581871 0.017544
vt 0.581871 0.073099
vt 0.573099 0.067251
vt 0.000000 0.938596
vt 0.000000 0.944444
vt 0.874269 0.397661
vt 0.877193 0.400585
vt 0.874269 0.035088
vt 0.877193 0.035088
vt 0.877193 0.485380
vt 0.874269 0.488304
vt 0.874269 0.485380
vt 0.748538 0.190058
vt 0.923977 0.219298
vt 0.760234 0.195906
vt 0.868421 0.423977
vt 0.994152 0.315789
vt 0.818713 0.315789
vt 0.847953 0.444444
vt 0.850877 0.447368
vt 0.850877 0.444444
vt 0.315789 0.818713
vt 0.312865 0.812865
vt 0.315789 0.812865
vt 0.877193 0.391813
vt 0.874269 0.692982
vt 0.871345 0.695906
vt 0.874269 0.695906
vt 0.865497 0.421053
vt 0.865497 0.669591
vt 0.868421 0.672515
vt 0.865497 0.672515
vt 0.880117 0.073099
vt 0.877193 0.076023
vt 0.874269 0.032164
vt 0.871345 0.035088
vt 0.871345 0.032164
vt 0.868421 0.681287
vt 0.871345 0.681287
vt 0.865497 0.675439
vt 0.862573 0.675439
vt 0.865497 0.412281
vt 0.865497 0.409357
vt 0.368421 0.777778
vt 0.371345 0.900585
vt 0.368421 0.900585
vt 0.859649 0.684211
vt 0.859649 0.681287
vt 0.365497 0.809942
vt 0.362573 0.809942
vt 0.523392 0.961988
vt 0.523392 0.959064
vt 0.874269 0.017544
vt 0.877193 0.692982
vt 0.880117 0.081871
vt 0.868421 0.040936
vt 0.865497 0.040936
vt 0.175439 0.967836
vt 0.874269 0.070175
vt 0.865497 0.447368
vt 0.871345 0.403509
vt 0.874269 0.406433
vt 0.871345 0.406433
vt 0.312865 0.818713
vt 0.309942 0.821637
vt 0.309942 0.818713
vt 0.295322 0.815789
vt 0.994152 0.228070
vt 0.818713 0.230994
vt 0.818713 0.228070
vt 0.877193 0.660819
vt 0.874269 0.663743
vt 0.877193 0.663743
vt 0.356725 0.856725
vt 0.359649 0.859649
vt 0.359649 0.856725
vt 0.175439 0.973684
vt 0.000000 0.976608
vt 0.000000 0.973684
vt 0.760234 0.175439
vt 0.847953 0.441520
vt 0.994152 0.257310
vt 0.818713 0.260234
vt 0.818713 0.257310
vt 0.874269 0.412281
vt 0.871345 0.415205
vt 0.871345 0.412281
vt 0.371345 0.652047
vt 0.374269 0.654971
vt 0.374269 0.652047
vt 0.847953 0.681287
vt 0.845029 0.684211
vt 0.847953 0.684211
vt 0.862573 0.672515
vt 0.874269 0.646199
vt 0.859649 0.675439
vt 0.868421 0.046784
vt 0.871345 0.043860
vt 0.295322 0.807018
vt 0.298246 0.807018
vt 0.748538 0.777778
vt 0.923977 0.751462
vt 0.748538 0.751462
vt 0.847953 0.450292
vt 0.847953 0.447368
vt 0.871345 0.046784
vt 0.868421 0.049708
vt 0.874269 0.450292
vt 0.877193 0.453216
vt 0.874269 0.453216
vt 0.874269 0.000000
vt 0.871345 0.002924
vt 0.871345 0.000000
vt 0.356725 0.801170
vt 0.359649 0.804094
vt 0.918129 0.520468
vt 0.915205 0.523392
vt 0.877193 0.011696
vt 0.880117 0.014620
vt 0.877193 0.014620
vt 0.994152 0.254386
vt 0.701754 0.961988
vt 0.526316 0.961988
vt 0.874269 0.002924
vt 0.871345 0.005848
vt 0.356725 0.839181
vt 0.359649 0.833333
vt 0.877193 0.084795
vt 0.874269 0.087719
vt 0.877193 0.087719
vt 0.839181 0.692982
vt 0.842105 0.698830
vt 0.877193 0.654971
vt 0.874269 0.654971
vt 0.947368 0.929825
vt 0.771930 0.935673
vt 0.947368 0.935673
vt 0.330409 0.815789
vt 0.333333 0.818713
vt 0.330409 0.818713
vt 0.865497 0.400585
vt 0.865497 0.397661
vt 0.874269 0.418129
vt 0.321637 0.818713
vt 0.318713 0.801170
vt 0.321637 0.801170
vt 0.353801 0.862573
vt 0.350877 0.865497
vt 0.350877 0.862573
vt 0.350877 0.871345
vt 0.353801 0.874269
vt 0.353801 0.871345
vt 0.868421 0.400585
vt 0.865497 0.403509
vt 0.868421 0.657895
vt 0.865497 0.660819
vt 0.865497 0.657895
vt 0.865497 0.011696
vt 0.868421 0.008772
vt 0.865497 0.008772
vt 0.871345 0.029240
vt 0.868421 0.032164
vt 0.868421 0.029240
vt 0.912281 0.587719
vt 0.748538 0.596491
vt 0.362573 0.859649
vt 0.359649 0.862573
vt 0.175439 0.894737
vt 0.163743 0.909357
vt 0.160819 0.912281
vt 0.874269 0.055556
vt 0.874269 0.058480
vt 0.880117 0.403509
vt 0.877193 0.403509
vt 0.874269 0.409357
vt 0.871345 0.084795
vt 0.874269 0.084795
vt 0.877193 0.985380
vt 0.701754 0.982456
vt 0.701754 0.985380
vt 0.976608 0.461988
vt 0.801170 0.459064
vt 0.801170 0.461988
vt 0.365497 0.777778
vt 0.365497 0.900585
vt 0.818713 0.385965
vt 0.994152 0.385965
vt 0.865497 0.663743
vt 0.725146 0.909357
vt 0.771930 0.912281
vt 0.596491 0.912281
vt 0.347953 0.938596
vt 0.350877 0.944444
vt 0.350877 0.935673
vt 0.868421 0.684211
vt 0.356725 0.865497
vt 0.359649 0.865497
vt 0.403509 0.479532
vt 0.476608 0.400585
vt 0.485380 0.394737
vt 0.350877 0.961988
vt 0.175439 0.961988
vt 0.859649 0.444444
vt 0.862573 0.447368
vt 0.862573 0.444444
vt 0.356725 0.877193
vt 0.356725 0.880117
vt 0.333333 0.809942
vt 0.330409 0.812865
vt 0.330409 0.809942
vt 0.865497 0.070175
vt 0.868421 0.070175
vt 0.877193 0.046784
vt 0.880117 0.049708
vt 0.877193 0.421053
vt 0.874269 0.421053
vt 0.748538 0.698830
vt 0.923977 0.698830
vt 0.915205 0.710526
vt 0.868421 0.026316
vt 0.865497 0.029240
vt 0.865497 0.026316
vt 0.339181 0.847953
vt 0.350877 0.859649
vt 0.175439 0.821637
vt 0.853801 0.684211
vt 0.856725 0.687135
vt 0.853801 0.687135
vt 0.871345 0.657895
vt 0.280702 0.815789
vt 0.283626 0.807018
vt 0.280702 0.807018
vt 0.976608 0.479532
vt 0.801170 0.476608
vt 0.801170 0.479532
vt 0.000000 0.988304
vt 0.850877 0.046784
vt 0.847953 0.000000
vt 0.847953 0.046784
vt 0.701754 0.991228
vt 0.526316 0.994152
vt 0.526316 0.991228
vt 0.818713 0.388889
vt 0.318713 0.795322
vt 0.315789 0.798246
vt 0.315789 0.795322
vt 0.833333 0.684211
vt 0.526316 0.985380
vt 0.350877 0.988304
vt 0.526316 0.988304
vt 0.871345 0.081871
vt 0.871345 0.078947
vt 0.359649 0.842105
vt 0.362573 0.845029
vt 0.871345 0.397661
vt 0.994152 0.236842
vt 0.818713 0.239766
vt 0.818713 0.236842
vt 0.853801 0.046784
vt 0.850877 0.000000
vt 0.853801 0.000000
vt 0.868421 0.061404
vt 0.865497 0.064327
vt 0.865497 0.061404
vt 0.701754 0.967836
vt 0.526316 0.970760
vt 0.526316 0.967836
vt 0.865497 0.649123
vt 0.874269 0.038012
vt 0.874269 0.040936
vt 0.856725 0.438596
vt 0.853801 0.441520
vt 0.853801 0.438596
vt 0.353801 0.868421
vt 0.865497 0.002924
vt 0.868421 0.005848
vt 0.868421 0.002924
vt 0.865497 0.032164
vt 0.868421 0.035088
vt 0.371345 0.687135
vt 0.374269 0.684211
vt 0.371345 0.684211
vt 0.371345 0.692982
vt 0.374269 0.690058
vt 0.371345 0.690058
vt 0.871345 0.067251
vt 0.868421 0.067251
vt 0.333333 0.801170
vt 0.868421 0.447368
vt 0.880117 0.023392
vt 0.877193 0.026316
vt 0.880117 0.026316
vt 0.856725 0.695906
vt 0.859649 0.695906
vt 0.356725 0.783626
vt 0.345029 0.792398
vt 0.347953 0.789474
vt 0.333333 0.815789
vt 0.868421 0.081871
vt 0.868421 0.078947
vt 0.994152 0.307018
vt 0.818713 0.304094
vt 0.818713 0.307018
vt 0.923977 0.786550
vt 0.923977 0.777778
vt 0.356725 0.853801
vt 0.868421 0.058480
vt 0.871345 0.061404
vt 0.000000 0.994152
vt 0.880117 0.035088
vt 0.000000 0.982456
vt 0.000000 0.985380
vt 0.748538 0.500000
vt 0.535088 0.622807
vt 0.508772 0.602339
vt 0.362573 0.877193
vt 0.359649 0.877193
vt 0.526316 0.976608
vt 0.350877 0.976608
vt 0.353801 0.865497
vt 0.321637 0.812865
vt 0.321637 0.807018
vt 0.771930 0.801170
vt 0.877193 0.637427
vt 0.877193 0.634503
vt 0.871345 0.631579
vt 0.874269 0.631579
vt 0.356725 0.862573
vt 0.301170 0.807018
vt 0.874269 0.415205
vt 0.868421 0.634503
vt 0.976608 0.467836
vt 0.801170 0.467836
vt 0.868421 0.631579
vt 0.871345 0.628655
vt 0.868421 0.628655
vt 0.356725 0.850877
vt 0.865497 0.406433
vt 0.868421 0.406433
vt 0.374269 0.649123
vt 0.371345 0.649123
vt 0.307018 0.771930
vt 0.271930 0.798246
vt 0.271930 0.771930
vt 0.353801 0.859649
vt 0.356725 0.859649
vt 0.353801 0.877193
vt 0.853801 0.690058
vt 0.874269 0.008772
vt 0.874269 0.005848
vt 0.318713 0.821637
vt 0.318713 0.818713
vt 0.871345 0.675439
vt 0.868421 0.675439
vt 0.865497 0.666667
vt 0.868421 0.669591
vt 0.868421 0.666667
vt 0.362573 0.874269
vt 0.865497 0.687135
vt 0.862573 0.687135
vt 0.874269 0.020468
vt 0.871345 0.023392
vt 0.923977 0.725146
vt 0.324561 0.818713
vt 0.324561 0.812865
vt 0.877193 0.020468
vt 0.877193 0.023392
vt 0.871345 0.394737
vt 0.362573 0.801170
vt 0.365497 0.798246
vt 0.362573 0.798246
vt 0.874269 0.011696
vt 0.874269 0.014620
vt 0.859649 0.438596
vt 0.862573 0.441520
vt 0.862573 0.438596
vt 0.994152 0.263158
vt 0.818713 0.266082
vt 0.818713 0.263158
vt 0.526316 0.973684
vt 0.701754 0.976608
vt 0.701754 0.973684
vt 0.850877 0.684211
vt 0.847953 0.687135
vt 0.271930 0.801170
vt 0.277778 0.821637
vt 0.277778 0.801170
vt 0.994152 0.377193
vt 0.818713 0.374269
vt 0.818713 0.377193
vt 0.374269 0.748538
vt 0.368421 0.751462
vt 0.368421 0.748538
vt 0.874269 0.043860
vt 0.327485 0.801170
vt 0.994152 0.242690
vt 0.818713 0.245614
vt 0.994152 0.245614
vt 0.374269 0.692982
vt 0.868421 0.038012
vt 0.877193 0.482456
vt 0.874269 0.482456
vt 0.880117 0.084795
vt 0.330409 0.798246
vt 0.327485 0.792398
vt 0.330409 0.792398
vt 0.871345 0.055556
vt 0.350877 0.970760
vt 0.871345 0.014620
vt 0.868421 0.403509
vt 0.836257 0.698830
vt 0.839181 0.675439
vt 0.836257 0.675439
vt 0.359649 0.847953
vt 0.865497 0.690058
vt 0.877193 0.979532
vt 0.701754 0.979532
vt 0.839181 0.681287
vt 0.307018 0.815789
vt 0.877193 0.690058
vt 0.874269 0.690058
vt 0.526316 0.979532
vt 0.771930 0.953216
vt 0.947368 0.947368
vt 0.818713 0.359649
vt 0.994152 0.356725
vt 0.818713 0.356725
vt 0.947368 0.961988
vt 0.771930 0.959064
vt 0.947368 0.959064
vt 0.845029 0.687135
vt 0.856725 0.684211
vt 0.859649 0.687135
vt 0.877193 0.017544
vt 0.874269 0.666667
vt 0.947368 0.888889
vt 0.771930 0.874269
vt 0.771930 0.888889
vt 0.874269 0.029240
vt 0.850877 0.690058
vt 0.847953 0.690058
vt 0.175439 0.979532
vt 0.175439 0.976608
vt 0.994152 0.336257
vt 0.818713 0.333333
vt 0.818713 0.336257
vt 0.868421 0.023392
vt 0.865497 0.023392
vt 0.865497 0.444444
vt 0.874269 0.497076
vt 0.874269 0.494152
vt 0.283626 0.815789
vt 0.280702 0.821637
vt 0.874269 0.628655
vt 0.877193 0.631579
vt 0.865497 0.415205
vt 0.011696 0.842105
vt 0.014620 0.839181
vt 0.321637 0.792398
vt 0.321637 0.795322
vt 0.833333 0.628655
vt 0.836257 0.628655
vt 0.877193 0.967836
vt 0.701754 0.970760
vt 0.868421 0.426901
vt 0.865497 0.429825
vt 0.865497 0.426901
vt 0.345029 0.845029
vt 0.345029 0.842105
vt 0.549708 0.029240
vt 0.538012 0.073099
vt 0.374269 0.219298
vt 0.818713 0.368421
vt 0.994152 0.365497
vt 0.818713 0.365497
vt 0.994152 0.283626
vt 0.915205 0.619883
vt 0.918129 0.616959
vt 0.923977 0.628655
vt 0.994152 0.271930
vt 0.818713 0.274854
vt 0.818713 0.271930
vt 0.850877 0.438596
vt 0.847953 0.391813
vt 0.847953 0.438596
vt 0.853801 0.456140
vt 0.856725 0.453216
vt 0.771930 0.903509
vt 0.859649 0.453216
vt 0.856725 0.456140
vt 0.865497 0.005848
vt 0.850877 0.087719
vt 0.842105 0.628655
vt 0.839181 0.628655
vt 0.947368 0.801170
vt 0.771930 0.786550
vt 0.947368 0.786550
vt 0.754386 0.201754
vt 0.757310 0.204678
vt 0.748538 0.219298
vt 0.874269 0.637427
vt 0.994152 0.248538
vt 0.818713 0.248538
vt 0.994152 0.298246
vt 0.818713 0.301170
vt 0.818713 0.298246
vt 0.830409 0.628655
vt 0.947368 0.903509
vt 0.818713 0.292398
vt 0.856725 0.441520
vt 0.868421 0.064327
vt 0.874269 0.046784
vt 0.818713 0.242690
vt 0.880117 0.394737
vt 0.880117 0.397661
vt 0.748538 0.090643
vt 0.923977 0.090643
vt 0.915205 0.105263
vt 0.994152 0.324561
vt 0.818713 0.327485
vt 0.818713 0.324561
vt 0.333333 0.807018
vt 0.330409 0.807018
vt 0.877193 0.052632
vt 0.874269 0.052632
vt 0.842105 0.690058
vt 0.292398 0.815789
vt 0.292398 0.807018
vt 0.845029 0.690058
vt 0.847953 0.628655
vt 0.871345 0.064327
vt 0.868421 0.055556
vt 0.871345 0.058480
vt 0.856725 0.675439
vt 0.845029 0.456140
vt 0.847953 0.459064
vt 0.874269 0.657895
vt 0.874269 0.660819
vt 0.853801 0.087719
vt 0.856725 0.046784
vt 0.353801 0.856725
vt 0.865497 0.432749
vt 0.874269 0.429825
vt 0.877193 0.432749
vt 0.877193 0.429825
vt 0.871345 0.456140
vt 0.871345 0.453216
vt 0.871345 0.026316
vt 0.994152 0.277778
vt 0.818713 0.277778
vt 0.880117 0.067251
vt 0.877193 0.067251
vt 0.877193 0.049708
vt 0.874269 0.456140
vt 0.865497 0.453216
vt 0.865497 0.438596
vt 0.827485 0.687135
vt 0.830409 0.687135
vt 0.754386 0.546784
vt 0.757310 0.549708
vt 0.748538 0.564327
vt 0.874269 0.432749
vt 0.871345 0.432749
vt 0.350877 0.973684
vt 0.994152 0.266082
vt 0.818713 0.269006
vt 0.871345 0.073099
vt 0.862573 0.684211
vt 0.850877 0.687135
vt 0.874269 0.672515
vt 0.877193 0.675439
vt 0.877193 0.672515
vt 0.994152 0.350877
vt 0.818713 0.347953
vt 0.877193 0.991228
vt 0.701754 0.994152
vt 0.877193 0.450292
vt 0.362573 0.865497
vt 0.362573 0.862573
vt 0.853801 0.090643
vt 0.850877 0.090643
vt 0.877193 0.447368
vt 0.339181 0.812865
vt 0.342105 0.812865
vt 0.853801 0.681287
vt 0.994152 0.345029
vt 0.818713 0.342105
vt 0.818713 0.345029
vt 0.701754 0.964912
vt 0.871345 0.654971
vt 0.868421 0.391813
vt 0.877193 0.988304
vt 0.701754 0.988304
vt 0.868421 0.435673
vt 0.865497 0.435673
vt 0.853801 0.695906
vt 0.865497 0.073099
vt 0.371345 0.660819
vt 0.374269 0.657895
vt 0.371345 0.657895
vt 0.347953 0.809942
vt 0.859649 0.441520
vt 0.181287 0.903509
vt 0.175439 0.921053
vt 0.865497 0.084795
vt 0.865497 0.081871
vt 0.833333 0.692982
vt 0.312865 0.807018
vt 0.877193 0.684211
vt 0.874269 0.684211
vt 0.371345 0.654971
vt 0.868421 0.052632
vt 0.865497 0.055556
vt 0.865497 0.052632
vt 0.871345 0.008772
vt 0.000000 0.979532
vt 0.994152 0.219298
vt 0.818713 0.222222
vt 0.818713 0.219298
vt 0.818713 0.233918
vt 0.324561 0.798246
vt 0.871345 0.087719
vt 0.871345 0.669591
vt 0.874269 0.026316
vt 0.874269 0.023392
vt 0.877193 0.657895
vt 0.339181 0.809942
vt 0.868421 0.421053
vt 0.350877 0.874269
vt 0.760234 0.143275
vt 0.763158 0.140351
vt 0.728070 0.473684
vt 0.725146 0.476608
vt 0.733918 0.470760
vt 0.994152 0.327485
vt 0.818713 0.330409
vt 0.374269 0.681287
vt 0.359649 0.880117
vt 0.868421 0.456140
vt 0.818713 0.362573
vt 0.994152 0.359649
vt 0.771930 0.497076
vt 0.596491 0.500000
vt 0.596491 0.497076
vt 0.763158 0.663743
vt 0.760234 0.663743
vt 0.760234 0.660819
vt 0.295322 0.701754
vt 0.295322 0.722222
vt 0.225146 0.649123
vt 0.312865 0.771930
vt 0.307018 0.798246
vt 0.353801 0.795322
vt 0.350877 0.798246
vt 0.353801 0.798246
vt 0.865497 0.441520
vt 0.865497 0.049708
vt 0.856725 0.391813
vt 0.859649 0.391813
vt 0.976608 0.473684
vt 0.356725 0.868421
vt 0.827485 0.678363
vt 0.830409 0.678363
vt 0.157895 0.979532
vt 0.994152 0.333333
vt 0.856725 0.692982
vt 0.865497 0.456140
vt 0.853801 0.391813
vt 0.994152 0.233918
vt 0.865497 0.684211
vt 0.877193 0.438596
vt 0.874269 0.441520
vt 0.877193 0.441520
vt 0.865497 0.423977
vt 0.643275 0.456140
vt 0.652047 0.453216
vt 0.640351 0.456140
vt 0.818713 0.380117
vt 0.228070 0.818713
vt 0.225146 0.821637
vt 0.271930 0.821637
vt 0.175439 0.935673
vt 0.000000 0.923977
vt 0.175439 0.938596
vt 0.698830 0.497076
vt 0.698830 0.482456
vt 0.178363 0.964912
vt 0.178363 0.961988
vt 0.994152 0.269006
vt 0.976608 0.464912
vt 0.801170 0.464912
vt 0.771930 0.929825
vt 0.947368 0.923977
vt 0.845029 0.628655
vt 0.845029 0.681287
vt 0.842105 0.684211
vt 0.871345 0.038012
vt 0.865497 0.014620
vt 0.347953 0.807018
vt 0.345029 0.807018
vt 0.856725 0.672515
vt 0.994152 0.339181
vt 0.818713 0.339181
vt 0.374269 0.929825
vt 0.397661 0.929825
vt 0.549708 0.944444
vt 0.877193 0.973684
vt 0.865497 0.020468
vt 0.865497 0.017544
vt 0.786550 0.055556
vt 0.777778 0.061404
vt 0.780702 0.058480
vt 0.000000 0.991228
vt 0.871345 0.678363
vt 0.871345 0.040936
vt 0.698830 0.961988
vt 0.771930 0.859649
vt 0.350877 0.894737
vt 0.190058 0.906433
vt 0.190058 0.903509
vt 0.880117 0.008772
vt 0.947368 0.497076
vt 0.771930 0.500000
vt 0.947368 0.500000
vt 0.865497 0.038012
vt 0.827485 0.681287
vt 0.868421 0.000000
vt 0.865497 0.000000
vt 0.350877 0.994152
vt 0.365497 0.801170
vt 0.304094 0.807018
vt 0.315789 0.807018
vt 0.865497 0.628655
vt 0.865497 0.631579
vt 0.871345 0.418129
vt 0.286550 0.821637
vt 0.374269 0.675439
vt 0.374269 0.687135
vt 0.865497 0.035088
vt 0.871345 0.672515
vt 0.877193 0.488304
vt 0.362573 0.795322
vt 0.359649 0.798246
vt 0.321637 0.798246
vt 0.994152 0.225146
vt 0.818713 0.225146
vt 0.277778 0.815789
vt 0.994152 0.301170
vt 0.318713 0.804094
vt 0.277778 0.804094
vt 0.868421 0.020468
vt 0.994152 0.222222
vt 0.000000 0.859649
vt 0.000000 0.894737
vt 0.713450 0.447368
vt 0.716374 0.444444
vt 0.710526 0.444444
vt 0.827485 0.695906
vt 0.824561 0.698830
vt 0.827485 0.698830
vt 0.880117 0.391813
vt 0.868421 0.438596
vt 0.865497 0.058480
vt 0.000000 0.950292
vt 0.877193 0.426901
vt 0.877193 0.406433
vt 0.880117 0.406433
vt 0.871345 0.441520
vt 0.880117 0.029240
vt 0.859649 0.090643
vt 0.859649 0.046784
vt 0.994152 0.371345
vt 0.818713 0.371345
vt 0.333333 0.821637
vt 0.856725 0.087719
vt 0.856725 0.090643
vt 0.877193 0.444444
vt 0.880117 0.017544
vt 0.856725 0.000000
vt 0.868421 0.084795
vt 0.947368 0.859649
vt 0.947368 0.874269
vt 0.698830 0.345029
vt 0.690058 0.339181
vt 0.701754 0.347953
vt 0.374269 0.660819
vt 0.994152 0.362573
vt 0.877193 0.964912
vt 0.865497 0.087719
vt 0.877193 0.687135
vt 0.356725 0.842105
vt 0.359649 0.839181
vt 0.994152 0.347953
vt 0.865497 0.654971
vt 0.859649 0.435673
vt 0.327485 0.818713
vt 0.880117 0.020468
vt 0.994152 0.260234
vt 0.994152 0.374269
vt 0.865497 0.067251
vt 0.874269 0.435673
vt 0.362573 0.880117
vt 0.850877 0.450292
vt 0.994152 0.292398
vt 0.818713 0.295322
vt 0.871345 0.070175
vt 0.868421 0.687135
vt 0.309942 0.812865
vt 0.850877 0.441520
vt 0.362573 0.847953
vt 0.824561 0.695906
vt 0.827485 0.690058
vt 0.868421 0.663743
vt 0.175439 0.859649
vt 0.880117 0.061404
vt 0.771930 0.938596
vt 0.871345 0.666667
vt 0.301170 0.722222
vt 0.301170 0.701754
vt 0.353801 0.692982
vt 0.362573 0.684211
vt 0.359649 0.687135
vt 0.543860 0.078947
vt 0.578947 0.078947
vt 0.581871 0.081871
vt 0.862573 0.628655
vt 0.356725 0.795322
vt 0.356725 0.798246
vt 0.880117 0.087719
vt 0.859649 0.456140
vt 0.862573 0.456140
vt 0.277778 0.807018
vt 0.350877 0.868421
vt 0.748538 0.643275
vt 0.374269 0.786550
vt 0.748538 0.786550
vt 0.292398 0.821637
vt 0.362573 0.839181
vt 0.362573 0.833333
vt 0.000000 0.956140
vt 0.000000 0.961988
vt 0.350877 0.795322
vt 0.994152 0.342105
vt 0.923977 0.564327
vt 0.918129 0.581871
vt 0.915205 0.578947
vt 0.877193 0.435673
vt 0.365497 0.807018
vt 0.877193 0.961988
vt 0.362573 0.827485
vt 0.347953 0.801170
vt 0.450292 0.847953
vt 0.482456 0.868421
vt 0.596491 0.929825
vt 0.295322 0.821637
vt 0.371345 0.745614
vt 0.371345 0.748538
vt 0.368421 0.701754
vt 0.701754 0.944444
vt 0.909357 0.716374
vt 0.918129 0.614035
vt 0.915205 0.614035
vt 0.915205 0.611111
vt 0.906433 0.628655
vt 0.909357 0.616959
vt 0.912281 0.616959
vt 0.912281 0.619883
vt 0.912281 0.611111
vt 0.912281 0.614035
vt 0.362573 0.815789
vt 0.362573 0.868421
vt 0.994152 0.312865
vt 0.356725 0.804094
vt 0.353801 0.804094
vt 0.356725 0.824561
vt 0.222222 0.771930
vt 0.225146 0.771930
vt 0.157895 0.821637
vt 0.157895 0.818713
vt 0.154971 0.818713
vt 0.154971 0.815789
vt 0.152047 0.815789
vt 0.152047 0.809942
vt 0.143275 0.809942
vt 0.143275 0.807018
vt 0.137427 0.807018
vt 0.137427 0.804094
vt 0.134503 0.804094
vt 0.134503 0.801170
vt 0.128655 0.801170
vt 0.128655 0.798246
vt 0.125731 0.798246
vt 0.125731 0.795322
vt 0.122807 0.795322
vt 0.122807 0.792398
vt 0.119883 0.792398
vt 0.119883 0.789474
vt 0.114035 0.789474
vt 0.114035 0.786550
vt 0.111111 0.786550
vt 0.111111 0.783626
vt 0.108187 0.783626
vt 0.108187 0.780702
vt 0.105263 0.780702
vt 0.099415 0.777778
vt 0.099415 0.774854
vt 0.096491 0.774854
vt 0.096491 0.771930
vt 0.093567 0.771930
vt 0.087719 0.769006
vt 0.087719 0.766082
vt 0.084795 0.766082
vt 0.084795 0.763158
vt 0.081871 0.763158
vt 0.081871 0.760234
vt 0.076023 0.760234
vt 0.076023 0.757310
vt 0.073099 0.757310
vt 0.073099 0.754386
vt 0.067251 0.754386
vt 0.067251 0.751462
vt 0.064327 0.751462
vt 0.064327 0.748538
vt 0.058480 0.748538
vt 0.058480 0.745614
vt 0.052632 0.745614
vt 0.052632 0.742690
vt 0.049708 0.742690
vt 0.049708 0.739766
vt 0.046784 0.739766
vt 0.046784 0.736842
vt 0.040936 0.736842
vt 0.040936 0.733918
vt 0.038012 0.733918
vt 0.038012 0.730994
vt 0.035088 0.730994
vt 0.035088 0.728070
vt 0.032164 0.728070
vt 0.032164 0.725146
vt 0.029240 0.725146
vt 0.029240 0.722222
vt 0.026316 0.722222
vt 0.026316 0.719298
vt 0.023392 0.719298
vt 0.023392 0.716374
vt 0.017544 0.716374
vt 0.017544 0.713450
vt 0.014620 0.713450
vt 0.014620 0.710526
vt 0.011696 0.710526
vt 0.011696 0.707602
vt 0.008772 0.707602
vt 0.008772 0.704678
vt 0.005848 0.704678
vt 0.005848 0.701754
vt 0.002924 0.701754
vt 0.002924 0.698830
vt 0.000000 0.698830
vt 0.000000 0.649123
vt 0.002924 0.649123
vt 0.002924 0.695906
vt 0.005848 0.695906
vt 0.005848 0.698830
vt 0.008772 0.698830
vt 0.008772 0.701754
vt 0.011696 0.701754
vt 0.011696 0.704678
vt 0.014620 0.704678
vt 0.014620 0.707602
vt 0.017544 0.707602
vt 0.017544 0.710526
vt 0.020468 0.710526
vt 0.020468 0.713450
vt 0.023392 0.713450
vt 0.023392 0.669591
vt 0.026316 0.669591
vt 0.026316 0.716374
vt 0.029240 0.716374
vt 0.029240 0.719298
vt 0.032164 0.719298
vt 0.032164 0.722222
vt 0.035088 0.722222
vt 0.035088 0.725146
vt 0.038012 0.725146
vt 0.038012 0.728070
vt 0.040936 0.728070
vt 0.040936 0.730994
vt 0.043860 0.730994
vt 0.043860 0.733918
vt 0.046784 0.733918
vt 0.046784 0.690058
vt 0.049708 0.690058
vt 0.049708 0.736842
vt 0.052632 0.736842
vt 0.052632 0.739766
vt 0.055556 0.739766
vt 0.055556 0.742690
vt 0.061404 0.742690
vt 0.061404 0.745614
vt 0.067251 0.745614
vt 0.067251 0.748538
vt 0.070175 0.748538
vt 0.070175 0.751462
vt 0.076023 0.751462
vt 0.076023 0.710526
vt 0.078947 0.710526
vt 0.084795 0.757310
vt 0.084795 0.760234
vt 0.087719 0.760234
vt 0.087719 0.763158
vt 0.090643 0.763158
vt 0.090643 0.766082
vt 0.096491 0.766082
vt 0.096491 0.769006
vt 0.099415 0.769006
vt 0.099415 0.771930
vt 0.102339 0.771930
vt 0.102339 0.774854
vt 0.105263 0.774854
vt 0.105263 0.730994
vt 0.108187 0.730994
vt 0.108187 0.777778
vt 0.111111 0.777778
vt 0.111111 0.780702
vt 0.114035 0.780702
vt 0.114035 0.783626
vt 0.116959 0.783626
vt 0.116959 0.786550
vt 0.122807 0.786550
vt 0.122807 0.789474
vt 0.125731 0.789474
vt 0.125731 0.792398
vt 0.128655 0.792398
vt 0.128655 0.795322
vt 0.131579 0.795322
vt 0.131579 0.751462
vt 0.134503 0.751462
vt 0.134503 0.798246
vt 0.137427 0.798246
vt 0.137427 0.801170
vt 0.140351 0.801170
vt 0.140351 0.804094
vt 0.146199 0.804094
vt 0.146199 0.807018
vt 0.157895 0.812865
vt 0.157895 0.771930
vt 0.160819 0.771930
vt 0.160819 0.818713
vt 0.154971 0.812865
vt 0.222222 0.818713
vt 0.154971 0.807018
vt 0.345029 0.821637
vt 0.374269 0.663743
vt 0.763158 0.543860
vt 0.760234 0.543860
vt 0.757310 0.540936
vt 0.301170 0.821637
vt 0.754386 0.169591
vt 0.754386 0.172515
vt 0.763158 0.172515
vt 0.763158 0.169591
vt 0.760234 0.169591
vt 0.760234 0.166667
vt 0.757310 0.169591
vt 0.055556 0.608187
vt 0.087719 0.608187
vt 0.087719 0.605263
vt 0.084795 0.605263
vt 0.084795 0.602339
vt 0.081871 0.602339
vt 0.058480 0.625731
vt 0.058480 0.622807
vt 0.055556 0.622807
vt 0.081871 0.587719
vt 0.119883 0.587719
vt 0.119883 0.584795
vt 0.116959 0.584795
vt 0.116959 0.581871
vt 0.114035 0.581871
vt 0.114035 0.567251
vt 0.143275 0.567251
vt 0.143275 0.564327
vt 0.140351 0.564327
vt 0.140351 0.561404
vt 0.137427 0.561404
vt 0.137427 0.546784
vt 0.169591 0.546784
vt 0.169591 0.543860
vt 0.166667 0.543860
vt 0.166667 0.540936
vt 0.163743 0.540936
vt 0.163743 0.526316
vt 0.190058 0.526316
vt 0.190058 0.523392
vt 0.187135 0.523392
vt 0.187135 0.520468
vt 0.184211 0.520468
vt 0.184211 0.511696
vt 0.374269 0.511696
vt 0.190058 0.368421
vt 0.190058 0.494152
vt 0.184211 0.494152
vt 0.184211 0.497076
vt 0.178363 0.497076
vt 0.178363 0.500000
vt 0.172515 0.500000
vt 0.172515 0.502924
vt 0.166667 0.502924
vt 0.166667 0.505848
vt 0.160819 0.505848
vt 0.160819 0.508772
vt 0.154971 0.508772
vt 0.149123 0.511696
vt 0.143275 0.514620
vt 0.143275 0.517544
vt 0.140351 0.517544
vt 0.140351 0.520468
vt 0.137427 0.520468
vt 0.131579 0.523392
vt 0.131579 0.526316
vt 0.128655 0.526316
vt 0.128655 0.529240
vt 0.125731 0.529240
vt 0.125731 0.532164
vt 0.122807 0.532164
vt 0.122807 0.535088
vt 0.116959 0.535088
vt 0.116959 0.538012
vt 0.114035 0.538012
vt 0.114035 0.540936
vt 0.111111 0.540936
vt 0.111111 0.543860
vt 0.105263 0.543860
vt 0.105263 0.546784
vt 0.102339 0.546784
vt 0.102339 0.549708
vt 0.099415 0.549708
vt 0.099415 0.552632
vt 0.093567 0.552632
vt 0.093567 0.555556
vt 0.090643 0.555556
vt 0.090643 0.558480
vt 0.087719 0.558480
vt 0.087719 0.561404
vt 0.081871 0.561404
vt 0.081871 0.564327
vt 0.078947 0.564327
vt 0.078947 0.567251
vt 0.073099 0.567251
vt 0.073099 0.570175
vt 0.070175 0.570175
vt 0.070175 0.573099
vt 0.067251 0.573099
vt 0.067251 0.576023
vt 0.061404 0.576023
vt 0.061404 0.578947
vt 0.058480 0.578947
vt 0.058480 0.581871
vt 0.055556 0.581871
vt 0.055556 0.584795
vt 0.049708 0.584795
vt 0.049708 0.587719
vt 0.046784 0.587719
vt 0.046784 0.590643
vt 0.043860 0.590643
vt 0.043860 0.593567
vt 0.038012 0.593567
vt 0.038012 0.596491
vt 0.035088 0.596491
vt 0.035088 0.599415
vt 0.032164 0.599415
vt 0.032164 0.602339
vt 0.026316 0.602339
vt 0.026316 0.605263
vt 0.023392 0.605263
vt 0.023392 0.608187
vt 0.020468 0.608187
vt 0.020468 0.611111
vt 0.014620 0.611111
vt 0.014620 0.614035
vt 0.011696 0.614035
vt 0.011696 0.616959
vt 0.008772 0.616959
vt 0.008772 0.619883
vt 0.002924 0.619883
vt 0.002924 0.622807
vt 0.000000 0.622807
vt 0.035088 0.649123
vt 0.035088 0.646199
vt 0.032164 0.646199
vt 0.032164 0.643275
vt 0.029240 0.643275
vt 0.029240 0.628655
vt 0.061404 0.628655
vt 0.061404 0.625731
vt 0.345029 0.795322
vt 0.877193 0.681287
vt 0.333333 0.798246
vt 0.014620 0.836257
vt 0.011696 0.836257
vt 0.011696 0.833333
vt 0.008772 0.836257
vt 0.005848 0.839181
vt 0.008772 0.839181
vt 0.008772 0.842105
vt 0.342105 0.818713
vt 0.339181 0.649123
vt 0.836257 0.695906
vt 0.880117 0.040936
vt 0.880117 0.418129
vt 0.923977 0.500000
vt 0.918129 0.517544
vt 0.915205 0.517544
vt 0.915205 0.514620
vt 0.912281 0.520468
vt 0.912281 0.523392
vt 0.909357 0.520468
vt 0.912281 0.517544
vt 0.994152 0.286550
vt 0.994152 0.321637
vt 0.374269 0.777778
vt 0.175439 0.184211
vt 0.128655 0.184211
vt 0.128655 0.181287
vt 0.038012 0.181287
vt 0.038012 0.184211
vt 0.000000 0.184211
vt 0.000000 0.368421
vt 0.374269 0.000000
vt 0.198830 0.000000
vt 0.160819 0.915205
vt 0.163743 0.915205
vt 0.163743 0.918129
vt 0.166667 0.915205
vt 0.169591 0.912281
vt 0.909357 0.111111
vt 0.912281 0.111111
vt 0.915205 0.111111
vt 0.918129 0.111111
vt 0.918129 0.108187
vt 0.909357 0.108187
vt 0.842105 0.695906
vt 0.362573 0.736842
vt 0.359649 0.736842
vt 0.359649 0.739766
vt 0.356725 0.739766
vt 0.356725 0.742690
vt 0.350877 0.742690
vt 0.350877 0.745614
vt 0.347953 0.745614
vt 0.347953 0.748538
vt 0.342105 0.748538
vt 0.342105 0.751462
vt 0.339181 0.701754
vt 0.342105 0.701754
vt 0.342105 0.745614
vt 0.345029 0.745614
vt 0.345029 0.742690
vt 0.347953 0.742690
vt 0.347953 0.739766
vt 0.368421 0.730994
vt 0.368421 0.733918
vt 0.359649 0.733918
vt 0.359649 0.730994
vt 0.356725 0.733918
vt 0.353801 0.736842
vt 0.859649 0.087719
vt 0.748538 -0.000000
vt 0.584795 0.008772
vt 0.581871 0.008772
vt 0.581871 0.011696
vt 0.374269 0.698830
vt 0.880117 0.409357
vt 0.798246 0.675439
vt 0.798246 0.678363
vt 0.795322 0.678363
vt 0.795322 0.681287
vt 0.792398 0.681287
vt 0.792398 0.684211
vt 0.789474 0.684211
vt 0.789474 0.687135
vt 0.783626 0.687135
vt 0.783626 0.690058
vt 0.780702 0.690058
vt 0.780702 0.692982
vt 0.774854 0.692982
vt 0.774854 0.695906
vt 0.771930 0.698830
vt 0.804094 0.672515
vt 0.804094 0.675439
vt 0.754386 0.666667
vt 0.754386 0.663743
vt 0.763158 0.666667
vt 0.757310 0.666667
vt 0.757310 0.669591
vt 0.751462 0.669591
vt 0.751462 0.692982
vt 0.757310 0.692982
vt 0.757310 0.695906
vt 0.807018 0.669591
vt 0.807018 0.672515
vt 0.812865 0.666667
vt 0.812865 0.669591
vt 0.815789 0.663743
vt 0.815789 0.666667
vt 0.818713 0.660819
vt 0.818713 0.663743
vt 0.821637 0.657895
vt 0.821637 0.660819
vt 0.824561 0.654971
vt 0.824561 0.657895
vt 0.818713 0.657895
vt 0.818713 0.654971
vt 0.821637 0.654971
vt 0.815789 0.660819
vt 0.815789 0.657895
vt 0.812865 0.663743
vt 0.812865 0.660819
vt 0.809942 0.666667
vt 0.809942 0.663743
vt 0.804094 0.669591
vt 0.804094 0.666667
vt 0.801170 0.672515
vt 0.801170 0.669591
vt 0.795322 0.628655
vt 0.798246 0.628655
vt 0.798246 0.672515
vt 0.795322 0.675439
vt 0.792398 0.678363
vt 0.792398 0.675439
vt 0.789474 0.681287
vt 0.789474 0.678363
vt 0.786550 0.684211
vt 0.786550 0.681287
vt 0.780702 0.687135
vt 0.780702 0.684211
vt 0.777778 0.690058
vt 0.777778 0.687135
vt 0.771930 0.692982
vt 0.771930 0.690058
vt 0.766082 0.649123
vt 0.769006 0.649123
vt 0.769006 0.692982
vt 0.766082 0.660819
vt 0.766082 0.663743
vt 0.748538 0.666667
vt 0.748538 0.695906
vt 0.754386 0.695906
vt 0.771930 0.157895
vt 0.763158 0.137427
vt 0.760234 0.137427
vt 0.754386 0.140351
vt 0.757310 0.137427
vt 0.754386 0.137427
vt 0.584795 0.017544
vt 0.584795 0.014620
vt 0.587719 0.014620
vt 0.587719 0.011696
vt 0.584795 0.011696
vt 0.587719 0.078947
vt 0.587719 0.076023
vt 0.584795 0.076023
vt 0.584795 0.073099
vt 0.581871 0.076023
vt 0.578947 0.076023
vt 0.581871 0.014620
vt 0.754386 0.198830
vt 0.923977 0.190058
vt 0.760234 0.204678
vt 0.760234 0.201754
vt 0.763158 0.201754
vt 0.763158 0.198830
vt 0.760234 0.198830
vt 0.757310 0.198830
vt 0.757310 0.195906
vt 0.371345 0.777778
vt 0.350877 0.959064
vt 0.877193 0.695906
vt 0.312865 0.821637
vt 0.994152 0.230994
vt 0.757310 0.172515
vt 0.757310 0.175439
vt 0.760234 0.172515
vt 0.877193 0.646199
vt 0.362573 0.824561
vt 0.359649 0.824561
vt 0.336257 0.821637
vt 0.915205 0.520468
vt 0.880117 0.011696
vt 0.839181 0.698830
vt 0.912281 0.578947
vt 0.912281 0.581871
vt 0.909357 0.581871
vt 0.909357 0.584795
vt 0.912281 0.584795
vt 0.915205 0.584795
vt 0.918129 0.584795
vt 0.915205 0.587719
vt 0.166667 0.912281
vt 0.166667 0.909357
vt 0.163743 0.912281
vt 0.880117 0.400585
vt 0.877193 0.982456
vt 0.976608 0.459064
vt 0.596491 0.786550
vt 0.634503 0.786550
vt 0.634503 0.909357
vt 0.725146 0.786550
vt 0.347953 0.944444
vt 0.461988 0.456140
vt 0.461988 0.459064
vt 0.429825 0.459064
vt 0.429825 0.473684
vt 0.432749 0.473684
vt 0.432749 0.476608
vt 0.459064 0.456140
vt 0.459064 0.453216
vt 0.456140 0.453216
vt 0.456140 0.438596
vt 0.494152 0.435673
vt 0.494152 0.438596
vt 0.488304 0.432749
vt 0.491228 0.432749
vt 0.491228 0.435673
vt 0.517544 0.415205
vt 0.517544 0.418129
vt 0.488304 0.418129
vt 0.514620 0.415205
vt 0.511696 0.412281
vt 0.514620 0.412281
vt 0.543860 0.394737
vt 0.543860 0.397661
vt 0.511696 0.397661
vt 0.540936 0.394737
vt 0.540936 0.391813
vt 0.538012 0.391813
vt 0.538012 0.377193
vt 0.564327 0.374269
vt 0.564327 0.377193
vt 0.558480 0.371345
vt 0.561404 0.371345
vt 0.561404 0.374269
vt 0.558480 0.362573
vt 0.564327 0.219298
vt 0.596491 0.219298
vt 0.596491 0.362573
vt 0.558480 0.347953
vt 0.558480 0.345029
vt 0.564327 0.345029
vt 0.552632 0.350877
vt 0.552632 0.347953
vt 0.546784 0.353801
vt 0.546784 0.350877
vt 0.540936 0.356725
vt 0.540936 0.353801
vt 0.535088 0.359649
vt 0.535088 0.356725
vt 0.529240 0.362573
vt 0.529240 0.359649
vt 0.523392 0.365497
vt 0.523392 0.362573
vt 0.517544 0.368421
vt 0.517544 0.365497
vt 0.514620 0.371345
vt 0.514620 0.368421
vt 0.511696 0.377193
vt 0.511696 0.371345
vt 0.502924 0.380117
vt 0.502924 0.377193
vt 0.500000 0.383041
vt 0.500000 0.380117
vt 0.497076 0.385965
vt 0.497076 0.383041
vt 0.491228 0.388889
vt 0.491228 0.385965
vt 0.488304 0.391813
vt 0.488304 0.388889
vt 0.485380 0.391813
vt 0.479532 0.397661
vt 0.479532 0.394737
vt 0.476608 0.397661
vt 0.473684 0.403509
vt 0.473684 0.400585
vt 0.467836 0.406433
vt 0.467836 0.403509
vt 0.464912 0.409357
vt 0.464912 0.406433
vt 0.461988 0.412281
vt 0.461988 0.409357
vt 0.456140 0.415205
vt 0.456140 0.412281
vt 0.453216 0.418129
vt 0.453216 0.415205
vt 0.447368 0.421053
vt 0.447368 0.418129
vt 0.444444 0.423977
vt 0.444444 0.421053
vt 0.441520 0.426901
vt 0.441520 0.423977
vt 0.435673 0.429825
vt 0.435673 0.426901
vt 0.432749 0.432749
vt 0.432749 0.429825
vt 0.429825 0.435673
vt 0.429825 0.432749
vt 0.423977 0.438596
vt 0.423977 0.435673
vt 0.421053 0.441520
vt 0.421053 0.438596
vt 0.418129 0.444444
vt 0.418129 0.441520
vt 0.412281 0.447368
vt 0.412281 0.444444
vt 0.409357 0.450292
vt 0.409357 0.447368
vt 0.406433 0.453216
vt 0.406433 0.450292
vt 0.400585 0.456140
vt 0.400585 0.453216
vt 0.397661 0.459064
vt 0.397661 0.456140
vt 0.394737 0.461988
vt 0.394737 0.459064
vt 0.388889 0.464912
vt 0.388889 0.461988
vt 0.385965 0.467836
vt 0.385965 0.464912
vt 0.383041 0.470760
vt 0.383041 0.467836
vt 0.377193 0.473684
vt 0.377193 0.470760
vt 0.374269 0.500000
vt 0.374269 0.473684
vt 0.409357 0.497076
vt 0.409357 0.500000
vt 0.403509 0.494152
vt 0.406433 0.494152
vt 0.406433 0.497076
vt 0.435673 0.476608
vt 0.435673 0.479532
vt 0.877193 0.423977
vt 0.915205 0.719298
vt 0.915205 0.716374
vt 0.918129 0.716374
vt 0.918129 0.713450
vt 0.915205 0.713450
vt 0.909357 0.713450
vt 0.912281 0.710526
vt 0.912281 0.713450
vt 0.339181 0.839181
vt 0.342105 0.847953
vt 0.976608 0.476608
vt 0.994152 0.388889
vt 0.318713 0.798246
vt 0.362573 0.842105
vt 0.994152 0.239766
vt 0.865497 0.646199
vt 0.362573 0.780702
vt 0.362573 0.783626
vt 0.356725 0.786550
vt 0.353801 0.786550
vt 0.353801 0.789474
vt 0.350877 0.789474
vt 0.350877 0.792398
vt 0.342105 0.792398
vt 0.342105 0.789474
vt 0.347953 0.786550
vt 0.350877 0.786550
vt 0.350877 0.783626
vt 0.353801 0.783626
vt 0.353801 0.780702
vt 0.359649 0.780702
vt 0.359649 0.777778
vt 0.365497 0.780702
vt 0.994152 0.304094
vt 0.000000 0.997076
vt 0.423977 0.558480
vt 0.423977 0.555556
vt 0.426901 0.555556
vt 0.426901 0.540936
vt 0.394737 0.540936
vt 0.394737 0.538012
vt 0.397661 0.538012
vt 0.397661 0.535088
vt 0.400585 0.535088
vt 0.400585 0.520468
vt 0.374269 0.520468
vt 0.374269 0.517544
vt 0.377193 0.517544
vt 0.377193 0.514620
vt 0.380117 0.514620
vt 0.380117 0.500000
vt 0.529240 0.643275
vt 0.529240 0.640351
vt 0.532164 0.640351
vt 0.532164 0.637427
vt 0.535088 0.637427
vt 0.502924 0.622807
vt 0.502924 0.619883
vt 0.505848 0.619883
vt 0.505848 0.616959
vt 0.508772 0.616959
vt 0.476608 0.602339
vt 0.476608 0.599415
vt 0.479532 0.599415
vt 0.479532 0.596491
vt 0.482456 0.596491
vt 0.482456 0.581871
vt 0.444444 0.581871
vt 0.444444 0.578947
vt 0.447368 0.578947
vt 0.447368 0.576023
vt 0.450292 0.576023
vt 0.450292 0.561404
vt 0.421053 0.561404
vt 0.421053 0.558480
vt 0.321637 0.821637
vt 0.877193 0.976608
vt 0.307018 0.821637
vt 0.947368 0.953216
vt 0.771930 0.961988
vt 0.877193 0.497076
vt 0.283626 0.821637
vt 0.877193 0.628655
vt 0.011696 0.839181
vt 0.877193 0.970760
vt 0.342105 0.845029
vt 0.342105 0.842105
vt 0.342105 0.839181
vt 0.374269 0.029240
vt 0.549708 0.067251
vt 0.543860 0.076023
vt 0.540936 0.076023
vt 0.540936 0.073099
vt 0.538012 0.081871
vt 0.540936 0.081871
vt 0.535088 0.078947
vt 0.538012 0.078947
vt 0.538012 0.076023
vt 0.535088 0.076023
vt 0.994152 0.368421
vt 0.915205 0.616959
vt 0.994152 0.274854
vt 0.850877 0.391813
vt 0.847953 0.087719
vt 0.757310 0.201754
vt 0.912281 0.108187
vt 0.915205 0.108187
vt 0.912281 0.105263
vt 0.801170 0.450292
vt 0.804094 0.450292
vt 0.804094 0.456140
vt 0.845029 0.391813
vt 0.877193 0.456140
vt 0.757310 0.543860
vt 0.754386 0.543860
vt 0.763158 0.546784
vt 0.760234 0.549708
vt 0.760234 0.546784
vt 0.757310 0.546784
vt 0.353801 0.827485
vt 0.877193 0.994152
vt 0.181287 0.906433
vt 0.184211 0.906433
vt 0.184211 0.909357
vt 0.187135 0.909357
vt 0.187135 0.906433
vt 0.350877 0.921053
vt 0.187135 0.903509
vt 0.187135 0.900585
vt 0.184211 0.900585
vt 0.184211 0.903509
vt 0.757310 0.140351
vt 0.757310 0.143275
vt 0.760234 0.140351
vt 0.801170 0.421053
vt 0.795322 0.421053
vt 0.795322 0.423977
vt 0.789474 0.423977
vt 0.789474 0.426901
vt 0.786550 0.426901
vt 0.786550 0.429825
vt 0.783626 0.429825
vt 0.783626 0.432749
vt 0.777778 0.432749
vt 0.777778 0.435673
vt 0.774854 0.435673
vt 0.774854 0.391813
vt 0.771930 0.391813
vt 0.771930 0.438596
vt 0.769006 0.438596
vt 0.769006 0.441520
vt 0.766082 0.441520
vt 0.766082 0.444444
vt 0.763158 0.444444
vt 0.763158 0.447368
vt 0.760234 0.447368
vt 0.760234 0.450292
vt 0.754386 0.450292
vt 0.754386 0.453216
vt 0.751462 0.453216
vt 0.751462 0.456140
vt 0.748538 0.456140
vt 0.748538 0.412281
vt 0.745614 0.412281
vt 0.745614 0.459064
vt 0.742690 0.459064
vt 0.742690 0.461988
vt 0.739766 0.461988
vt 0.739766 0.464912
vt 0.736842 0.464912
vt 0.736842 0.467836
vt 0.730994 0.467836
vt 0.730994 0.470760
vt 0.728070 0.470760
vt 0.722222 0.473684
vt 0.722222 0.476608
vt 0.719298 0.476608
vt 0.719298 0.432749
vt 0.716374 0.432749
vt 0.716374 0.447368
vt 0.716374 0.479532
vt 0.707602 0.479532
vt 0.707602 0.476608
vt 0.701754 0.476608
vt 0.701754 0.453216
vt 0.707602 0.453216
vt 0.707602 0.450292
vt 0.713450 0.450292
vt 0.710526 0.447368
vt 0.704678 0.447368
vt 0.704678 0.450292
vt 0.704678 0.479532
vt 0.704678 0.482456
vt 0.722222 0.482456
vt 0.722222 0.479532
vt 0.725146 0.479532
vt 0.730994 0.476608
vt 0.730994 0.473684
vt 0.733918 0.473684
vt 0.739766 0.470760
vt 0.739766 0.467836
vt 0.742690 0.467836
vt 0.742690 0.464912
vt 0.745614 0.464912
vt 0.745614 0.461988
vt 0.748538 0.461988
vt 0.748538 0.459064
vt 0.754386 0.459064
vt 0.754386 0.456140
vt 0.757310 0.456140
vt 0.757310 0.453216
vt 0.763158 0.453216
vt 0.763158 0.450292
vt 0.766082 0.450292
vt 0.766082 0.447368
vt 0.769006 0.447368
vt 0.769006 0.444444
vt 0.771930 0.444444
vt 0.771930 0.441520
vt 0.774854 0.441520
vt 0.774854 0.438596
vt 0.780702 0.438596
vt 0.780702 0.435673
vt 0.786550 0.435673
vt 0.786550 0.432749
vt 0.789474 0.432749
vt 0.789474 0.429825
vt 0.792398 0.429825
vt 0.792398 0.426901
vt 0.798246 0.426901
vt 0.798246 0.423977
vt 0.801170 0.423977
vt 0.698830 0.450292
vt 0.698830 0.479532
vt 0.994152 0.330409
vt 0.301170 0.725146
vt 0.315789 0.771930
vt 0.301170 0.698830
vt 0.295322 0.698830
vt 0.295322 0.725146
vt 0.312865 0.798246
vt 0.614035 0.482456
vt 0.616959 0.482456
vt 0.616959 0.479532
vt 0.619883 0.479532
vt 0.619883 0.476608
vt 0.622807 0.476608
vt 0.622807 0.473684
vt 0.625731 0.473684
vt 0.625731 0.470760
vt 0.628655 0.470760
vt 0.628655 0.467836
vt 0.631579 0.467836
vt 0.631579 0.464912
vt 0.634503 0.464912
vt 0.634503 0.461988
vt 0.640351 0.461988
vt 0.640351 0.459064
vt 0.643275 0.459064
vt 0.654971 0.456140
vt 0.654971 0.453216
vt 0.663743 0.453216
vt 0.663743 0.450292
vt 0.672515 0.450292
vt 0.672515 0.447368
vt 0.681287 0.447368
vt 0.681287 0.444444
vt 0.690058 0.444444
vt 0.690058 0.441520
vt 0.698830 0.441520
vt 0.698830 0.391813
vt 0.695906 0.391813
vt 0.695906 0.438596
vt 0.687135 0.438596
vt 0.687135 0.441520
vt 0.678363 0.441520
vt 0.678363 0.444444
vt 0.611111 0.485380
vt 0.614035 0.485380
vt 0.608187 0.488304
vt 0.611111 0.488304
vt 0.605263 0.491228
vt 0.608187 0.491228
vt 0.599415 0.494152
vt 0.605263 0.494152
vt 0.599415 0.497076
vt 0.599415 0.447368
vt 0.596491 0.447368
vt 0.599415 0.491228
vt 0.605263 0.488304
vt 0.602339 0.488304
vt 0.602339 0.491228
vt 0.608187 0.485380
vt 0.605263 0.485380
vt 0.611111 0.482456
vt 0.608187 0.482456
vt 0.614035 0.479532
vt 0.611111 0.479532
vt 0.616959 0.476608
vt 0.614035 0.476608
vt 0.619883 0.473684
vt 0.616959 0.473684
vt 0.622807 0.426901
vt 0.619883 0.426901
vt 0.622807 0.467836
vt 0.625731 0.467836
vt 0.628655 0.464912
vt 0.625731 0.464912
vt 0.631579 0.461988
vt 0.628655 0.461988
vt 0.637427 0.459064
vt 0.631579 0.459064
vt 0.637427 0.456140
vt 0.643275 0.453216
vt 0.640351 0.453216
vt 0.646199 0.406433
vt 0.643275 0.406433
vt 0.646199 0.453216
vt 0.660819 0.450292
vt 0.652047 0.450292
vt 0.669591 0.447368
vt 0.660819 0.447368
vt 0.669591 0.444444
vt 0.228070 0.771930
vt 0.269006 0.771930
vt 0.269006 0.818713
vt 0.374269 0.944444
vt 0.549708 0.929825
vt 0.839181 0.035088
vt 0.839181 0.032164
vt 0.847953 0.032164
vt 0.847953 0.035088
vt 0.842105 0.035088
vt 0.842105 0.038012
vt 0.833333 0.038012
vt 0.833333 0.040936
vt 0.824561 0.040936
vt 0.824561 0.043860
vt 0.815789 0.043860
vt 0.815789 0.046784
vt 0.807018 0.046784
vt 0.807018 0.049708
vt 0.795322 0.049708
vt 0.795322 0.052632
vt 0.792398 0.052632
vt 0.792398 0.055556
vt 0.786550 0.058480
vt 0.783626 0.058480
vt 0.783626 0.061404
vt 0.780702 0.061404
vt 0.780702 0.064327
vt 0.777778 0.064327
vt 0.777778 0.067251
vt 0.774854 0.067251
vt 0.774854 0.070175
vt 0.771930 0.070175
vt 0.771930 0.073099
vt 0.769006 0.073099
vt 0.769006 0.076023
vt 0.766082 0.076023
vt 0.766082 0.078947
vt 0.763158 0.078947
vt 0.763158 0.081871
vt 0.760234 0.081871
vt 0.760234 0.084795
vt 0.757310 0.084795
vt 0.757310 0.087719
vt 0.751462 0.087719
vt 0.751462 0.090643
vt 0.748538 0.040936
vt 0.751462 0.040936
vt 0.751462 0.084795
vt 0.754386 0.084795
vt 0.754386 0.081871
vt 0.757310 0.081871
vt 0.757310 0.078947
vt 0.760234 0.078947
vt 0.830409 0.038012
vt 0.830409 0.035088
vt 0.821637 0.040936
vt 0.821637 0.038012
vt 0.812865 0.043860
vt 0.812865 0.040936
vt 0.804094 0.046784
vt 0.804094 0.043860
vt 0.795322 0.000000
vt 0.798246 0.000000
vt 0.798246 0.046784
vt 0.795322 0.046784
vt 0.792398 0.049708
vt 0.792398 0.046784
vt 0.760234 0.076023
vt 0.763158 0.076023
vt 0.763158 0.073099
vt 0.766082 0.073099
vt 0.766082 0.070175
vt 0.769006 0.070175
vt 0.769006 0.067251
vt 0.771930 0.067251
vt 0.771930 0.020468
vt 0.774854 0.020468
vt 0.774854 0.061404
vt 0.777778 0.058480
vt 0.780702 0.055556
vt 0.783626 0.055556
vt 0.783626 0.052632
vt 0.789474 0.052632
vt 0.789474 0.049708
vt 0.698830 0.956140
vt 0.359649 0.795322
vt 0.868421 0.087719
vt 0.730994 0.368421
vt 0.730994 0.321637
vt 0.728070 0.321637
vt 0.728070 0.365497
vt 0.733918 0.371345
vt 0.733918 0.368421
vt 0.736842 0.374269
vt 0.736842 0.371345
vt 0.742690 0.377193
vt 0.742690 0.374269
vt 0.757310 0.342105
vt 0.754386 0.342105
vt 0.754386 0.383041
vt 0.818713 0.391813
vt 0.757310 0.388889
vt 0.751462 0.383041
vt 0.754386 0.391813
vt 0.751462 0.385965
vt 0.751462 0.388889
vt 0.754386 0.388889
vt 0.748538 0.380117
vt 0.748538 0.385965
vt 0.725146 0.365497
vt 0.725146 0.362573
vt 0.722222 0.362573
vt 0.722222 0.359649
vt 0.719298 0.359649
vt 0.719298 0.356725
vt 0.713450 0.356725
vt 0.713450 0.353801
vt 0.710526 0.353801
vt 0.710526 0.350877
vt 0.707602 0.350877
vt 0.707602 0.347953
vt 0.704678 0.347953
vt 0.704678 0.301170
vt 0.701754 0.301170
vt 0.701754 0.345029
vt 0.698830 0.342105
vt 0.695906 0.342105
vt 0.695906 0.339181
vt 0.692982 0.339181
vt 0.692982 0.336257
vt 0.687135 0.336257
vt 0.687135 0.333333
vt 0.684211 0.333333
vt 0.684211 0.330409
vt 0.681287 0.330409
vt 0.681287 0.327485
vt 0.675439 0.327485
vt 0.675439 0.280702
vt 0.672515 0.280702
vt 0.672515 0.321637
vt 0.666667 0.321637
vt 0.666667 0.318713
vt 0.663743 0.318713
vt 0.663743 0.315789
vt 0.657895 0.315789
vt 0.657895 0.312865
vt 0.652047 0.312865
vt 0.652047 0.309942
vt 0.649123 0.309942
vt 0.649123 0.307018
vt 0.646199 0.307018
vt 0.646199 0.260234
vt 0.643275 0.260234
vt 0.643275 0.304094
vt 0.640351 0.304094
vt 0.640351 0.301170
vt 0.637427 0.301170
vt 0.637427 0.298246
vt 0.634503 0.298246
vt 0.634503 0.295322
vt 0.631579 0.295322
vt 0.631579 0.292398
vt 0.628655 0.292398
vt 0.628655 0.289474
vt 0.625731 0.289474
vt 0.625731 0.286550
vt 0.622807 0.286550
vt 0.622807 0.239766
vt 0.619883 0.239766
vt 0.619883 0.283626
vt 0.616959 0.283626
vt 0.616959 0.280702
vt 0.614035 0.280702
vt 0.614035 0.277778
vt 0.611111 0.277778
vt 0.611111 0.274854
vt 0.608187 0.274854
vt 0.608187 0.271930
vt 0.605263 0.271930
vt 0.605263 0.269006
vt 0.602339 0.269006
vt 0.602339 0.266082
vt 0.599415 0.266082
vt 0.599415 0.219298
vt 0.596491 0.269006
vt 0.599415 0.269006
vt 0.599415 0.271930
vt 0.602339 0.271930
vt 0.602339 0.274854
vt 0.605263 0.274854
vt 0.605263 0.277778
vt 0.608187 0.277778
vt 0.608187 0.280702
vt 0.611111 0.280702
vt 0.611111 0.283626
vt 0.614035 0.283626
vt 0.614035 0.286550
vt 0.619883 0.286550
vt 0.619883 0.289474
vt 0.622807 0.289474
vt 0.622807 0.292398
vt 0.625731 0.292398
vt 0.625731 0.295322
vt 0.628655 0.295322
vt 0.628655 0.298246
vt 0.631579 0.298246
vt 0.631579 0.301170
vt 0.634503 0.301170
vt 0.634503 0.304094
vt 0.637427 0.304094
vt 0.637427 0.307018
vt 0.643275 0.307018
vt 0.643275 0.309942
vt 0.646199 0.309942
vt 0.646199 0.312865
vt 0.649123 0.312865
vt 0.649123 0.315789
vt 0.654971 0.315789
vt 0.654971 0.318713
vt 0.660819 0.318713
vt 0.660819 0.321637
vt 0.663743 0.321637
vt 0.663743 0.324561
vt 0.669591 0.324561
vt 0.669591 0.327485
vt 0.672515 0.327485
vt 0.672515 0.330409
vt 0.678363 0.330409
vt 0.678363 0.333333
vt 0.681287 0.333333
vt 0.681287 0.336257
vt 0.684211 0.336257
vt 0.684211 0.339181
vt 0.690058 0.342105
vt 0.692982 0.342105
vt 0.692982 0.345029
vt 0.695906 0.345029
vt 0.695906 0.347953
vt 0.701754 0.350877
vt 0.704678 0.350877
vt 0.704678 0.353801
vt 0.707602 0.353801
vt 0.707602 0.356725
vt 0.710526 0.356725
vt 0.710526 0.359649
vt 0.716374 0.359649
vt 0.716374 0.362573
vt 0.719298 0.362573
vt 0.719298 0.365497
vt 0.722222 0.365497
vt 0.722222 0.368421
vt 0.725146 0.368421
vt 0.725146 0.371345
vt 0.730994 0.371345
vt 0.730994 0.374269
vt 0.733918 0.374269
vt 0.733918 0.377193
vt 0.739766 0.377193
vt 0.739766 0.380117
vt 0.751462 0.377193
vt 0.994152 0.295322
vt 0.347953 0.652047
vt 0.347953 0.649123
vt 0.339181 0.652047
vt 0.342105 0.652047
vt 0.345029 0.701754
vt 0.345029 0.698830
vt 0.350877 0.698830
vt 0.350877 0.695906
vt 0.345029 0.652047
vt 0.353801 0.695906
vt 0.359649 0.692982
vt 0.359649 0.690058
vt 0.362573 0.690058
vt 0.362573 0.687135
vt 0.365497 0.687135
vt 0.365497 0.684211
vt 0.362573 0.681287
vt 0.359649 0.684211
vt 0.356725 0.687135
vt 0.356725 0.690058
vt 0.350877 0.690058
vt 0.350877 0.692982
vt 0.347953 0.692982
vt 0.347953 0.695906
vt 0.345029 0.695906
vt 0.584795 0.078947
vt 0.540936 0.078947
vt 0.581871 0.078947
vt 0.584795 0.081871
vt 0.374269 0.643275
vt 0.915205 0.581871
vt 0.394737 0.824561
vt 0.394737 0.827485
vt 0.426901 0.827485
vt 0.426901 0.842105
vt 0.423977 0.842105
vt 0.423977 0.845029
vt 0.397661 0.824561
vt 0.397661 0.821637
vt 0.400585 0.821637
vt 0.400585 0.807018
vt 0.374269 0.804094
vt 0.374269 0.807018
vt 0.380117 0.801170
vt 0.377193 0.801170
vt 0.377193 0.804094
vt 0.380117 0.786550
vt 0.529240 0.926901
vt 0.529240 0.929825
vt 0.535088 0.923977
vt 0.532164 0.923977
vt 0.532164 0.926901
vt 0.502924 0.906433
vt 0.502924 0.909357
vt 0.535088 0.909357
vt 0.505848 0.906433
vt 0.508772 0.903509
vt 0.505848 0.903509
vt 0.476608 0.885965
vt 0.476608 0.888889
vt 0.508772 0.888889
vt 0.479532 0.885965
vt 0.421053 0.845029
vt 0.421053 0.847953
vt 0.450292 0.862573
vt 0.447368 0.862573
vt 0.447368 0.865497
vt 0.479532 0.883041
vt 0.482456 0.883041
vt 0.444444 0.865497
vt 0.444444 0.868421
vt 0.374269 0.745614
vt 0.371345 0.701754
vt 0.318713 0.807018
s 0
usemtl stair_1_Material
f 41/1/1 42/2/1 39/3/1
f 1447/4/2 733/5/2 748/6/2
f 215/7/2 1042/8/2 1480/9/2
f 1182/10/2 1187/11/2 1189/12/2
f 1190/13/3 1187/14/3 1188/15/3
f 379/16/2 393/17/2 395/18/2
f 928/19/4 942/20/4 941/21/4
f 144/22/5 143/23/5 142/24/5
f 1078/25/1 1079/26/1 1082/27/1
f 954/28/5 953/29/5 956/30/5
f 854/31/1 847/32/1 848/33/1
f 888/34/3 885/35/3 886/36/3
f 1041/37/2 1038/38/2 1039/39/2
f 527/40/1 533/41/1 526/42/1
f 338/43/6 348/44/6 297/45/6
f 328/46/1 333/47/1 327/48/1
f 628/49/4 631/50/4 629/51/4
f 321/52/2 325/53/2 312/54/2
f 434/55/2 436/56/2 435/57/2
f 354/58/2 356/59/2 355/60/2
f 63/61/1 66/62/1 61/63/1
f 724/64/4 722/65/4 721/66/4
f 763/67/1 769/68/1 762/69/1
f 62/61/1 57/70/1 59/71/1
f 1201/72/5 1206/73/5 1204/74/5
f 1373/75/4 1378/76/4 1372/77/4
f 924/78/1 915/79/1 917/80/1
f 697/81/6 599/82/6 571/83/6
f 1357/84/1 1344/85/1 1354/86/1
f 1029/87/6 1031/88/6 1032/89/6
f 485/90/4 487/91/4 486/92/4
f 834/93/1 810/94/1 811/95/1
f 1340/96/2 1338/97/2 1335/98/2
f 217/99/1 1485/100/1 220/101/1
f 539/102/2 1426/103/2 1429/104/2
f 1041/105/3 1040/106/3 1042/107/3
f 528/108/1 518/109/1 519/110/1
f 1323/111/1 1326/112/1 1329/113/1
f 568/114/2 570/115/2 569/52/2
f 508/116/5 513/117/5 514/118/5
f 1123/119/4 1125/120/4 1124/121/4
f 1418/122/2 1421/123/2 463/124/2
f 24/125/5 27/126/5 26/127/5
f 364/128/5 370/129/5 371/130/5
f 955/131/4 985/132/4 952/133/4
f 413/134/2 412/135/2 411/136/2
f 925/137/2 923/138/2 920/139/2
f 736/140/4 734/141/4 733/142/4
f 61/143/3 67/144/3 81/145/3
f 1107/146/2 1105/147/2 1108/148/2
f 1047/149/2 1051/150/2 1038/151/2
f 895/152/4 897/153/4 896/154/4
f 1211/155/4 1047/156/4 1038/157/4
f 1321/158/1 1312/159/1 1318/160/1
f 444/161/5 450/162/5 451/163/5
f 233/164/5 232/165/5 231/166/5
f 783/167/2 782/93/2 781/168/2
f 76/169/5 75/170/5 74/171/5
f 982/172/5 981/173/5 984/29/5
f 465/174/4 467/175/4 466/176/4
f 110/177/1 112/178/1 108/179/1
f 730/180/2 735/181/2 737/182/2
f 1108/147/2 1113/183/2 1115/148/2
f 742/184/2 743/42/2 727/181/2
f 1098/185/1 1089/186/1 1095/187/1
f 511/188/1 517/189/1 510/190/1
f 1164/191/1 1155/192/1 1161/193/1
f 1444/194/1 78/195/1 1443/196/1
f 383/197/2 390/198/2 1410/199/2
f 247/200/6 249/201/6 250/202/6
f 1436/203/5 1434/204/5 1435/205/5
f 780/206/1 785/207/1 779/208/1
f 980/209/2 986/210/2 983/211/2
f 105/1/1 100/212/1 102/213/1
f 1261/214/1 1272/215/1 1275/216/1
f 500/217/5 506/218/5 507/219/5
f 949/220/2 947/221/2 944/222/2
f 1371/223/1 1367/224/1 1368/225/1
f 984/226/1 977/227/1 978/210/1
f 1096/121/4 1134/228/4 1133/229/4
f 627/51/5 615/230/5 614/50/5
f 1243/231/5 1242/232/5 1245/233/5
f 1313/234/1 1305/160/1 1310/235/1
f 1505/236/4 1503/237/4 1502/238/4
f 1107/239/3 1110/240/3 1109/241/3
f 702/242/2 704/243/2 703/244/2
f 7/245/5 1439/246/5 1438/247/5
f 433/248/5 443/249/5 436/250/5
f 1206/251/1 1212/252/1 1215/253/1
f 710/254/2 712/255/2 711/256/2
f 1359/257/1 1352/258/1 1353/259/1
f 713/260/4 715/261/4 714/262/4
f 946/72/5 945/226/5 948/263/5
f 506/264/2 508/116/2 507/265/2
f 1295/266/4 1121/267/4 1112/268/4
f 1109/269/2 1116/270/2 1490/103/2
f 472/271/6 474/272/6 471/273/6
f 1104/274/6 1106/241/6 1103/275/6
f 311/276/3 325/106/3 326/277/3
f 400/278/4 398/67/4 397/279/4
f 106/280/1 107/281/1 104/282/1
f 565/283/2 564/109/2 563/284/2
f 987/285/4 996/173/4 995/286/4
f 23/287/5 21/288/5 20/289/5
f 428/290/5 434/291/5 435/292/5
f 611/293/1 689/242/1 610/294/1
f 705/12/4 707/295/4 706/11/4
f 1161/296/5 1166/297/5 1164/38/5
f 138/298/1 144/299/1 142/300/1
f 704/48/5 710/260/5 711/47/5
f 662/301/2 663/302/2 639/303/2
f 1197/304/4 1199/260/4 1198/305/4
f 159/306/5 158/307/5 157/308/5
f 1500/309/3 241/310/3 239/311/3
f 1052/312/4 1050/313/4 1049/314/4
f 836/315/4 833/316/4 834/223/4
f 72/3/1 67/71/1 69/212/1
f 226/317/1 227/318/1 223/319/1
f 8/320/1 7/321/1 10/322/1
f 375/323/1 405/324/1 374/325/1
f 1467/326/2 895/327/2 890/328/2
f 23/329/1 1406/330/1 22/331/1
f 1156/294/5 1155/332/5 1158/242/5
f 709/333/5 719/64/5 712/334/5
f 1087/335/5 1092/132/5 1090/133/5
f 1200/336/2 1197/337/2 1505/338/2
f 1183/189/3 1182/339/3 1184/340/3
f 1080/341/6 1097/342/6 1089/343/6
f 1006/344/2 1012/345/2 1009/346/2
f 588/59/4 586/347/4 585/348/4
f 318/349/6 320/350/6 317/351/6
f 773/352/5 544/155/5 541/353/5
f 230/354/1 231/355/1 228/356/1
f 546/357/5 551/358/5 552/359/5
f 1434/360/2 626/361/2 624/362/2
f 40/363/5 39/178/5 38/364/5
f 267/365/6 265/366/6 266/367/6
f 533/368/4 535/369/4 534/370/4
f 124/371/1 125/372/1 122/373/1
f 645/374/6 647/375/6 648/376/6
f 105/377/5 104/378/5 103/379/5
f 584/380/5 590/381/5 591/382/5
f 1357/383/5 1356/384/5 1359/385/5
f 1116/386/3 1113/387/3 1114/388/3
f 1372/389/6 1376/390/6 1370/391/6
f 315/392/2 312/46/2 313/112/2
f 442/393/2 444/51/2 443/49/2
f 1083/132/4 1093/73/4 1080/74/4
f 1049/57/6 1047/394/6 1048/395/6
f 917/250/4 743/396/4 734/397/4
f 516/118/5 521/153/5 522/398/5
f 1489/399/1 1491/400/1 1492/401/1
f 1038/402/3 1052/250/3 1037/403/3
f 524/180/5 530/368/5 531/184/5
f 1197/404/6 1195/405/6 1196/406/6
f 1319/159/2 1325/407/2 1322/408/2
f 959/312/5 963/141/5 965/142/5
f 463/409/5 460/410/5 461/411/5
f 271/412/2 277/413/2 1393/414/2
f 460/140/2 462/415/2 461/249/2
f 672/116/4 675/416/4 673/118/4
f 1090/417/1 1081/418/1 1087/419/1
f 466/420/2 478/421/2 479/422/2
f 660/423/6 662/424/6 659/425/6
f 1209/426/6 1031/427/6 1047/428/6
f 1289/86/1 1274/429/1 1286/430/1
f 726/65/6 728/55/6 725/431/6
f 868/432/4 906/370/4 905/433/4
f 1147/434/2 1146/435/2 1145/436/2
f 253/437/3 252/438/3 254/439/3
f 636/440/2 651/441/2 1439/442/2
f 177/62/1 179/443/1 175/444/1
f 768/445/5 776/446/5 777/325/5
f 405/445/4 407/323/4 406/325/4
f 664/447/4 661/256/4 660/448/4
f 875/449/5 879/450/5 881/451/5
f 1402/452/2 20/453/2 303/454/2
f 621/290/4 623/455/4 622/292/4
f 145/456/1 147/23/1 143/457/1
f 463/458/3 462/459/3 464/460/3
f 1270/461/2 1268/462/2 1265/463/2
f 769/464/4 771/67/4 770/69/4
f 601/465/4 603/466/4 602/467/4
f 464/176/5 469/468/5 470/175/5
f 641/469/2 639/470/2 642/471/2
f 1194/472/2 1195/473/2 1179/11/2
f 628/474/6 630/475/6 627/476/6
f 930/477/1 916/380/1 927/478/1
f 1180/479/2 1182/314/2 1181/480/2
f 397/359/6 395/481/6 396/482/6
f 1511/483/6 35/484/6 1513/485/6
f 972/141/4 969/486/4 968/487/4
f 666/13/3 684/488/3 665/489/3
f 83/212/5 88/490/5 82/491/5
f 1054/492/2 1060/418/2 1057/419/2
f 1297/493/2 1303/467/2 1300/465/2
f 1170/305/4 1208/262/4 1207/494/4
f 1272/495/5 1277/216/5 1275/496/5
f 127/170/5 126/177/5 125/497/5
f 698/243/5 702/12/5 703/498/5
f 356/499/5 362/425/5 363/296/5
f 404/500/5 411/501/5 412/502/5
f 1273/503/2 1279/504/2 1276/505/2
f 523/108/2 522/506/2 521/110/2
f 1404/507/5 1402/508/5 1403/509/5
f 920/510/4 934/511/4 933/512/4
f 748/513/4 746/514/4 745/515/4
f 202/516/5 201/517/5 200/518/5
f 28/452/2 477/519/2 1421/123/2
f 457/520/6 459/460/6 460/458/6
f 48/521/5 47/522/5 46/523/5
f 426/524/2 428/525/2 427/526/2
f 284/527/3 281/528/3 282/529/3
f 279/530/4 281/531/4 280/532/4
f 333/295/4 335/46/4 334/48/4
f 1169/471/5 1174/480/5 1172/533/5
f 902/534/5 901/432/5 904/368/5
f 1046/533/2 1047/535/2 1031/426/2
f 1217/536/1 1209/537/1 1211/215/1
f 905/110/2 903/538/2 900/539/2
f 1506/540/4 242/541/4 241/542/4
f 960/459/6 962/543/6 959/544/6
f 840/545/2 842/546/2 841/536/2
f 860/547/5 859/548/5 862/549/5
f 987/550/2 990/551/2 988/552/2
f 295/553/3 347/80/3 296/554/3
f 423/96/1 429/202/1 422/200/1
f 1118/555/2 1493/104/2 1123/556/2
f 801/557/6 803/558/6 804/559/6
f 44/560/5 43/523/5 42/204/5
f 1408/561/5 1407/169/5 1406/562/5
f 998/563/2 1004/564/2 1001/551/2
f 812/565/1 794/566/1 795/78/1
f 753/567/4 755/568/4 754/569/4
f 1337/570/1 1328/571/1 1334/189/1
f 910/370/5 909/572/5 912/573/5
f 194/574/1 189/575/1 191/576/1
f 1191/577/6 1193/578/6 1194/579/6
f 259/580/3 258/76/3 260/581/3
f 809/259/4 811/582/4 810/257/4
f 1378/583/2 1377/584/2 1376/585/2
f 658/474/5 642/448/5 657/447/5
f 648/470/2 650/479/2 649/471/2
f 1096/586/2 1102/587/2 1099/588/2
f 359/589/1 365/590/1 358/591/1
f 262/592/6 264/593/6 261/580/6
f 544/594/2 549/595/2 551/596/2
f 1209/597/1 1223/598/1 1210/599/1
f 1154/600/2 1160/601/2 1157/602/2
f 828/603/2 1459/7/2 1456/604/2
f 671/118/5 647/410/5 646/416/5
f 1013/605/5 1018/606/5 1016/514/5
f 156/607/2 881/608/2 888/609/2
f 608/610/5 686/228/5 687/611/5
f 1337/446/5 1336/612/5 1339/613/5
f 416/357/1 421/524/1 415/614/1
f 343/261/4 345/615/4 344/616/4
f 1483/617/1 1476/618/1 1481/619/1
f 213/620/1 216/621/1 211/622/1
f 34/485/3 1510/623/3 1512/624/3
f 1497/401/1 1503/625/1 1504/626/1
f 556/206/2 557/627/2 541/595/2
f 35/628/5 37/629/5 36/630/5
f 87/631/1 94/632/1 92/633/1
f 938/634/1 929/382/1 935/380/1
f 1358/635/4 1374/16/4 1355/636/4
f 244/637/6 124/638/6 119/639/6
f 164/640/1 165/70/1 162/641/1
f 1040/642/4 1038/643/4 1037/644/4
f 1231/645/4 1247/232/4 1246/646/4
f 681/647/6 675/648/6 676/649/6
f 1314/650/4 1324/392/4 1311/651/4
f 1233/652/1 1222/653/1 1230/186/1
f 525/153/4 527/180/4 526/534/4
f 817/291/3 816/654/3 818/655/3
f 89/656/2 1446/657/2 725/658/2
f 1249/659/2 1255/660/2 1252/661/2
f 976/662/2 1475/663/2 181/664/2
f 738/665/5 730/666/5 737/667/5
f 700/295/1 705/473/1 699/11/1
f 766/668/2 768/206/2 767/594/2
f 872/669/1 899/670/1 902/671/1
f 1467/672/4 1465/673/4 1464/674/4
f 1454/373/1 1457/675/1 1458/195/1
f 699/676/4 466/677/4 700/678/4
f 194/679/5 193/680/5 192/681/5
f 1509/626/5 180/682/5 179/625/5
f 370/128/2 372/590/2 371/591/2
f 1224/683/6 1226/684/6 1223/685/6
f 1167/252/2 1165/686/2 1162/434/2
f 1428/687/1 1423/688/1 1425/689/1
f 743/369/2 747/41/2 734/42/2
f 340/47/2 342/690/2 341/691/2
f 322/692/6 324/693/6 321/404/6
f 474/694/2 475/592/2 459/76/2
f 1416/695/5 1415/696/5 1414/697/5
f 850/698/5 642/699/5 639/700/5
f 1310/701/5 1315/702/5 1313/703/5
f 149/704/5 148/705/5 147/706/5
f 501/182/4 503/707/4 502/181/4
f 638/708/5 662/255/5 639/709/5
f 685/710/5 696/711/5 688/712/5
f 391/713/6 393/128/6 394/591/6
f 1205/714/4 1218/715/4 1202/716/4
f 1244/717/4 1262/718/4 1241/601/4
f 553/525/5 541/176/5 540/174/5
f 466/719/3 480/720/3 465/721/3
f 774/722/1 770/723/1 771/724/1
f 276/725/2 281/651/2 283/726/2
f 1256/602/5 1261/717/5 1259/660/5
f 928/27/2 934/97/2 931/727/2
f 657/425/3 656/91/3 658/728/3
f 373/729/4 375/730/4 374/731/4
f 913/93/2 911/670/2 908/95/2
f 980/132/4 990/732/4 989/733/4
f 1162/734/6 1213/735/6 1203/736/6
f 1117/648/6 1119/737/6 1120/577/6
f 1322/111/4 1332/738/4 1319/739/4
f 132/740/1 133/741/1 130/742/1
f 64/540/4 79/743/4 65/744/4
f 575/59/5 583/513/5 576/745/5
f 260/746/5 252/747/5 259/701/5
f 1491/748/4 1493/238/4 1492/237/4
f 1453/679/1 111/689/1 1452/681/1
f 816/582/4 814/654/4 813/257/4
f 579/219/1 585/749/1 578/218/1
f 77/373/1 80/750/1 75/751/1
f 10/752/6 33/753/6 29/754/6
f 760/129/5 766/755/5 767/756/5
f 1494/330/4 1496/757/4 1495/758/4
f 1338/587/4 1348/713/4 1335/759/4
f 651/376/3 650/91/3 652/375/3
f 597/135/2 600/760/2 598/761/2
f 1388/762/5 14/289/5 15/288/5
f 592/209/5 597/465/5 598/227/5
f 894/264/4 891/763/4 890/764/4
f 496/765/1 501/264/1 495/766/1
f 1110/606/5 1115/635/5 1116/767/5
f 912/110/1 919/768/1 922/539/1
f 801/385/5 805/769/5 807/524/5
f 453/162/4 455/409/4 454/416/4
f 790/446/2 792/324/2 791/325/2
f 672/265/6 674/162/6 671/770/6
f 1150/435/4 1160/221/4 1159/222/4
f 229/771/5 228/166/5 227/772/5
f 669/773/3 668/774/3 670/775/3
f 346/745/1 334/60/1 335/776/1
f 383/777/3 382/359/3 384/778/3
f 490/527/1 486/779/1 487/780/1
f 242/781/6 1501/782/6 240/783/6
f 993/784/4 1003/767/4 991/785/4
f 761/130/4 763/786/4 762/645/4
f 740/666/6 742/787/6 739/667/6
f 1016/564/1 1007/788/1 1013/789/1
f 304/583/6 306/790/6 303/791/6
f 877/470/2 891/792/2 893/793/2
f 603/794/1 609/795/1 602/796/1
f 383/18/5 380/797/5 381/129/5
f 1191/798/5 1179/335/5 1178/799/5
f 1064/800/2 1070/801/2 1067/418/2
f 240/802/5 1500/542/5 239/4/5
f 1284/803/2 1283/760/2 1281/804/2
f 332/805/5 340/729/5 341/806/5
f 402/67/2 404/694/2 403/807/2
f 256/808/3 270/809/3 255/810/3
f 619/811/5 616/559/5 617/812/5
f 1017/813/4 1027/814/4 1014/815/4
f 62/816/5 61/817/5 60/818/5
f 1473/819/4 1475/820/4 1474/821/4
f 271/822/5 275/823/5 277/532/5
f 296/824/4 338/825/4 298/826/4
f 1478/827/1 204/828/1 1477/829/1
f 298/830/2 299/831/2 296/832/2
f 991/833/2 996/545/2 993/537/2
f 734/514/3 748/347/3 733/515/3
f 297/834/1 300/761/1 301/136/1
f 1043/480/5 1031/312/5 1030/535/5
f 1420/835/1 1415/836/1 1417/837/1
f 838/367/1 835/838/1 836/722/1
f 1170/475/2 1176/839/2 1173/718/2
f 879/451/3 882/840/3 881/841/3
f 1209/262/4 1225/842/4 1224/494/4
f 840/843/5 832/844/5 831/845/5
f 253/345/5 250/610/5 251/846/5
f 642/793/2 655/303/2 657/479/2
f 136/705/1 137/170/1 134/847/1
f 1022/811/2 1028/848/2 1025/149/2
f 619/788/3 618/557/3 620/407/3
f 545/849/3 544/502/3 546/500/3
f 154/456/5 153/308/5 152/457/5
f 1351/850/4 1281/851/4 1283/852/4
f 1186/853/3 1200/693/3 1185/404/3
f 893/154/2 897/534/2 884/153/2
f 817/798/2 814/211/2 815/854/2
f 98/855/1 99/820/1 96/856/1
f 1364/190/2 1363/857/2 1362/105/2
f 575/504/2 574/858/2 573/137/2
f 1257/859/2 1263/465/2 1260/860/2
f 822/211/2 823/72/2 803/854/2
f 1412/856/5 1410/329/5 1411/861/5
f 971/564/2 975/598/2 966/715/2
f 43/862/1 48/863/1 46/99/1
f 311/54/4 313/339/4 312/53/4
f 1442/864/4 1444/865/4 1443/866/4
f 1387/867/5 1385/868/5 1386/869/5
f 278/532/5 283/870/5 284/531/5
f 960/871/5 970/872/5 961/666/5
f 636/492/4 634/805/4 633/873/4
f 562/207/4 560/874/4 559/511/4
f 431/292/1 437/393/1 430/291/1
f 173/875/4 151/876/4 178/877/4
f 972/543/6 974/57/6 971/395/6
f 625/476/3 624/878/3 626/600/3
f 306/879/2 308/54/2 307/880/2
f 613/789/6 615/407/6 616/788/6
f 1486/881/4 1488/758/4 1487/882/4
f 172/883/1 174/884/1 170/885/1
f 1248/886/5 1253/661/5 1251/887/5
f 342/888/5 354/728/5 355/499/5
f 1103/35/5 1107/889/5 1109/890/5
f 1227/891/2 1229/892/2 1220/669/2
f 888/893/5 880/894/5 887/766/5
f 897/478/3 883/301/3 884/477/3
f 386/895/3 400/358/3 385/481/3
f 397/896/2 392/897/2 1413/664/2
f 388/739/4 386/690/4 385/691/4
f 338/898/1 350/685/1 351/899/1
f 274/415/2 276/532/2 275/530/2
f 330/436/5 252/900/5 249/901/5
f 163/902/5 162/903/5 161/704/5
f 650/904/2 667/905/2 669/906/2
f 182/429/2 968/907/2 967/908/2
f 65/909/2 643/910/2 1440/911/2
f 1460/912/4 1462/913/4 1461/914/4
f 606/749/2 608/256/2 607/448/2
f 109/915/5 108/281/5 107/378/5
f 1049/916/2 1044/917/2 1484/918/2
f 97/919/5 96/920/5 95/921/5
f 779/922/4 548/923/4 780/924/4
f 729/925/3 732/926/3 731/55/3
f 246/299/4 243/927/4 245/300/4
f 919/928/5 924/929/5 922/926/5
f 1226/715/2 1227/599/2 1222/930/2
f 837/931/5 618/678/5 615/676/5
f 201/101/1 208/576/1 206/575/1
f 854/851/3 666/932/3 650/933/3
f 31/934/5 28/935/5 29/936/5
f 314/937/2 326/938/2 21/939/2
f 876/940/5 892/152/5 877/117/5
f 1432/941/5 1431/205/5 1430/942/5
f 176/329/5 175/371/5 174/331/5
f 131/943/5 130/944/5 129/945/5
f 1150/435/5 964/946/5 961/900/5
f 185/847/5 184/516/5 183/177/5
f 215/875/4 235/927/4 236/947/4
f 117/280/5 116/948/5 115/282/5
f 775/813/5 782/949/5 778/710/5
f 1306/702/4 1316/726/4 1304/950/4
f 1000/545/1 992/344/1 997/951/1
f 27/835/1 1414/696/1 26/952/1
f 1297/953/4 1309/68/4 1308/954/4
f 1498/955/2 1499/956/2 1177/957/2
f 167/958/5 166/959/5 165/960/5
f 677/961/6 663/649/6 664/962/6
f 666/344/2 682/963/2 683/964/2
f 429/582/4 431/290/4 430/655/4
f 1112/965/3 1126/870/3 1111/190/3
f 40/2/1 36/61/1 37/3/1
f 862/966/1 867/538/1 870/967/1
f 286/823/4 289/968/4 287/880/4
f 847/250/4 622/969/4 848/403/4
f 1033/255/2 1031/187/2 1034/185/2
f 261/970/5 249/726/5 248/950/5
f 258/971/4 256/972/4 255/846/4
f 609/158/4 611/789/4 610/408/4
f 947/973/4 957/312/4 944/535/4
f 285/880/5 273/340/5 272/968/5
f 864/974/2 866/975/2 865/621/2
f 930/976/5 929/510/5 932/977/5
f 309/970/5 306/243/5 307/725/5
f 978/978/4 823/979/4 814/698/4
f 745/513/6 743/784/6 744/980/6
f 674/50/2 675/981/2 647/905/2
f 824/982/4 821/983/4 820/984/4
f 498/549/2 500/985/2 499/986/2
f 392/16/4 395/128/4 393/18/4
f 1142/602/1 1135/987/1 1136/659/1
f 93/988/1 95/920/1 91/989/1
f 1177/990/5 1181/12/5 1183/991/5
f 684/951/4 682/992/4 681/652/4
f 876/548/6 878/993/6 875/549/6
f 365/425/4 367/994/4 366/424/4
f 1127/995/5 1132/814/5 1130/815/5
f 119/869/1 115/862/1 113/868/1
f 963/716/2 961/564/2 964/715/2
f 799/439/2 798/996/2 797/997/2
f 550/998/2 562/999/2 32/1000/2
f 1035/89/3 1034/274/3 1036/88/3
f 889/766/6 891/764/6 892/264/6
f 450/1001/2 452/420/2 451/1002/2
f 208/1003/5 207/882/5 206/516/5
f 68/1004/5 67/1005/5 66/817/5
f 273/651/2 287/1006/2 289/392/2
f 633/559/6 631/492/6 632/812/6
f 139/740/5 138/24/5 137/742/5
f 1057/486/4 1069/799/4 1054/1007/4
f 729/410/2 727/180/2 730/182/2
f 554/526/4 557/174/4 555/525/4
f 512/1008/1 502/665/1 503/822/1
f 1024/1009/1 1015/1010/1 1021/1011/1
f 445/773/4 447/161/4 446/770/4
f 1363/980/5 1280/80/5 1362/513/5
f 677/255/4 679/833/4 678/185/4
f 225/1012/1 222/1013/1 221/318/1
f 218/1014/5 217/1015/5 216/679/5
f 846/92/5 855/1016/5 856/547/5
f 1427/836/5 1429/941/5 1426/942/5
f 1122/606/4 1119/1017/4 1118/1018/4
f 1098/931/5 1097/1019/5 1100/1020/5
f 842/90/5 844/1021/5 845/92/5
f 538/931/5 379/698/5 537/978/5
f 1239/1022/5 1179/225/5 1238/1023/5
f 1066/150/1 1055/419/1 1063/848/1
f 686/963/2 688/610/2 687/964/2
f 310/853/5 315/776/5 316/405/5
f 737/665/3 736/141/3 738/1024/3
f 938/511/5 937/19/5 940/874/5
f 199/1025/1 200/1026/1 197/1027/1
f 697/648/2 696/136/2 695/962/2
f 92/1028/5 91/706/5 90/169/5
f 545/369/5 542/573/5 543/1029/5
f 1364/1030/5 1377/75/5 1365/267/5
f 1433/1031/1 1435/619/1 1431/1032/1
f 1088/1033/2 1094/995/2 1091/1034/2
f 726/114/5 742/732/5 727/1035/5
f 509/1024/4 511/822/4 510/665/4
f 1326/392/5 1331/113/5 1329/1036/5
f 410/1037/1 406/1038/1 407/1039/1
f 755/130/1 761/756/1 754/129/1
f 1100/84/1 1127/1040/1 1130/316/1
f 1029/814/5 1033/642/5 1035/1041/5
f 260/1042/2 1388/1043/2 1384/607/2
f 1342/738/5 1347/1044/5 1345/1045/5
f 1073/1046/2 1072/997/2 1071/220/2
f 493/462/2 492/139/2 491/1047/2
f 1121/1048/2 1125/381/2 1112/1049/2
f 1080/276/2 1086/857/2 1083/851/2
f 285/1050/6 287/1038/6 288/1039/6
f 1286/1051/5 1291/1052/5 1289/1053/5
f 1008/598/1 999/149/1 1005/1054/1
f 1400/881/5 1399/750/5 1398/1055/5
f 1391/1056/5 1390/1057/5 1389/1058/5
f 758/1029/2 760/594/2 759/41/2
f 1409/695/1 1411/1059/1 1407/697/1
f 447/899/1 453/1060/1 446/386/1
f 362/616/2 364/1061/2 363/615/2
f 530/181/2 532/40/2 531/707/2
f 880/1062/2 885/470/2 887/795/2
f 637/806/5 641/1063/5 643/1064/5
f 900/572/4 914/976/4 913/1065/4
f 1076/1066/2 1077/98/2 1078/25/2
f 1260/214/4 1278/546/4 1257/536/4
f 548/176/2 560/290/2 561/1067/2
f 752/1068/5 758/786/5 759/231/5
f 1397/122/2 291/1069/2 286/1070/2
f 326/725/4 324/498/4 323/243/4
f 1347/1071/3 1358/1072/3 1338/1073/3
f 171/1074/5 170/1075/5 169/959/5
f 477/1076/6 475/721/6 476/272/6
f 1299/645/5 1298/1077/5 1301/646/5
f 665/986/4 667/1078/4 666/985/4
f 1447/1079/4 1449/1080/4 1448/864/4
f 1276/1052/4 1292/746/4 1273/971/4
f 1382/1081/5 1381/1082/5 1380/1083/5
f 1249/1084/6 1250/1085/6 1248/1086/6
f 299/1087/5 350/1088/5 1510/1089/5
f 297/1090/5 347/1091/5 295/781/5
f 1006/1092/4 1020/1093/4 1019/1094/4
f 327/277/4 256/932/4 328/276/4
f 625/995/2 622/374/2 623/1095/2
f 380/334/2 382/459/2 381/460/2
f 1268/1096/4 1284/1051/4 1265/546/4
f 1311/954/2 1317/446/2 1314/68/2
f 551/668/3 550/573/3 552/1029/3
f 1305/813/5 1108/1097/5 1105/1098/5
f 1451/673/4 1453/1099/4 1452/165/4
f 1136/352/4 971/216/4 966/353/4
f 1137/1095/5 1142/644/5 1140/814/5
f 1369/759/4 1367/1100/4 1366/635/4
f 1078/1101/5 877/946/5 1076/1102/5
f 1372/1017/2 1375/16/2 1373/636/2
f 480/411/4 478/182/4 477/410/4
f 520/1008/4 518/787/4 517/667/4
f 982/1051/1 953/846/1 979/345/1
f 1025/487/4 1059/1007/4 1022/313/4
f 1042/39/5 1034/297/5 1041/928/5
f 1481/517/4 1482/1103/4 1484/881/4
f 168/1104/1 169/1075/1 166/884/1
f 590/183/2 592/380/2 591/478/2
f 1141/644/4 1147/499/4 1138/888/4
f 744/787/4 741/1105/4 740/131/4
f 1014/788/2 1020/149/2 1017/1054/2
f 1157/297/4 1167/1106/4 1154/994/4
f 1432/619/1 50/689/1 51/1032/1
f 715/981/1 721/1033/1 714/230/1
f 1177/965/6 1179/340/6 1180/189/6
f 854/922/5 647/1107/5 852/712/5
f 1401/1108/1 1403/508/1 1399/1059/1
f 1190/313/5 1182/1109/5 1189/1007/5
f 825/1110/4 827/1111/4 826/1112/4
f 1255/44/5 1370/784/5 1371/663/5
f 472/1067/4 475/1113/4 473/455/4
f 931/1114/3 924/1115/3 932/1116/3
f 1488/399/1 235/829/1 1487/1117/1
f 849/1118/4 865/1119/4 866/1120/4
f 1/1043/5 12/633/5 11/1121/5
f 716/334/1 706/949/1 707/711/1
f 32/1122/5 51/1123/5 50/443/5
f 204/1124/4 182/841/4 181/1125/4
f 86/640/5 85/1126/5 84/1127/5
f 72/1128/5 71/921/5 70/1005/5
f 224/1129/5 223/772/5 222/1130/5
f 160/516/1 161/179/1 158/518/1
f 148/1131/1 154/1132/1 152/298/1
f 571/403/4 386/1133/4 572/277/4
f 101/988/5 100/379/5 99/989/5
f 1044/1134/6 1046/1135/6 1043/105/6
f 823/447/2 827/1136/2 814/475/2
f 1220/1137/4 1236/417/4 1227/150/4
f 1150/1138/2 1151/316/2 1152/1139/2
f 911/1140/4 925/535/4 908/426/4
f 186/1141/1 183/885/1 180/1142/1
f 1397/1143/5 17/1144/5 18/1145/5
f 195/1146/1 196/903/1 193/821/1
f 622/1064/3 636/805/3 621/800/3
f 455/91/1 485/547/1 454/92/1
f 1231/417/2 1237/1147/2 1234/1148/2
f 415/710/4 280/1107/4 416/712/4
f 944/1149/6 981/1150/6 953/1151/6
f 1496/856/1 245/757/1 1495/861/1
f 73/196/1 74/675/1 71/1152/1
f 582/148/2 584/478/2 583/1153/2
f 954/1154/1 945/833/1 951/709/1
f 82/1155/1 84/212/1 81/562/1
f 1476/820/4 1478/1146/4 1477/821/4
f 1188/314/4 1186/302/4 1185/303/4
f 111/1156/4 1446/126/4 89/127/4
f 656/878/4 654/219/4 653/217/4
f 1387/1157/2 262/1158/2 261/1159/2
f 616/1063/2 618/600/2 617/987/2
f 1327/1160/2 1333/557/2 1330/407/2
f 1382/1161/1 11/1162/1 12/1163/1
f 190/705/5 189/1003/5 188/847/5
f 1008/785/5 1007/606/5 1010/767/5
f 1202/1154/2 1208/215/2 1205/495/2
f 1252/1164/4 1270/495/4 1249/839/4
f 262/747/4 265/950/4 263/970/4
f 604/996/1 594/221/1 595/1165/1
f 1212/1166/5 1217/714/5 1215/1167/5
f 391/278/5 379/77/5 378/1030/5
f 1383/1168/1 1385/196/1 1381/237/1
f 272/1046/6 274/438/6 271/439/6
f 1123/531/6 1121/190/6 1122/1135/6
f 851/168/1 857/967/1 860/94/1
f 315/351/3 314/1169/3 316/808/3
f 831/284/2 830/768/2 829/1170/2
f 547/502/4 549/359/4 548/357/4
f 280/747/2 292/244/2 293/970/2
f 1253/462/1 1264/1171/1 1267/1047/1
f 414/1172/5 418/773/5 419/1173/5
f 420/525/5 426/582/5 427/1174/5
f 1282/891/1 1266/1175/1 1280/93/1
f 469/273/3 468/1176/3 470/239/3
f 694/724/1 690/1177/1 691/719/1
f 1230/151/5 1235/1137/5 1233/597/5
f 1462/1014/1 141/1032/1 1461/679/1
f 155/958/1 157/307/1 153/960/1
f 538/283/1 534/858/1 535/284/1
f 1264/718/5 1269/1164/5 1267/1178/5
f 570/1179/5 573/146/5 574/792/5
f 886/450/4 884/36/4 883/1180/4
f 976/666/4 974/133/4 973/872/4
f 1064/1181/4 1074/1182/4 1073/810/4
f 345/683/1 357/1183/1 344/899/1
f 577/146/4 579/1153/4 578/148/4
f 1395/1184/5 1393/509/5 1394/1185/5
f 439/51/1 445/1001/1 438/982/1
f 1213/669/2 1219/825/2 1216/1186/2
f 135/1187/5 134/741/5 133/944/5
f 853/1188/1 850/826/1 849/1189/1
f 198/903/5 197/819/5 196/705/5
f 1078/1101/4 1085/221/4 1076/1102/4
f 317/922/5 305/520/5 304/924/5
f 566/1062/5 568/1009/5 569/1179/5
f 496/248/4 321/427/4 312/396/4
f 372/994/5 402/1078/5 403/1106/5
f 471/455/5 459/906/5 458/1113/5
f 1445/689/1 1448/194/1 1449/681/1
f 1235/887/1 1240/1190/1 1243/1147/1
f 1391/1191/1 15/1185/1 14/1184/1
f 904/284/1 907/138/1 910/1170/1
f 1172/601/1 1163/475/1 1169/476/1
f 242/607/1 239/1192/1 241/1193/1
f 1252/1194/3 1239/1195/3 1251/1196/3
f 1071/1197/4 1077/1198/4 1075/1199/4
f 1301/69/1 1294/1200/1 1295/464/1
f 792/614/5 797/385/5 798/524/5
f 637/1033/6 639/422/6 640/1201/6
f 1291/703/1 1296/746/1 1299/1202/1
f 620/292/5 625/904/5 626/455/5
f 1485/620/5 221/1130/5 220/622/5
f 55/63/1 56/444/1 53/1203/1
f 1343/384/4 1361/259/4 1360/258/4
f 212/819/5 211/758/5 210/1003/5
f 820/1204/6 822/982/6 819/393/6
f 1327/612/4 1341/1205/4 1340/1206/4
f 593/381/4 595/209/4 594/860/4
f 482/421/2 484/1207/2 483/422/2
f 437/731/4 439/217/4 438/1208/4
f 409/1209/5 276/979/5 273/1210/5
f 1468/687/4 1470/618/4 1469/329/4
f 1470/1211/1 178/912/1 1469/1212/1
f 307/1213/3 310/96/3 309/578/3
f 1146/643/4 1149/296/4 1145/499/4
f 1088/1214/4 1102/1019/4 1101/1215/4
f 1192/1109/4 1195/799/4 1193/798/4
f 793/1205/4 795/614/4 794/383/4
f 813/1111/3 827/1216/3 828/1112/3
f 539/592/6 541/500/6 542/849/6
f 663/185/2 679/951/2 654/833/2
f 1424/371/1 30/195/1 31/688/1
f 1105/183/2 1119/1048/2 1121/1049/2
f 805/559/2 803/1217/2 806/873/2
f 818/291/5 806/1204/5 817/393/5
f 850/852/6 663/933/6 849/851/6
f 918/698/5 727/1218/5 916/979/5
f 992/1210/5 806/1218/5 803/157/5
f 54/171/5 53/497/5 52/363/5
f 689/228/4 691/293/4 690/294/4
f 643/1201/3 642/1207/3 644/422/3
f 390/1219/3 387/1061/3 388/615/3
f 718/477/2 720/1109/2 719/302/2
f 879/796/2 877/1062/2 880/795/2
f 1455/1220/4 141/876/4 146/1221/4
f 691/1222/3 600/1223/3 698/1224/3
f 720/261/5 749/567/5 750/616/5
f 452/1207/5 482/90/5 483/375/5
f 725/973/5 729/140/5 731/248/5
f 1061/533/4 884/428/4 1062/426/4
f 968/1225/6 970/87/6 967/1037/6
f 1128/191/2 1134/843/2 1131/845/2
f 1463/196/1 1465/748/1 1466/237/1
f 1104/266/5 1120/995/5 1105/815/5
f 1457/1079/4 1459/913/4 1458/1226/4
f 1508/1227/5 113/704/5 112/1028/5
f 1360/200/2 1358/98/2 1355/1022/2
f 348/727/2 349/136/2 347/834/2
f 1339/1228/1 1342/1219/1 1345/1044/1
f 484/423/5 491/549/5 492/986/5
f 1140/1190/1 1129/801/1 1137/418/1
f 1241/1229/2 1247/860/2 1244/381/2
f 1204/839/1 1171/1154/1 1201/1136/1
f 275/1230/3 278/1231/3 277/565/3
f 86/898/6 88/388/6 87/899/6
f 209/1232/1 210/1027/1 207/1013/1
f 896/1153/6 894/793/6 895/792/6
f 542/41/2 544/596/2 543/1233/2
f 1021/266/5 1026/813/5 1024/1234/5
f 1292/1235/2 1290/804/2 1287/134/2
f 844/708/2 846/1154/2 845/1136/2
f 651/1063/5 648/217/5 649/878/5
f 1138/801/2 1144/659/2 1141/886/2
f 294/823/4 292/879/4 291/1008/4
f 489/266/5 308/1098/5 305/268/5
f 250/249/2 252/530/2 251/402/2
f 807/873/3 806/1236/3 808/1217/3
f 58/1237/5 57/818/5 56/522/5
f 1471/1211/1 1473/828/1 1474/1238/1
f 1318/726/5 1323/650/5 1321/1239/5
f 824/1240/6 826/1110/6 823/421/6
f 1287/755/4 1303/1077/4 1302/1241/4
f 320/46/2 321/739/2 305/112/2
f 694/353/5 459/1167/5 693/216/5
f 600/550/5 606/158/5 607/563/5
f 1512/782/2 35/808/2 34/824/2
f 424/1242/4 422/55/4 421/431/4
f 123/1243/5 122/1244/5 121/948/5
f 330/498/2 332/1006/2 331/1245/2
f 936/382/2 942/211/2 939/1246/2
f 1239/505/1 1248/462/1 1251/1247/1
f 622/230/2 634/420/2 635/1033/2
f 1259/992/1 1242/119/1 1256/653/1
f 630/374/2 631/888/2 615/1095/2
f 776/634/2 778/798/2 777/1109/2
f 270/846/4 268/611/4 267/610/4
f 360/922/4 358/711/4 357/712/4
f 376/460/1 366/711/1 367/1248/1
f 318/1249/4 321/60/4 319/58/4
f 580/1250/1 571/1251/1 572/31/1
f 462/807/2 467/76/2 469/77/2
f 554/976/6 556/208/6 553/668/6
f 1162/332/4 1176/991/4 1175/990/4
f 559/977/6 557/207/6 558/208/6
f 1400/562/1 19/171/1 18/169/1
f 652/765/5 669/770/5 670/773/5
f 259/277/2 256/402/2 257/106/2
f 234/865/1 237/319/1 232/866/1
f 587/627/1 593/796/1 586/1252/1
f 1501/663/2 1506/607/2 1500/1253/2
f 280/406/3 294/692/3 279/1230/3
f 1128/229/4 1144/294/4 1143/1254/4
f 939/1166/4 949/551/4 936/552/4
f 1079/799/5 1084/133/5 1082/872/5
f 237/630/5 1499/1255/5 1498/355/5
f 548/1062/3 562/874/3 547/1256/3
f 351/1257/5 302/1258/5 1511/245/5
f 1131/1259/7 1084/1260/7 1092/1261/7
f 660/1262/2 668/1263/2 684/1264/2
f 1352/471/4 1186/1265/4 1353/533/4
f 1066/1266/5 1065/1182/5 1068/1267/5
f 395/64/2 399/1242/2 386/459/2
f 1343/1206/2 1349/383/2 1346/1205/2
f 1213/842/4 1229/569/4 1228/1268/4
f 264/402/2 265/1134/2 249/106/2
f 861/65/4 873/928/4 858/39/4
f 494/774/5 498/766/5 499/765/5
f 1044/297/4 1047/1269/4 1045/1270/4
f 256/972/2 268/293/2 269/747/2
f 1308/579/2 1306/134/2 1304/648/2
f 873/669/2 871/1271/2 868/671/2
f 787/1252/1 793/1256/1 786/207/1
f 529/787/5 564/52/5 532/879/5
f 997/784/5 1002/588/5 1000/663/5
f 390/1272/5 382/591/5 389/589/5
f 10/1273/4 1440/1274/4 1441/1275/4
f 1068/987/1 1061/1064/1 1062/801/1
f 751/1276/2 750/168/2 749/966/2
f 118/943/1 121/1244/1 116/945/1
f 1369/200/1 1350/1023/1 1351/1022/1
f 723/566/1 753/1277/1 722/1278/1
f 128/641/1 129/1279/1 126/1280/1
f 998/1281/4 1012/286/4 1011/1093/4
f 187/1282/1 188/1142/1 184/1026/1
f 867/37/5 872/65/5 870/66/5
f 1455/1283/2 819/1284/2 801/1285/2
f 1420/855/5 1418/618/5 1419/856/5
f 802/1001/5 822/1286/5 803/1240/5
f 654/489/3 680/1287/3 653/350/3
f 1056/1092/5 1055/1267/5 1058/1094/5
f 1424/1288/5 1423/1028/5 1422/561/5
f 1111/767/4 1113/759/4 1112/635/4
f 788/949/4 786/642/4 785/1041/4
f 1195/854/2 1199/74/2 1186/335/2
f 799/642/5 830/66/5 800/333/5
f 940/566/1 943/1289/1 946/79/1
f 1156/224/1 1150/1138/1 1153/1290/1
f 1056/848/1 1023/492/1 1053/812/1
f 418/501/2 420/357/2 419/502/2
f 291/1277/6 289/692/6 290/1231/6
f 970/21/2 971/1009/2 961/20/2
f 784/324/5 790/1205/5 791/501/5
f 49/70/1 52/1203/1 47/1279/1
f 377/593/6 379/778/6 380/777/6
f 21/1291/3 24/1292/3 1439/1293/3
f 515/1294/2 514/966/2 513/506/2
f 952/346/2 958/1051/2 955/546/2
f 382/690/2 387/1219/2 389/738/2
f 1392/363/1 1394/1280/1 1390/364/1
f 1210/1295/5 1222/1296/5 1034/1297/5
f 854/1188/5 863/1271/5 850/1189/5
f 41/1/1 44/1298/1 42/2/1
f 1447/4/2 736/1299/2 733/5/2
f 748/6/2 1450/802/2 1447/4/2
f 215/7/2 1484/918/2 1044/917/2
f 1043/1300/2 1030/1301/2 1029/1302/2
f 215/7/2 1044/917/2 1043/1300/2
f 1480/9/2 214/604/2 215/7/2
f 1049/916/2 1482/1303/2 1480/9/2
f 1040/1304/2 1037/1305/2 1052/1306/2
f 1052/1306/2 1049/916/2 1480/9/2
f 215/7/2 1043/1300/2 1029/1302/2
f 1035/1307/2 1036/1308/2 1042/8/2
f 215/7/2 1029/1302/2 1035/1307/2
f 1040/1304/2 1052/1306/2 1480/9/2
f 215/7/2 1035/1307/2 1042/8/2
f 1042/8/2 1040/1304/2 1480/9/2
f 1182/10/2 1186/472/2 1187/11/2
f 1190/13/3 1189/1309/3 1187/14/3
f 379/16/2 394/1310/2 393/17/2
f 928/19/4 931/874/4 942/20/4
f 144/22/5 145/1311/5 143/23/5
f 1078/25/1 1076/1066/1 1079/26/1
f 954/28/5 951/172/5 953/29/5
f 854/31/1 852/1251/1 847/32/1
f 888/34/3 887/890/3 885/35/3
f 1041/37/2 1034/643/2 1038/38/2
f 527/40/1 536/1233/1 533/41/1
f 297/45/6 301/553/6 302/1312/6
f 297/45/6 302/1312/6 298/1313/6
f 351/1314/6 352/80/6 348/44/6
f 297/45/6 298/1313/6 338/43/6
f 338/43/6 351/1314/6 348/44/6
f 328/46/1 336/691/1 333/47/1
f 628/49/4 632/904/4 631/50/4
f 321/52/2 324/115/2 325/53/2
f 434/55/2 433/925/2 436/56/2
f 354/58/2 353/348/2 356/59/2
f 63/61/1 68/632/1 66/62/1
f 724/64/4 723/431/4 722/65/4
f 763/67/1 772/445/1 769/68/1
f 62/61/1 60/63/1 57/70/1
f 1201/72/5 1203/263/5 1206/73/5
f 1373/75/4 1379/581/4 1378/76/4
f 924/78/1 921/566/1 915/79/1
f 647/1315/6 675/1316/6 866/1119/6
f 866/1119/6 855/1317/6 843/1318/6
f 843/1318/6 844/1319/6 839/1320/6
f 839/1320/6 840/1321/6 831/1322/6
f 831/1322/6 829/1323/6 799/1324/6
f 799/1324/6 797/1325/6 789/1326/6
f 789/1326/6 790/1327/6 783/1328/6
f 783/1328/6 781/1329/6 775/1330/6
f 775/1330/6 776/1331/6 765/1332/6
f 765/1332/6 766/1333/6 757/1334/6
f 757/1334/6 758/1335/6 751/1336/6
f 751/1336/6 749/1337/6 717/1338/6
f 717/1338/6 718/1339/6 709/1340/6
f 709/1340/6 710/1341/6 701/1342/6
f 701/1342/6 702/1343/6 697/81/6
f 697/81/6 695/1344/6 685/1345/6
f 685/1345/6 686/1346/6 605/1347/6
f 605/1347/6 606/1348/6 599/82/6
f 599/82/6 597/1349/6 589/1350/6
f 589/1350/6 590/1351/6 581/1352/6
f 581/1352/6 582/1353/6 575/1354/6
f 575/1354/6 573/1355/6 567/1356/6
f 567/1356/6 568/1357/6 565/1358/6
f 565/1358/6 563/1359/6 529/1360/6
f 529/1360/6 530/1361/6 523/1362/6
f 523/1362/6 521/1363/6 515/1364/6
f 515/1364/6 513/1365/6 505/1366/6
f 505/1366/6 506/1367/6 497/1368/6
f 497/1368/6 498/1369/6 493/1370/6
f 493/1370/6 491/1371/6 481/1372/6
f 481/1372/6 482/1373/6 449/1374/6
f 449/1374/6 450/1375/6 441/1376/6
f 441/1376/6 442/1377/6 433/1378/6
f 433/1378/6 434/1379/6 425/1380/6
f 425/1380/6 426/1381/6 417/1382/6
f 417/1382/6 418/1383/6 413/1384/6
f 413/1384/6 411/1385/6 401/1386/6
f 401/1386/6 402/1387/6 369/1388/6
f 369/1388/6 370/1389/6 361/1390/6
f 361/1390/6 362/1391/6 353/1392/6
f 353/1392/6 354/1393/6 339/1394/6
f 339/1394/6 340/1395/6 329/1396/6
f 329/1396/6 330/1397/6 249/1398/6
f 249/1398/6 265/1399/6 327/1400/6
f 327/1400/6 333/1401/6 334/1402/6
f 334/1402/6 343/1403/6 344/1404/6
f 344/1404/6 357/1405/6 358/1406/6
f 358/1406/6 365/1407/6 366/1408/6
f 366/1408/6 373/1409/6 374/1410/6
f 374/1410/6 405/1411/6 406/1412/6
f 409/1413/6 273/1414/6 289/1415/6
f 366/1408/8 374/1410/8 406/1412/8
f 409/1413/6 289/1415/6 415/1416/6
f 406/1412/6 409/1413/6 415/1416/6
f 415/1416/6 421/1417/6 422/1418/6
f 422/1418/6 429/1419/6 430/1420/6
f 430/1420/6 437/1421/6 438/1422/6
f 438/1422/6 445/1423/6 446/1424/6
f 446/1424/6 453/1425/6 454/1426/6
f 454/1426/6 485/1427/6 486/1428/6
f 489/1429/6 305/1430/6 321/1431/6
f 446/1424/9 454/1426/9 486/1428/9
f 489/1429/6 321/1431/6 495/1432/6
f 486/1428/6 489/1429/6 495/1432/6
f 495/1432/6 501/1433/6 502/1434/6
f 502/1434/6 509/1435/6 510/1436/6
f 510/1436/6 517/1437/6 518/1438/6
f 518/1438/6 525/1439/6 526/1440/6
f 526/1440/6 533/1441/6 534/1442/6
f 537/1443/6 379/1444/6 395/1445/6
f 518/1438/6 526/1440/6 534/1442/6
f 537/1443/6 395/1445/6 571/83/6
f 510/1436/6 518/1438/6 534/1442/6
f 534/1442/6 537/1443/6 571/83/6
f 571/83/6 577/1446/6 578/1447/6
f 578/1447/6 585/1448/6 586/1449/6
f 586/1449/6 593/1450/6 594/1451/6
f 594/1451/6 601/1452/6 602/1453/6
f 602/1453/6 609/1454/6 610/1455/6
f 610/1455/6 689/1456/6 690/1457/6
f 693/1458/6 459/1459/6 475/1460/6
f 693/1458/6 475/1460/6 699/1461/6
f 699/1461/6 705/1462/6 706/1463/6
f 706/1463/6 713/1464/6 714/1465/6
f 714/1465/6 721/1466/6 722/1467/6
f 722/1467/6 753/1468/6 754/1469/6
f 754/1469/6 761/1470/6 762/1471/6
f 762/1471/6 769/1472/6 770/1473/6
f 773/1474/6 541/1475/6 557/1476/6
f 773/1474/6 557/1476/6 779/1477/6
f 779/1477/6 785/1478/6 786/1479/6
f 786/1479/6 793/1480/6 794/1481/6
f 794/1481/6 809/1482/6 810/1483/6
f 837/1484/6 615/1485/6 631/1486/6
f 837/1484/6 631/1486/6 847/1487/6
f 835/1488/6 837/1484/6 847/1487/6
f 852/1489/6 647/1315/6 866/1119/6
f 847/1487/6 852/1489/6 866/1119/6
f 843/1318/6 839/1320/6 831/1322/6
f 831/1322/6 799/1324/6 789/1326/6
f 783/1328/6 775/1330/6 765/1332/6
f 831/1322/6 789/1326/6 783/1328/6
f 847/1487/6 866/1119/6 843/1318/6
f 835/1488/6 847/1487/6 843/1318/6
f 835/1488/6 843/1318/6 831/1322/6
f 773/1474/10 779/1477/10 786/1479/10
f 770/1473/6 773/1474/6 786/1479/6
f 770/1473/6 786/1479/6 794/1481/6
f 722/1467/6 754/1469/6 762/1471/6
f 722/1467/6 762/1471/6 770/1473/6
f 706/1463/5 714/1465/5 722/1467/5
f 690/1457/6 693/1458/6 699/1461/6
f 690/1457/6 699/1461/6 706/1463/6
f 594/1451/6 602/1453/6 610/1455/6
f 690/1457/6 706/1463/6 722/1467/6
f 594/1451/6 610/1455/6 690/1457/6
f 571/83/6 578/1447/6 586/1449/6
f 594/1451/6 690/1457/6 722/1467/6
f 571/83/6 586/1449/6 594/1451/6
f 510/1436/6 534/1442/6 571/83/6
f 486/1428/6 495/1432/6 502/1434/6
f 486/1428/6 502/1434/6 510/1436/6
f 430/1420/9 438/1422/9 446/1424/9
f 430/1420/2 446/1424/2 486/1428/2
f 406/1412/6 415/1416/6 422/1418/6
f 422/1418/6 430/1420/6 486/1428/6
f 406/1412/6 422/1418/6 486/1428/6
f 344/1404/6 358/1406/6 366/1408/6
f 334/1402/6 344/1404/6 366/1408/6
f 329/1396/6 249/1398/6 327/1400/6
f 329/1396/6 327/1400/6 334/1402/6
f 353/1392/11 339/1394/11 329/1396/11
f 401/1386/12 369/1388/12 361/1390/12
f 353/1392/6 329/1396/6 334/1402/6
f 401/1386/6 361/1390/6 353/1392/6
f 413/1384/6 401/1386/6 353/1392/6
f 353/1392/6 334/1402/6 366/1408/6
f 353/1392/6 366/1408/6 406/1412/6
f 413/1384/6 353/1392/6 406/1412/6
f 413/1384/6 406/1412/6 486/1428/6
f 433/1378/6 425/1380/6 417/1382/6
f 417/1382/6 413/1384/6 486/1428/6
f 433/1378/6 417/1382/6 486/1428/6
f 449/1374/6 441/1376/6 433/1378/6
f 493/1370/6 481/1372/6 449/1374/6
f 505/1366/2 497/1368/2 493/1370/2
f 515/1364/6 505/1366/6 493/1370/6
f 493/1370/6 449/1374/6 433/1378/6
f 493/1370/6 433/1378/6 486/1428/6
f 523/1362/6 515/1364/6 493/1370/6
f 565/1358/6 529/1360/6 523/1362/6
f 575/1354/6 567/1356/6 565/1358/6
f 589/1350/13 581/1352/13 575/1354/13
f 685/1345/2 605/1347/2 599/82/2
f 599/82/6 589/1350/6 575/1354/6
f 575/1354/4 565/1358/4 523/1362/4
f 493/1370/6 486/1428/6 510/1436/6
f 571/83/6 594/1451/6 722/1467/6
f 722/1467/14 770/1473/14 794/1481/14
f 523/1362/15 493/1370/15 510/1436/15
f 575/1354/16 523/1362/16 510/1436/16
f 833/1490/6 835/1488/6 831/1322/6
f 783/1328/6 765/1332/6 757/1334/6
f 751/1336/6 717/1338/6 709/1340/6
f 783/1328/6 757/1334/6 751/1336/6
f 810/1483/6 833/1490/6 831/1322/6
f 794/1481/15 810/1483/15 831/1322/15
f 751/1336/6 709/1340/6 701/1342/6
f 697/81/6 685/1345/6 599/82/6
f 751/1336/6 701/1342/6 697/81/6
f 794/1481/5 831/1322/5 783/1328/5
f 722/1467/6 794/1481/6 783/1328/6
f 783/1328/6 751/1336/6 697/81/6
f 722/1467/6 783/1328/6 697/81/6
f 575/1354/6 510/1436/6 571/83/6
f 599/82/6 575/1354/6 571/83/6
f 571/83/6 722/1467/6 697/81/6
f 1357/84/1 1347/1491/1 1344/85/1
f 1029/87/6 1030/1492/6 1031/88/6
f 485/90/4 488/375/4 487/91/4
f 834/93/1 833/168/1 810/94/1
f 1340/96/2 1341/578/2 1338/97/2
f 217/99/1 219/863/1 1485/100/1
f 1429/104/2 553/1493/2 540/1494/2
f 539/102/2 545/1495/2 1426/103/2
f 1429/104/2 540/1494/2 539/102/2
f 1041/105/3 1039/1134/3 1040/106/3
f 528/108/1 525/1496/1 518/109/1
f 1323/111/1 1320/739/1 1326/112/1
f 568/114/2 567/1035/2 570/115/2
f 508/116/5 505/940/5 513/117/5
f 1123/119/4 1126/963/4 1125/120/4
f 470/1497/2 468/1498/2 1418/122/2
f 1421/123/2 472/1499/2 471/1500/2
f 471/1500/2 458/1501/2 457/1502/2
f 463/124/2 464/1503/2 470/1497/2
f 1421/123/2 471/1500/2 457/1502/2
f 463/124/2 470/1497/2 1418/122/2
f 1421/123/2 457/1502/2 463/124/2
f 24/125/5 25/287/5 27/126/5
f 364/128/5 361/18/5 370/129/5
f 955/131/4 986/1105/4 985/132/4
f 413/134/2 414/804/2 412/135/2
f 925/137/2 926/858/2 923/138/2
f 736/140/4 735/1024/4 734/141/4
f 214/1504/3 1480/1505/3 1481/1506/3
f 1476/1507/3 1477/1508/3 204/1509/3
f 214/1504/3 1481/1506/3 1476/1507/3
f 1486/1510/3 1487/1511/3 235/1512/3
f 214/1504/3 1476/1507/3 204/1509/3
f 214/1504/3 204/1509/3 181/1513/3
f 181/1513/3 1472/1514/3 1473/1515/3
f 1468/1516/3 1469/1517/3 178/1518/3
f 181/1513/3 1473/1515/3 1468/1516/3
f 181/1513/3 1468/1516/3 178/1518/3
f 151/1519/3 1464/1520/3 1465/1521/3
f 181/1513/3 178/1518/3 151/1519/3
f 151/1519/3 1465/1521/3 1460/1522/3
f 1460/1522/3 1461/1523/3 141/1524/3
f 120/1525/3 1456/1526/3 1457/1527/3
f 151/1519/3 1460/1522/3 141/1524/3
f 120/1525/3 1457/1527/3 1451/1528/3
f 151/1519/3 141/1524/3 120/1525/3
f 181/1513/3 151/1519/3 120/1525/3
f 120/1525/3 1451/1528/3 1452/1529/3
f 120/1525/3 1452/1529/3 111/1530/3
f 120/1525/3 111/1530/3 89/1531/3
f 89/1531/3 1447/1532/3 1448/1533/3
f 1442/1534/3 1443/1535/3 78/1536/3
f 89/1531/3 1448/1533/3 1442/1534/3
f 181/1513/3 120/1525/3 89/1531/3
f 89/1531/3 1442/1534/3 78/1536/3
f 64/1537/3 1440/1538/3 9/322/3
f 89/1531/3 78/1536/3 64/1537/3
f 89/1531/3 64/1537/3 9/322/3
f 9/322/3 3/1539/3 36/1540/3
f 36/1540/3 38/1541/3 39/1542/3
f 39/1542/3 42/1543/3 43/1544/3
f 43/1544/3 46/1545/3 47/1546/3
f 47/1546/3 52/1547/3 53/1548/3
f 53/1548/3 56/1549/3 57/1550/3
f 57/1550/3 60/1551/3 61/143/3
f 61/143/3 66/1552/3 67/144/3
f 67/144/3 70/1553/3 71/1554/3
f 71/1554/3 74/1555/3 75/1556/3
f 75/1556/3 80/1557/3 81/145/3
f 81/145/3 84/1558/3 85/1559/3
f 85/1559/3 90/1560/3 91/1561/3
f 91/1561/3 95/1562/3 96/1563/3
f 96/1563/3 99/1564/3 100/1565/3
f 100/1565/3 103/1566/3 104/1567/3
f 104/1567/3 107/1568/3 108/1569/3
f 108/1569/3 112/1570/3 113/1571/3
f 113/1571/3 115/1572/3 116/1573/3
f 116/1573/3 121/1574/3 122/1575/3
f 122/1575/3 125/1576/3 126/1577/3
f 126/1577/3 129/1578/3 130/1579/3
f 130/1579/3 133/1580/3 134/1581/3
f 134/1581/3 137/1582/3 138/1583/3
f 138/1583/3 142/1584/3 143/1585/3
f 143/1585/3 147/1586/3 148/1587/3
f 148/1587/3 152/1588/3 153/1589/3
f 153/1589/3 157/1590/3 158/1591/3
f 158/1591/3 161/1592/3 162/1593/3
f 162/1593/3 165/1594/3 166/1595/3
f 166/1595/3 169/1596/3 170/1597/3
f 170/1597/3 174/1598/3 175/1599/3
f 175/1599/3 179/1600/3 180/1601/3
f 180/1601/3 183/1602/3 184/1603/3
f 184/1603/3 188/1604/3 189/1605/3
f 189/1605/3 192/1606/3 193/1607/3
f 193/1607/3 196/1608/3 197/1609/3
f 197/1609/3 200/1610/3 201/1611/3
f 201/1611/3 206/1612/3 207/1613/3
f 207/1613/3 210/1614/3 211/1615/3
f 211/1615/3 216/1616/3 217/1617/3
f 217/1617/3 220/1618/3 221/1619/3
f 221/1619/3 222/1620/3 223/1621/3
f 223/1621/3 227/1622/3 228/1623/3
f 228/1623/3 231/1624/3 232/1625/3
f 232/1625/3 237/1626/3 1498/1398/3
f 1498/1398/3 1502/1627/3 1503/1628/3
f 1494/1629/3 1495/1630/3 245/1631/3
f 1498/1398/3 1503/1628/3 1494/1629/3
f 228/1623/3 232/1625/3 1498/1398/3
f 217/1617/3 221/1619/3 223/1621/3
f 223/1621/3 228/1623/3 1498/1398/3
f 1498/1398/3 1494/1629/3 245/1631/3
f 243/1632/3 1490/1633/3 1491/1634/3
f 1498/1398/3 245/1631/3 243/1632/3
f 217/1617/3 223/1621/3 1498/1398/3
f 201/1611/3 207/1613/3 211/1615/3
f 211/1615/3 217/1617/3 1498/1398/3
f 243/1632/3 1491/1634/3 1486/1510/3
f 211/1615/3 1498/1398/3 243/1632/3
f 201/1611/3 211/1615/3 243/1632/3
f 243/1632/3 1486/1510/3 235/1512/3
f 243/1632/3 235/1512/3 214/1504/3
f 197/1609/3 201/1611/3 243/1632/3
f 189/1605/3 193/1607/3 197/1609/3
f 175/1599/3 180/1601/3 184/1603/3
f 189/1605/3 197/1609/3 243/1632/3
f 175/1599/3 184/1603/3 189/1605/3
f 162/1593/3 166/1595/3 170/1597/3
f 175/1599/3 189/1605/3 243/1632/3
f 162/1593/3 170/1597/3 175/1599/3
f 148/1587/3 153/1589/3 158/1591/3
f 162/1593/3 175/1599/3 243/1632/3
f 148/1587/3 158/1591/3 162/1593/3
f 138/1583/3 143/1585/3 148/1587/3
f 130/1579/6 134/1581/6 138/1583/6
f 126/1577/3 130/1579/3 138/1583/3
f 138/1583/3 148/1587/3 162/1593/3
f 162/1593/3 243/1632/3 214/1504/3
f 181/1513/3 89/1531/3 9/322/3
f 162/1593/3 214/1504/3 181/1513/3
f 138/1583/3 162/1593/3 181/1513/3
f 181/1513/3 9/322/3 36/1540/3
f 181/1513/3 36/1540/3 39/1542/3
f 126/1577/3 138/1583/3 181/1513/3
f 113/1571/3 116/1573/3 122/1575/3
f 122/1575/3 126/1577/3 181/1513/3
f 181/1513/3 39/1542/3 43/1544/3
f 43/1544/4 47/1546/4 53/1548/4
f 181/1513/3 43/1544/3 53/1548/3
f 113/1571/3 122/1575/3 181/1513/3
f 104/1567/17 108/1569/17 113/1571/17
f 100/1565/3 104/1567/3 113/1571/3
f 113/1571/3 181/1513/3 53/1548/3
f 113/1571/3 53/1548/3 57/1550/3
f 100/1565/3 113/1571/3 57/1550/3
f 100/1565/3 57/1550/3 61/143/3
f 96/1563/3 100/1565/3 61/143/3
f 67/144/3 71/1554/3 75/1556/3
f 91/1561/3 96/1563/3 61/143/3
f 81/145/3 85/1559/3 91/1561/3
f 67/144/3 75/1556/3 81/145/3
f 81/145/3 91/1561/3 61/143/3
f 1107/146/2 1106/1010/2 1105/147/2
f 1047/149/2 1050/848/2 1051/150/2
f 895/152/4 898/117/4 897/153/4
f 1211/155/4 1209/353/4 1047/156/4
f 1321/158/1 1315/408/1 1312/159/1
f 444/161/5 441/770/5 450/162/5
f 233/164/5 234/1099/5 232/165/5
f 783/167/2 784/1175/2 782/93/2
f 76/169/5 77/706/5 75/170/5
f 982/172/5 979/1635/5 981/173/5
f 465/174/4 468/895/4 467/175/4
f 110/177/1 1508/497/1 112/178/1
f 730/180/2 734/184/2 735/181/2
f 1108/147/2 1112/1636/2 1113/183/2
f 742/184/2 741/369/2 743/42/2
f 1098/185/1 1092/652/1 1089/186/1
f 511/188/1 520/570/1 517/189/1
f 1164/191/1 1158/1637/1 1155/192/1
f 1444/194/1 79/688/1 78/195/1
f 391/1638/2 378/1639/2 377/1640/2
f 383/197/2 384/1641/2 390/198/2
f 388/1642/2 385/1643/2 400/1644/2
f 400/1644/2 397/896/2 24/1192/2
f 1413/664/2 392/897/2 391/1638/2
f 1413/664/2 391/1638/2 377/1640/2
f 388/1642/2 400/1644/2 24/1192/2
f 390/198/2 388/1642/2 24/1192/2
f 1410/199/2 1413/664/2 377/1640/2
f 1410/199/2 377/1640/2 383/197/2
f 390/198/2 24/1192/2 1410/199/2
f 247/200/6 248/1645/6 249/201/6
f 1436/203/5 1437/560/5 1434/204/5
f 780/206/1 788/1252/1 785/207/1
f 980/209/2 985/227/2 986/210/2
f 105/1/1 103/3/1 100/212/1
f 1261/214/1 1258/536/1 1272/215/1
f 500/217/5 497/1208/5 506/218/5
f 949/220/2 950/997/2 947/221/2
f 1371/223/1 1370/316/1 1367/224/1
f 984/226/1 981/466/1 977/227/1
f 1096/121/4 1099/120/4 1134/228/4
f 627/51/5 630/1002/5 615/230/5
f 1243/231/5 1240/786/5 1242/232/5
f 1313/234/1 1307/158/1 1305/160/1
f 1505/236/4 1504/1168/4 1503/237/4
f 1107/239/3 1108/1176/3 1110/240/3
f 702/242/2 701/991/2 704/243/2
f 7/245/5 8/1646/5 1439/246/5
f 433/248/5 442/140/5 443/249/5
f 1206/251/1 1203/1647/1 1212/252/1
f 710/254/2 709/1648/2 712/255/2
f 1359/257/1 1356/1649/1 1352/258/1
f 713/260/4 716/47/4 715/261/4
f 946/72/5 943/210/5 945/226/5
f 506/264/2 505/940/2 508/116/2
f 1295/266/4 1294/1034/4 1121/267/4
f 244/1650/2 1117/1651/2 1104/1652/2
f 244/1650/2 1104/1652/2 1103/1653/2
f 1490/103/2 243/752/2 244/1650/2
f 1111/1654/2 1126/1655/2 1490/103/2
f 1114/1656/2 1111/1654/2 1490/103/2
f 244/1650/2 1103/1653/2 1109/269/2
f 1109/269/2 1110/1657/2 1116/270/2
f 1116/270/2 1114/1656/2 1490/103/2
f 1490/103/2 244/1650/2 1109/269/2
f 472/271/6 473/1076/6 474/272/6
f 1104/274/6 1105/240/6 1106/241/6
f 311/276/3 312/107/3 325/106/3
f 400/278/4 399/807/4 398/67/4
f 106/280/1 109/1658/1 107/281/1
f 565/283/2 566/1496/2 564/109/2
f 987/285/4 988/1635/4 996/173/4
f 23/287/5 22/125/5 21/288/5
f 428/290/5 425/655/5 434/291/5
f 611/293/1 692/244/1 689/242/1
f 705/12/4 708/498/4 707/295/4
f 1161/296/5 1163/994/5 1166/297/5
f 138/298/1 140/1132/1 144/299/1
f 704/48/5 701/473/5 710/260/5
f 662/301/2 661/477/2 663/302/2
f 1197/304/4 1200/473/4 1199/260/4
f 159/306/5 160/1659/5 158/307/5
f 1500/309/3 1506/1660/3 241/310/3
f 1052/312/4 1051/487/4 1050/313/4
f 836/315/4 835/84/4 833/316/4
f 72/3/1 70/61/1 67/71/1
f 226/317/1 229/1012/1 227/318/1
f 7/321/1 6/1661/1 5/1662/1
f 5/1662/1 1511/1663/1 1510/1664/1
f 4/1665/1 3/1666/1 9/1667/1
f 5/1662/1 1510/1664/1 4/1665/1
f 7/321/1 5/1662/1 4/1665/1
f 4/1665/1 9/1667/1 10/322/1
f 10/322/1 2/1668/1 1/1669/1
f 10/322/1 1/1669/1 8/320/1
f 7/321/1 4/1665/1 10/322/1
f 375/323/1 408/500/1 405/324/1
f 1464/1122/2 888/609/2 886/1670/2
f 886/1670/2 883/1671/2 898/1672/2
f 895/327/2 894/1673/2 890/328/2
f 1464/1122/2 886/1670/2 898/1672/2
f 1464/1122/2 898/1672/2 895/327/2
f 889/1674/2 156/607/2 1467/326/2
f 890/328/2 889/1674/2 1467/326/2
f 1467/326/2 1464/1122/2 895/327/2
f 23/329/1 1408/861/1 1406/330/1
f 1156/294/5 1153/1254/5 1155/332/5
f 709/333/5 718/66/5 719/64/5
f 1087/335/5 1089/74/5 1092/132/5
f 1188/1675/2 1185/1676/2 1200/336/2
f 1197/337/2 1196/1677/2 1192/1678/2
f 1192/1678/2 1191/1679/2 1505/338/2
f 1505/338/2 1502/414/2 1498/955/2
f 1498/955/2 1190/1680/2 1188/1675/2
f 1498/955/2 1188/1675/2 1200/336/2
f 1197/337/2 1192/1678/2 1505/338/2
f 1505/338/2 1498/955/2 1200/336/2
f 1183/189/3 1181/1681/3 1182/339/3
f 1080/341/6 1093/1682/6 1088/1683/6
f 1088/1683/6 1101/1684/6 1096/1685/6
f 1096/1685/6 1133/1686/6 1128/1687/6
f 1128/1687/6 1143/1688/6 1138/1689/6
f 1138/1689/6 1147/1690/6 1145/1691/6
f 1145/1691/6 1149/1692/6 1150/311/6
f 1150/311/6 961/1693/6 971/1694/6
f 1150/311/6 971/1694/6 1135/1695/6
f 1128/1687/6 1138/1689/6 1145/1691/6
f 1145/1691/6 1150/311/6 1135/1695/6
f 1139/1696/6 1137/1697/6 1129/1698/6
f 1145/1691/6 1135/1695/6 1139/1696/6
f 1088/1683/6 1096/1685/6 1128/1687/6
f 1128/1687/6 1145/1691/6 1139/1696/6
f 1129/1698/6 1127/1699/6 1097/342/6
f 1128/1687/6 1139/1696/6 1129/1698/6
f 1080/341/6 1088/1683/6 1128/1687/6
f 1076/1700/6 1085/1701/6 1080/341/6
f 1081/1702/6 1079/1703/6 1076/1700/6
f 1089/343/6 1087/1704/6 1081/1702/6
f 1097/342/6 1095/1705/6 1089/343/6
f 1128/1687/6 1129/1698/6 1097/342/6
f 1081/1702/6 1076/1700/6 1080/341/6
f 1080/341/6 1128/1687/6 1097/342/6
f 1089/343/6 1081/1702/6 1080/341/6
f 1006/344/2 1011/964/2 1012/345/2
f 588/59/4 587/515/4 586/347/4
f 318/349/6 319/1287/6 320/350/6
f 773/352/5 774/1706/5 544/155/5
f 230/354/1 233/1255/1 231/355/1
f 546/357/5 544/526/5 551/358/5
f 1434/360/2 1437/1707/2 613/1708/2
f 619/1709/2 620/1710/2 626/361/2
f 1434/360/2 613/1708/2 619/1709/2
f 624/362/2 1439/442/2 1434/360/2
f 1434/360/2 619/1709/2 626/361/2
f 40/363/5 41/497/5 39/178/5
f 267/365/6 268/1711/6 265/366/6
f 533/368/4 536/184/4 535/369/4
f 124/371/1 127/331/1 125/372/1
f 645/374/6 646/1207/6 647/375/6
f 105/377/5 106/915/5 104/378/5
f 584/380/5 581/1049/5 590/381/5
f 1357/383/5 1354/1712/5 1356/384/5
f 1116/386/3 1115/1060/3 1113/387/3
f 1304/1713/6 1316/1714/6 1311/1715/6
f 1311/1715/6 1324/1716/6 1319/1717/6
f 1319/1717/6 1332/1718/6 1327/1719/6
f 1327/1719/6 1340/1720/6 1335/1721/6
f 1335/1721/6 1348/1722/6 1343/1723/6
f 1343/1723/6 1360/1724/6 1355/1725/6
f 1355/1725/6 1374/1726/6 1372/389/6
f 1372/389/6 1378/1727/6 1376/390/6
f 1335/1721/6 1343/1723/6 1355/1725/6
f 1319/1717/6 1327/1719/6 1335/1721/6
f 1311/1715/6 1319/1717/6 1335/1721/6
f 1311/1715/6 1335/1721/6 1355/1725/6
f 1297/1728/6 1308/1729/6 1304/1713/6
f 1266/1730/6 1264/1731/6 1250/1085/6
f 1250/1085/6 1270/1732/6 1265/1733/6
f 1265/1733/6 1284/1734/6 1281/1735/6
f 1350/1736/6 1366/1737/6 1367/1738/6
f 1250/1085/6 1265/1733/6 1281/1735/6
f 1266/1730/6 1250/1085/6 1281/1735/6
f 1287/1739/6 1302/1740/6 1297/1728/6
f 1273/1741/6 1292/1742/6 1287/1739/6
f 1257/1743/6 1278/1744/6 1273/1741/6
f 1241/1745/6 1262/1746/6 1257/1743/6
f 1231/1747/6 1246/1748/6 1241/1745/6
f 1227/1749/6 1236/1750/6 1231/1747/6
f 1232/1751/6 1230/1752/6 1222/1753/6
f 1222/1753/6 1227/1749/6 1231/1747/6
f 1222/1753/6 1231/1747/6 1241/1745/6
f 1242/1754/6 1240/1755/6 1232/1751/6
f 1232/1751/6 1222/1753/6 1241/1745/6
f 1257/1743/6 1273/1741/6 1287/1739/6
f 1232/1751/6 1241/1745/6 1257/1743/6
f 1258/1756/6 1256/1757/6 1242/1754/6
f 1242/1754/6 1232/1751/6 1257/1743/6
f 1287/1739/6 1297/1728/6 1304/1713/6
f 1258/1756/6 1242/1754/6 1257/1743/6
f 1274/1758/6 1272/1759/6 1258/1756/6
f 1288/1760/6 1286/1761/6 1274/1758/6
f 1298/1762/6 1296/1763/6 1288/1760/6
f 1105/1764/6 1121/1765/6 1294/1766/6
f 1298/1762/6 1288/1760/6 1274/1758/6
f 1305/1767/6 1105/1764/6 1294/1766/6
f 1305/1767/6 1294/1766/6 1298/1762/6
f 1312/1768/6 1310/1769/6 1305/1767/6
f 1320/1770/6 1318/1771/6 1312/1768/6
f 1328/1772/6 1326/1773/6 1320/1770/6
f 1336/1774/6 1334/1775/6 1328/1772/6
f 1344/1776/6 1342/1777/6 1336/1774/6
f 1356/1778/6 1354/1779/6 1344/1776/6
f 1179/1780/6 1195/1781/6 1352/1782/6
f 1238/1783/6 1179/1780/6 1352/1782/6
f 1249/1084/6 1248/1086/6 1238/1783/6
f 1254/1784/6 1249/1084/6 1238/1783/6
f 1254/1784/6 1238/1783/6 1352/1782/6
f 1370/391/6 1254/1784/6 1352/1782/6
f 1370/391/6 1352/1782/6 1356/1778/6
f 1370/391/3 1356/1778/3 1344/1776/3
f 1344/1776/6 1336/1774/6 1328/1772/6
f 1280/1785/6 1266/1730/6 1281/1735/6
f 1257/1743/6 1287/1739/6 1304/1713/6
f 1274/1758/6 1258/1756/6 1257/1743/6
f 1312/1768/6 1305/1767/6 1298/1762/6
f 1298/1762/6 1274/1758/6 1257/1743/6
f 1298/1762/6 1257/1743/6 1304/1713/6
f 1320/1770/6 1312/1768/6 1298/1762/6
f 1328/1772/6 1320/1770/6 1298/1762/6
f 1328/1772/6 1298/1762/6 1304/1713/6
f 1328/1772/6 1304/1713/6 1311/1715/6
f 1328/1772/6 1311/1715/6 1355/1725/6
f 1344/1776/6 1328/1772/6 1355/1725/6
f 1362/1786/6 1280/1785/6 1281/1735/6
f 1362/1786/6 1281/1735/6 1350/1736/6
f 1364/1787/6 1362/1786/6 1350/1736/6
f 1364/1787/6 1350/1736/6 1367/1738/6
f 1370/391/6 1344/1776/6 1355/1725/6
f 1376/390/6 1364/1787/6 1367/1738/6
f 1370/391/6 1355/1725/6 1372/389/6
f 1376/390/6 1367/1738/6 1370/391/6
f 315/392/2 308/1006/2 312/46/2
f 442/393/2 441/982/2 444/51/2
f 1083/132/4 1094/733/4 1093/73/4
f 1049/57/6 1050/56/6 1047/394/6
f 917/250/4 915/248/4 743/396/4
f 516/118/5 515/117/5 521/153/5
f 1489/399/1 1486/1117/1 1491/400/1
f 1038/402/3 1051/249/3 1052/250/3
f 524/180/5 523/534/5 530/368/5
f 1197/404/6 1198/853/6 1195/405/6
f 1319/159/2 1324/1160/2 1325/407/2
f 959/312/5 962/487/5 963/141/5
f 463/409/5 457/416/5 460/410/5
f 16/123/2 17/1788/2 286/1070/2
f 285/1789/2 272/1790/2 271/412/2
f 16/123/2 286/1070/2 285/1789/2
f 1393/414/2 1396/338/2 16/123/2
f 282/1791/2 1397/122/2 1393/414/2
f 277/413/2 278/1792/2 284/1793/2
f 284/1793/2 282/1791/2 1393/414/2
f 16/123/2 285/1789/2 271/412/2
f 277/413/2 284/1793/2 1393/414/2
f 1393/414/2 16/123/2 271/412/2
f 460/140/2 459/1024/2 462/415/2
f 672/116/4 676/162/4 675/416/4
f 1090/417/1 1084/1190/1 1081/418/1
f 466/420/2 475/1240/2 478/421/2
f 660/423/6 661/986/6 662/424/6
f 1209/426/6 1210/1140/6 1031/427/6
f 1289/86/1 1277/85/1 1274/429/1
f 726/65/6 727/926/6 728/55/6
f 868/432/4 871/368/4 906/370/4
f 1147/434/2 1148/686/2 1146/435/2
f 253/437/3 251/1197/3 252/438/3
f 633/1794/2 632/1795/2 628/1796/2
f 627/1797/2 614/1798/2 613/1708/2
f 627/1797/2 613/1708/2 1437/1707/2
f 1437/1707/2 1441/939/2 672/1799/2
f 671/1800/2 646/1801/2 645/1802/2
f 1437/1707/2 672/1799/2 671/1800/2
f 628/1796/2 627/1797/2 1437/1707/2
f 633/1794/2 628/1796/2 1437/1707/2
f 1437/1707/2 671/1800/2 645/1802/2
f 651/441/2 652/1803/2 670/1804/2
f 1437/1707/2 645/1802/2 651/441/2
f 633/1794/2 1437/1707/2 651/441/2
f 651/441/2 670/1804/2 1439/442/2
f 1439/442/2 624/362/2 621/1805/2
f 636/440/2 633/1794/2 651/441/2
f 1439/442/2 621/1805/2 636/440/2
f 177/62/1 1509/1123/1 179/443/1
f 768/445/5 765/68/5 776/446/5
f 405/445/4 408/694/4 407/323/4
f 664/447/4 663/708/4 661/256/4
f 875/449/5 878/1180/5 879/450/5
f 316/1806/2 314/937/2 1402/452/2
f 1402/452/2 1405/1807/2 20/453/2
f 20/453/2 21/939/2 323/1808/2
f 323/1808/2 322/1809/2 318/1810/2
f 317/1811/2 304/1812/2 303/454/2
f 20/453/2 323/1808/2 318/1810/2
f 20/453/2 318/1810/2 317/1811/2
f 310/1813/2 316/1806/2 1402/452/2
f 309/1814/2 310/1813/2 1402/452/2
f 20/453/2 317/1811/2 303/454/2
f 303/454/2 309/1814/2 1402/452/2
f 621/290/4 624/1067/4 623/455/4
f 145/456/1 149/1311/1 147/23/1
f 463/458/3 461/544/3 462/459/3
f 1270/461/2 1271/503/2 1268/462/2
f 769/464/4 772/279/4 771/67/4
f 601/465/4 604/227/4 603/466/4
f 464/176/5 462/1067/5 469/468/5
f 641/469/2 640/795/2 639/470/2
f 1194/472/2 1193/304/2 1195/473/2
f 628/474/6 629/447/6 630/475/6
f 930/477/1 918/634/1 916/380/1
f 1180/479/2 1179/303/2 1182/314/2
f 397/359/6 398/358/6 395/481/6
f 1511/483/6 5/1815/6 35/484/6
f 972/141/4 971/871/4 969/486/4
f 666/13/3 683/15/3 684/488/3
f 81/1816/5 80/71/5 83/212/5
f 83/212/5 94/562/5 88/490/5
f 82/491/5 81/1816/5 83/212/5
f 1054/492/2 1059/800/2 1060/418/2
f 1297/493/2 1302/1817/2 1303/467/2
f 1170/305/4 1173/260/4 1208/262/4
f 1272/495/5 1274/215/5 1277/216/5
f 127/170/5 128/847/5 126/177/5
f 698/243/5 697/991/5 702/12/5
f 356/499/5 353/728/5 362/425/5
f 404/500/5 401/324/5 411/501/5
f 1273/503/2 1278/1818/2 1279/504/2
f 523/108/2 524/1294/2 522/506/2
f 1404/507/5 1405/1819/5 1402/508/5
f 920/510/4 923/977/4 934/511/4
f 748/513/4 747/785/4 746/514/4
f 202/516/5 203/882/5 201/517/5
f 28/452/2 1418/122/2 468/1498/2
f 468/1498/2 465/1820/2 480/1821/2
f 477/519/2 476/1822/2 472/1499/2
f 28/452/2 468/1498/2 480/1821/2
f 477/519/2 472/1499/2 1421/123/2
f 28/452/2 480/1821/2 477/519/2
f 1421/123/2 29/1807/2 28/452/2
f 457/520/6 458/1248/6 459/460/6
f 48/521/5 49/1237/5 47/522/5
f 426/524/2 425/769/2 428/525/2
f 284/527/3 283/1050/3 281/528/3
f 279/530/4 282/1134/4 281/531/4
f 333/295/4 336/1006/4 335/46/4
f 1169/471/5 1171/479/5 1174/480/5
f 902/534/5 899/1823/5 901/432/5
f 1046/533/2 1045/480/2 1047/535/2
f 1217/536/1 1214/545/1 1209/537/1
f 905/110/2 906/506/2 903/538/2
f 1506/540/4 1507/744/4 242/541/4
f 960/459/6 961/1242/6 962/543/6
f 840/545/2 839/346/2 842/546/2
f 860/547/5 857/1016/5 859/548/5
f 987/550/2 989/563/2 990/551/2
f 347/80/3 349/1289/3 350/1824/3
f 347/80/3 350/1824/3 337/1825/3
f 299/351/3 300/808/3 295/553/3
f 347/80/3 337/1825/3 296/554/3
f 296/554/3 299/351/3 295/553/3
f 423/96/1 432/1826/1 429/202/1
f 1118/555/2 1117/1651/2 244/1650/2
f 1493/104/2 1490/103/2 1126/1655/2
f 1123/556/2 1122/1827/2 1118/555/2
f 1493/104/2 1126/1655/2 1123/556/2
f 1118/555/2 244/1650/2 1493/104/2
f 801/557/6 802/1828/6 803/558/6
f 44/560/5 45/521/5 43/523/5
f 1408/561/5 1409/1028/5 1407/169/5
f 998/563/2 1003/789/2 1004/564/2
f 812/565/1 809/1231/1 794/566/1
f 753/567/4 756/616/4 755/568/4
f 1337/570/1 1331/1829/1 1328/571/1
f 910/370/5 907/433/5 909/572/5
f 194/574/1 192/1131/1 189/575/1
f 1191/577/6 1192/737/6 1193/578/6
f 259/580/3 257/592/3 258/76/3
f 809/259/4 812/769/4 811/582/4
f 1378/583/2 1379/791/2 1377/584/2
f 658/474/5 644/219/5 642/448/5
f 648/470/2 647/793/2 650/479/2
f 1096/586/2 1101/759/2 1102/587/2
f 359/589/1 368/1068/1 365/590/1
f 262/592/6 263/849/6 264/593/6
f 544/594/2 548/206/2 549/595/2
f 1209/597/1 1224/151/1 1223/598/1
f 1154/600/2 1159/476/2 1160/601/2
f 1456/604/2 120/1000/2 1455/1283/2
f 1455/1283/2 801/1285/2 807/1830/2
f 807/1830/2 808/1831/2 818/1832/2
f 816/1833/2 813/1834/2 828/603/2
f 1455/1283/2 807/1830/2 818/1832/2
f 1456/604/2 1455/1283/2 818/1832/2
f 824/1835/2 820/1836/2 1459/7/2
f 825/1837/2 824/1835/2 1459/7/2
f 1456/604/2 818/1832/2 816/1833/2
f 828/603/2 825/1837/2 1459/7/2
f 1456/604/2 816/1833/2 828/603/2
f 671/118/5 674/398/5 647/410/5
f 1013/605/5 1015/1018/5 1018/606/5
f 156/607/2 889/1674/2 876/1838/2
f 156/607/2 876/1838/2 875/1839/2
f 1464/1122/2 151/1193/2 156/607/2
f 881/608/2 882/1840/2 888/609/2
f 888/609/2 1464/1122/2 156/607/2
f 156/607/2 875/1839/2 881/608/2
f 608/610/5 605/120/5 686/228/5
f 1337/446/5 1334/1841/5 1336/612/5
f 416/357/1 424/526/1 421/524/1
f 343/261/4 346/690/4 345/615/4
f 1483/617/1 1479/1842/1 1476/618/1
f 213/620/1 218/1843/1 216/621/1
f 34/485/3 4/483/3 1510/623/3
f 1497/401/1 1494/400/1 1503/625/1
f 556/206/2 555/1252/2 557/627/2
f 36/630/5 3/1844/5 4/1845/5
f 36/630/5 4/1845/5 34/1846/5
f 5/1847/5 6/935/5 37/629/5
f 36/630/5 34/1846/5 35/628/5
f 35/628/5 5/1847/5 37/629/5
f 92/633/1 90/1121/1 85/1123/1
f 87/631/1 88/1848/1 94/632/1
f 92/633/1 85/1123/1 87/631/1
f 938/634/1 932/1246/1 929/382/1
f 1358/635/4 1375/1100/4 1374/16/4
f 1483/1849/6 1484/1850/6 215/1851/6
f 236/1852/6 1488/1853/6 1489/1854/6
f 1479/1855/6 1483/1849/6 215/1851/6
f 1478/1856/6 1479/1855/6 215/1851/6
f 205/1857/6 1478/1856/6 215/1851/6
f 182/1858/6 205/1857/6 215/1851/6
f 1474/1859/6 1475/1860/6 182/1858/6
f 173/1861/6 1470/1862/6 1471/1863/6
f 1471/1863/6 1474/1859/6 182/1858/6
f 173/1861/6 1471/1863/6 182/1858/6
f 1466/1864/6 1467/1865/6 156/1866/6
f 156/1866/6 173/1861/6 182/1858/6
f 1463/1867/6 1466/1864/6 156/1866/6
f 146/1868/6 1462/1869/6 1463/1867/6
f 1458/1870/6 1459/1871/6 1455/1872/6
f 146/1868/6 1463/1867/6 156/1866/6
f 1454/1873/6 1458/1870/6 1455/1872/6
f 1455/1872/6 146/1868/6 156/1866/6
f 1455/1872/6 156/1866/6 182/1858/6
f 1453/1874/6 1454/1873/6 1455/1872/6
f 114/1875/6 1453/1874/6 1455/1872/6
f 1446/1876/6 114/1875/6 1455/1872/6
f 1449/1877/6 1450/1878/6 1446/1876/6
f 79/1879/6 1444/1880/6 1445/1881/6
f 1445/1881/6 1449/1877/6 1446/1876/6
f 1446/1876/6 1455/1872/6 182/1858/6
f 79/1879/6 1445/1881/6 1446/1876/6
f 65/1882/6 79/1879/6 1446/1876/6
f 6/1883/6 7/1884/6 1438/1885/6
f 41/1886/6 40/1887/6 37/1888/6
f 37/1888/6 6/1883/6 1438/1885/6
f 37/1888/6 1438/1885/6 65/1882/6
f 45/1889/6 44/1890/6 41/1886/6
f 41/1886/6 37/1888/6 65/1882/6
f 41/1886/6 65/1882/6 1446/1876/6
f 49/1891/6 48/1892/6 45/1889/6
f 45/1889/6 41/1886/6 1446/1876/6
f 45/1889/6 1446/1876/6 182/1858/6
f 55/1893/6 54/1894/6 49/1891/6
f 49/1891/6 45/1889/6 182/1858/6
f 49/1891/6 182/1858/6 215/1851/6
f 59/1895/6 58/1896/6 55/1893/6
f 55/1893/6 49/1891/6 215/1851/6
f 59/1895/6 55/1893/6 215/1851/6
f 63/1897/6 62/1898/6 59/1895/6
f 69/1899/6 68/1900/6 63/1897/6
f 73/1901/6 72/1902/6 69/1899/6
f 77/1903/6 76/1904/6 73/1901/6
f 94/1905/6 83/1906/6 77/1903/6
f 93/1907/6 92/1908/6 94/1905/6
f 98/1909/6 97/1910/6 93/1907/6
f 102/1911/6 101/1912/6 98/1909/6
f 106/1913/6 105/1914/6 102/1911/6
f 110/1915/6 109/1916/6 106/1913/6
f 119/639/6 1508/1917/6 110/1915/6
f 118/1918/6 117/1919/6 119/639/6
f 124/638/6 123/1920/6 118/1918/6
f 128/1921/6 127/1922/6 124/638/6
f 132/1923/6 131/1924/6 128/1921/6
f 136/1925/6 135/1926/6 132/1923/6
f 140/1927/6 139/1928/6 136/1925/6
f 145/1929/6 144/1930/6 140/1927/6
f 150/1931/6 149/1932/6 145/1929/6
f 155/1933/6 154/1934/6 150/1931/6
f 160/1935/6 159/1936/6 155/1933/6
f 164/1937/6 163/1938/6 160/1935/6
f 168/1939/6 167/1940/6 164/1937/6
f 172/1941/6 171/1942/6 168/1939/6
f 177/1943/6 176/1944/6 172/1941/6
f 186/1945/6 1509/1946/6 177/1943/6
f 187/1947/6 185/1948/6 186/1945/6
f 191/1949/6 190/1950/6 187/1947/6
f 195/1951/6 194/1952/6 191/1949/6
f 199/1953/6 198/1954/6 195/1951/6
f 203/1955/6 202/1956/6 199/1953/6
f 209/1957/6 208/1958/6 203/1955/6
f 213/1959/6 212/1960/6 209/1957/6
f 219/1961/6 218/1962/6 213/1959/6
f 225/1963/6 1485/1964/6 219/1961/6
f 226/1965/6 224/1966/6 225/1963/6
f 230/1967/6 229/1968/6 226/1965/6
f 234/1969/6 233/1970/6 230/1967/6
f 1499/1971/6 238/1972/6 234/1969/6
f 1504/1973/6 1505/1974/6 1499/1971/6
f 246/1975/6 1496/1976/6 1497/1977/6
f 1497/1977/6 1504/1973/6 1499/1971/6
f 1499/1971/6 234/1969/6 230/1967/6
f 226/1965/6 225/1963/6 219/1961/6
f 1499/1971/6 230/1967/6 226/1965/6
f 246/1975/6 1497/1977/6 1499/1971/6
f 1492/1978/6 1493/1979/6 244/637/6
f 244/637/6 246/1975/6 1499/1971/6
f 1499/1971/6 226/1965/6 219/1961/6
f 213/1959/6 209/1957/6 203/1955/6
f 1499/1971/6 219/1961/6 213/1959/6
f 1489/1854/6 1492/1978/6 244/637/6
f 244/637/6 1499/1971/6 213/1959/6
f 244/637/6 213/1959/6 203/1955/6
f 236/1852/6 1489/1854/6 244/637/6
f 63/1897/6 59/1895/6 215/1851/6
f 215/1851/6 236/1852/6 244/637/6
f 244/637/6 203/1955/6 199/1953/6
f 199/1953/6 195/1951/6 191/1949/6
f 187/1947/6 186/1945/6 177/1943/6
f 244/637/6 199/1953/6 191/1949/6
f 191/1949/6 187/1947/6 177/1943/6
f 172/1941/6 168/1939/6 164/1937/6
f 244/637/6 191/1949/6 177/1943/6
f 177/1943/6 172/1941/6 164/1937/6
f 164/1937/15 160/1935/15 155/1933/15
f 150/1931/6 145/1929/6 140/1927/6
f 164/1937/6 155/1933/6 150/1931/6
f 244/637/6 177/1943/6 164/1937/6
f 63/1897/6 215/1851/6 244/637/6
f 77/1903/6 73/1901/6 69/1899/6
f 244/637/6 164/1937/6 150/1931/6
f 140/1927/3 136/1925/3 132/1923/3
f 244/637/6 150/1931/6 140/1927/6
f 77/1903/6 69/1899/6 63/1897/6
f 98/1909/6 93/1907/6 94/1905/6
f 94/1905/6 77/1903/6 63/1897/6
f 244/637/6 140/1927/6 132/1923/6
f 244/637/6 132/1923/6 128/1921/6
f 94/1905/6 63/1897/6 244/637/6
f 102/1911/6 98/1909/6 94/1905/6
f 110/1915/6 106/1913/6 102/1911/6
f 124/638/6 118/1918/6 119/639/6
f 119/639/6 110/1915/6 102/1911/6
f 102/1911/6 94/1905/6 244/637/6
f 244/637/6 128/1921/6 124/638/6
f 119/639/6 102/1911/6 244/637/6
f 164/640/1 167/71/1 165/70/1
f 1040/642/4 1039/37/4 1038/643/4
f 1231/645/4 1234/786/4 1247/232/4
f 681/647/6 682/97/6 675/648/6
f 1314/650/4 1325/1036/4 1324/392/4
f 1233/652/1 1221/992/1 1222/653/1
f 525/153/4 528/398/4 527/180/4
f 817/291/3 815/1980/3 816/654/3
f 736/1299/2 1447/4/2 89/656/2
f 1450/802/2 748/6/2 745/1981/2
f 745/1981/2 744/1982/2 740/1983/2
f 739/1984/2 726/1985/2 725/658/2
f 1450/802/2 745/1981/2 740/1983/2
f 1450/802/2 740/1983/2 739/1984/2
f 738/1986/2 736/1299/2 89/656/2
f 731/1987/2 732/1988/2 738/1986/2
f 731/1987/2 738/1986/2 89/656/2
f 1446/657/2 1450/802/2 739/1984/2
f 725/658/2 731/1987/2 89/656/2
f 1446/657/2 739/1984/2 725/658/2
f 1249/659/2 1254/602/2 1255/660/2
f 181/664/2 965/1989/2 976/662/2
f 976/662/2 973/1990/2 1475/663/2
f 1475/663/2 1472/1253/2 181/664/2
f 738/665/5 732/871/5 730/666/5
f 700/295/1 708/48/1 705/473/1
f 766/668/2 765/208/2 768/206/2
f 872/669/1 869/891/1 899/670/1
f 1467/672/4 1466/1991/4 1465/673/4
f 1454/373/1 1451/751/1 1457/675/1
f 699/676/4 475/699/4 466/677/4
f 194/679/5 195/1015/5 193/680/5
f 1509/626/5 186/1992/5 180/682/5
f 370/128/2 369/130/2 372/590/2
f 1224/683/6 1225/1993/6 1226/684/6
f 1167/252/2 1168/253/2 1165/686/2
f 1428/687/1 1427/371/1 1423/688/1
f 743/369/2 746/1029/2 747/41/2
f 340/47/2 339/261/2 342/690/2
f 322/692/6 323/1994/6 324/693/6
f 474/694/2 473/323/2 475/592/2
f 1416/695/5 1417/1995/5 1415/696/5
f 850/698/5 851/676/5 642/699/5
f 1310/701/5 1312/950/5 1315/702/5
f 149/704/5 150/903/5 148/705/5
f 501/182/4 504/1996/4 503/707/4
f 638/708/5 659/256/5 662/255/5
f 685/710/5 695/949/5 696/711/5
f 391/713/6 392/1100/6 393/128/6
f 1205/714/4 1219/930/4 1218/715/4
f 1244/717/4 1263/1178/4 1262/718/4
f 553/525/5 556/1174/5 541/176/5
f 466/719/3 479/1177/3 480/720/3
f 774/722/1 773/838/1 770/723/1
f 276/725/2 280/1245/2 281/651/2
f 1256/602/5 1258/601/5 1261/717/5
f 928/27/2 933/98/2 934/97/2
f 657/425/3 655/423/3 656/91/3
f 373/729/4 376/806/4 375/730/4
f 913/93/2 914/891/2 911/670/2
f 980/132/4 983/1105/4 990/732/4
f 1154/1997/6 1167/1998/6 1162/734/6
f 1162/734/6 1175/1999/6 1170/2000/6
f 1170/2000/6 1207/2001/6 1202/2002/6
f 1202/2002/6 1218/2003/6 1213/735/6
f 1213/735/6 1228/1635/6 1227/28/6
f 1227/28/6 1209/246/6 1214/2004/6
f 1214/2004/6 1212/2005/6 1203/736/6
f 1203/736/6 1201/2006/6 1171/2007/6
f 1171/2007/6 1169/2008/6 1163/2009/6
f 1163/2009/6 1161/2010/6 1155/2011/6
f 1155/2011/6 1153/2012/6 1150/623/6
f 1150/623/6 1159/2013/6 1154/1997/6
f 1162/734/6 1170/2000/6 1202/2002/6
f 1150/623/6 1154/1997/6 1162/734/6
f 1163/2009/6 1155/2011/6 1150/623/6
f 1171/2007/6 1163/2009/6 1150/623/6
f 1162/734/6 1202/2002/6 1213/735/6
f 1171/2007/6 1150/623/6 1162/734/6
f 1227/28/6 1214/2004/6 1203/736/6
f 1203/736/6 1171/2007/6 1162/734/6
f 1213/735/6 1227/28/6 1203/736/6
f 1117/648/6 1118/97/6 1119/737/6
f 1322/111/4 1333/1045/4 1332/738/4
f 132/740/1 135/2014/1 133/741/1
f 64/540/4 78/1275/4 79/743/4
f 575/59/5 582/515/5 583/513/5
f 260/746/5 254/972/5 252/747/5
f 1491/748/4 1490/2015/4 1493/238/4
f 1453/679/1 114/1032/1 111/689/1
f 816/582/4 815/655/4 814/654/4
f 579/219/1 588/448/1 585/749/1
f 77/373/1 83/372/1 80/750/1
f 1401/2016/6 1400/2017/6 18/2018/6
f 16/2019/6 1396/2020/6 1395/2021/6
f 16/2019/6 1395/2021/6 1392/2022/6
f 1392/2022/6 1391/2023/6 14/2024/6
f 13/2025/6 1387/2026/6 1386/2027/6
f 16/2019/6 1392/2022/6 14/2024/6
f 13/2025/6 1386/2027/6 1383/2028/6
f 16/2019/6 14/2024/6 13/2025/6
f 13/2025/6 1383/2028/6 1382/2029/6
f 12/2030/6 2/2031/6 10/752/6
f 13/2025/6 1382/2029/6 12/2030/6
f 13/2025/6 12/2030/6 10/752/6
f 10/752/6 1441/1273/6 1437/2032/6
f 1437/2032/6 1436/2033/6 1433/2034/6
f 1433/2034/6 1432/2035/6 51/2036/6
f 33/753/6 1429/2037/6 1428/2038/6
f 33/753/6 1428/2038/6 1425/2039/6
f 1425/2039/6 1424/2040/6 31/2041/6
f 29/754/6 1421/2042/6 1420/2043/6
f 33/753/6 1425/2039/6 31/2041/6
f 29/754/6 1420/2043/6 1417/2044/6
f 33/753/6 31/2041/6 29/754/6
f 29/754/6 1417/2044/6 1416/2045/6
f 29/754/6 1416/2045/6 27/2046/6
f 29/754/6 27/2046/6 25/2047/6
f 25/2047/6 1413/2048/6 1412/2049/6
f 1409/2050/6 1408/2051/6 23/2052/6
f 25/2047/6 1412/2049/6 1409/2050/6
f 25/2047/6 1409/2050/6 23/2052/6
f 20/2053/6 1405/2054/6 1404/2055/6
f 25/2047/6 23/2052/6 20/2053/6
f 20/2053/6 1404/2055/6 1401/2016/6
f 20/2053/6 1401/2016/6 18/2018/6
f 20/2053/6 18/2018/6 16/2019/6
f 16/2019/6 13/2025/6 10/752/6
f 10/752/6 1437/2032/6 1433/2034/6
f 10/752/6 1433/2034/6 51/2036/6
f 20/2053/6 16/2019/6 10/752/6
f 25/2047/6 20/2053/6 10/752/6
f 10/752/6 51/2036/6 33/753/6
f 29/754/6 25/2047/6 10/752/6
f 760/129/5 757/797/5 766/755/5
f 1494/330/4 1497/861/4 1496/757/4
f 1338/587/4 1349/1272/4 1348/713/4
f 651/376/3 649/728/3 650/91/3
f 597/135/2 599/804/2 600/760/2
f 1388/762/5 13/934/5 14/289/5
f 592/209/5 589/860/5 597/465/5
f 894/264/4 893/940/4 891/763/4
f 496/765/1 504/265/1 501/264/1
f 1110/606/5 1108/636/5 1115/635/5
f 912/110/1 909/109/1 919/768/1
f 801/385/5 804/259/5 805/769/5
f 453/162/4 456/163/4 455/409/4
f 790/446/2 789/613/2 792/324/2
f 672/265/6 673/116/6 674/162/6
f 1150/435/4 1152/1102/4 1160/221/4
f 229/771/5 230/164/5 228/166/5
f 669/773/3 667/765/3 668/774/3
f 346/745/1 343/59/1 334/60/1
f 383/777/3 381/482/3 382/359/3
f 490/527/1 489/529/1 486/779/1
f 242/781/6 1507/1091/6 1501/782/6
f 993/784/4 1004/586/4 1003/767/4
f 761/130/4 764/590/4 763/786/4
f 740/666/6 741/131/6 742/787/6
f 1016/564/1 1010/1054/1 1007/788/1
f 304/583/6 305/2056/6 306/790/6
f 877/470/2 892/1179/2 891/792/2
f 603/794/1 612/469/1 609/795/1
f 383/18/5 377/17/5 380/797/5
f 1191/798/5 1194/854/5 1179/335/5
f 1064/800/2 1069/1064/2 1070/801/2
f 240/802/5 1501/541/5 1500/542/5
f 1284/803/2 1285/583/2 1283/760/2
f 332/805/5 329/1236/5 340/729/5
f 402/67/2 401/445/2 404/694/2
f 256/808/3 269/1169/3 270/809/3
f 619/811/5 613/557/5 616/559/5
f 1017/813/4 1028/1041/4 1027/814/4
f 62/816/5 63/1004/5 61/817/5
f 1473/819/4 1472/757/4 1475/820/4
f 271/822/5 274/1008/5 275/823/5
f 296/824/4 337/1120/4 338/825/4
f 1478/827/1 205/1238/1 204/828/1
f 298/830/2 302/310/2 299/831/2
f 991/833/2 995/951/2 996/545/2
f 734/514/3 747/605/3 748/347/3
f 297/834/1 295/585/1 300/761/1
f 1043/480/5 1046/314/5 1031/312/5
f 1420/835/1 1419/952/1 1415/836/1
f 838/367/1 837/365/1 835/838/1
f 1170/475/2 1175/1136/2 1176/839/2
f 879/451/3 880/449/3 882/840/3
f 1209/262/4 1227/567/4 1225/842/4
f 840/843/5 841/387/5 832/844/5
f 253/345/5 247/964/5 250/610/5
f 642/793/2 654/301/2 655/303/2
f 136/705/1 139/706/1 137/170/1
f 1022/811/2 1027/812/2 1028/848/2
f 619/788/3 617/811/3 618/557/3
f 545/849/3 543/778/3 544/502/3
f 154/456/5 155/306/5 153/308/5
f 1351/850/4 1350/1829/4 1281/851/4
f 1186/853/3 1199/1249/3 1200/693/3
f 893/154/2 896/1823/2 897/534/2
f 817/798/2 806/1246/2 814/211/2
f 98/855/1 101/2057/1 99/820/1
f 1364/190/2 1365/188/2 1363/857/2
f 575/504/2 576/2058/2 574/858/2
f 1257/859/2 1262/493/2 1263/465/2
f 822/211/2 821/210/2 823/72/2
f 1412/856/5 1413/618/5 1410/329/5
f 971/564/2 974/1054/2 975/598/2
f 43/862/1 45/2059/1 48/863/1
f 311/54/4 314/340/4 313/339/4
f 1442/864/4 1445/1080/4 1444/865/4
f 1387/867/5 1384/2060/5 1385/868/5
f 278/532/5 276/823/5 283/870/5
f 960/871/5 967/486/5 970/872/5
f 636/492/4 635/800/4 634/805/4
f 562/207/4 561/1256/4 560/874/4
f 431/292/1 440/49/1 437/393/1
f 173/875/4 156/1221/4 151/876/4
f 972/543/6 973/1242/6 974/57/6
f 625/476/3 623/474/3 624/878/3
f 306/879/2 305/52/2 308/54/2
f 613/789/6 614/408/6 615/407/6
f 1486/881/4 1489/330/4 1488/758/4
f 172/883/1 176/1104/1 174/884/1
f 1248/886/5 1250/659/5 1253/661/5
f 342/888/5 339/376/5 354/728/5
f 1103/35/5 1106/2061/5 1107/889/5
f 1227/891/2 1228/2062/2 1229/892/2
f 888/893/5 882/2063/5 880/894/5
f 897/478/3 898/1153/3 883/301/3
f 386/895/3 399/174/3 400/358/3
f 1413/664/2 25/1253/2 24/1192/2
f 397/896/2 396/2064/2 392/897/2
f 1413/664/2 24/1192/2 397/896/2
f 388/739/4 387/738/4 386/690/4
f 338/898/1 337/247/1 350/685/1
f 274/415/2 273/822/2 276/532/2
f 330/436/5 331/435/5 252/900/5
f 163/902/5 164/2065/5 162/903/5
f 650/904/2 666/50/2 667/905/2
f 1475/663/2 973/1990/2 972/2066/2
f 1475/663/2 972/2066/2 968/907/2
f 965/1989/2 181/664/2 182/429/2
f 967/908/2 960/2067/2 959/2068/2
f 959/2068/2 965/1989/2 182/429/2
f 182/429/2 1475/663/2 968/907/2
f 967/908/2 959/2068/2 182/429/2
f 1440/911/2 64/2069/2 65/909/2
f 65/909/2 1438/2070/2 660/1262/2
f 659/2071/2 638/2072/2 637/2073/2
f 65/909/2 660/1262/2 659/2071/2
f 680/2074/2 677/2075/2 1440/911/2
f 656/2076/2 653/2077/2 680/2074/2
f 643/910/2 644/2078/2 658/2079/2
f 656/2076/2 680/2074/2 1440/911/2
f 658/2079/2 656/2076/2 1440/911/2
f 65/909/2 659/2071/2 637/2073/2
f 643/910/2 658/2079/2 1440/911/2
f 65/909/2 637/2073/2 643/910/2
f 1460/912/4 1463/2080/4 1462/913/4
f 606/749/2 605/254/2 608/256/2
f 109/915/5 110/1658/5 108/281/5
f 1049/916/2 1048/2081/2 1044/917/2
f 1484/918/2 1482/1303/2 1049/916/2
f 97/919/5 98/2082/5 96/920/5
f 779/922/4 557/2083/4 548/923/4
f 729/925/3 730/929/3 732/926/3
f 246/299/4 244/947/4 243/927/4
f 919/928/5 921/1269/5 924/929/5
f 1226/715/2 1225/598/2 1227/599/2
f 837/931/5 838/2084/5 618/678/5
f 201/101/1 203/100/1 208/576/1
f 854/851/3 853/276/3 666/932/3
f 31/934/5 30/762/5 28/935/5
f 314/937/2 311/2085/2 326/938/2
f 326/938/2 323/1808/2 21/939/2
f 21/939/2 1402/452/2 314/937/2
f 876/940/5 889/763/5 892/152/5
f 1432/941/5 1433/203/5 1431/205/5
f 176/329/5 177/687/5 175/371/5
f 131/943/5 132/1187/5 130/944/5
f 1150/435/5 1152/1102/5 964/946/5
f 185/847/5 187/1003/5 184/516/5
f 215/875/4 214/877/4 235/927/4
f 117/280/5 118/1243/5 116/948/5
f 775/813/5 781/1041/5 782/949/5
f 1306/702/4 1317/1239/4 1316/726/4
f 1000/545/1 994/346/1 992/344/1
f 27/835/1 1416/1995/1 1414/696/1
f 1297/953/4 1300/69/4 1309/68/4
f 1184/2086/18 1190/1680/18 1498/955/18
f 1499/956/2 1505/338/2 1191/1679/2
f 1191/1679/2 1178/2087/2 1177/957/2
f 1183/2088/2 1184/2086/2 1498/955/2
f 1499/956/2 1191/1679/2 1177/957/2
f 1177/957/2 1183/2088/2 1498/955/2
f 167/958/5 168/1074/5 166/959/5
f 677/961/6 678/647/6 663/649/6
f 666/344/2 675/992/2 682/963/2
f 429/582/4 432/1174/4 431/290/4
f 1112/965/3 1125/968/3 1126/870/3
f 40/2/1 38/632/1 36/61/1
f 862/966/1 859/506/1 867/538/1
f 286/823/4 290/870/4 289/968/4
f 847/250/4 631/397/4 622/969/4
f 1033/255/2 1032/1648/2 1031/187/2
f 261/970/5 264/725/5 249/726/5
f 258/971/4 257/746/4 256/972/4
f 609/158/4 612/563/4 611/789/4
f 947/973/4 958/142/4 957/312/4
f 285/880/5 288/54/5 273/340/5
f 865/621/2 861/2089/2 858/2090/2
f 865/621/2 858/2090/2 863/2091/2
f 856/2092/2 855/923/2 866/975/2
f 865/621/2 863/2091/2 864/974/2
f 864/974/2 856/2092/2 866/975/2
f 930/976/5 927/1065/5 929/510/5
f 309/970/5 303/244/5 306/243/5
f 978/978/4 977/1214/4 823/979/4
f 745/513/6 746/785/6 743/784/6
f 674/50/2 673/230/2 675/981/2
f 824/982/4 823/1001/4 821/983/4
f 498/549/2 497/993/2 500/985/2
f 392/16/4 396/1100/4 395/128/4
f 1142/602/1 1139/600/1 1135/987/1
f 93/988/1 97/2082/1 95/920/1
f 1177/990/5 1180/10/5 1181/12/5
f 684/951/4 683/344/4 682/992/4
f 876/548/6 877/2093/6 878/993/6
f 365/425/4 368/296/4 367/994/4
f 1127/995/5 1129/1095/5 1132/814/5
f 119/869/1 117/2059/1 115/862/1
f 963/716/2 962/551/2 961/564/2
f 799/439/2 800/437/2 798/996/2
f 1426/103/2 545/1495/2 546/2094/2
f 1426/103/2 546/2094/2 552/2095/2
f 1429/104/2 33/1283/2 32/1000/2
f 554/2096/2 553/1493/2 1429/104/2
f 559/2097/2 558/2098/2 554/2096/2
f 550/998/2 547/2099/2 562/999/2
f 559/2097/2 554/2096/2 1429/104/2
f 559/2097/2 1429/104/2 32/1000/2
f 32/1000/2 1426/103/2 552/2095/2
f 32/1000/2 552/2095/2 550/998/2
f 562/999/2 559/2097/2 32/1000/2
f 1035/89/3 1033/275/3 1034/274/3
f 889/766/6 890/894/6 891/764/6
f 450/1001/2 449/1240/2 452/420/2
f 208/1003/5 209/758/5 207/882/5
f 68/1004/5 69/1128/5 67/1005/5
f 273/651/2 288/1245/2 287/1006/2
f 633/559/6 634/873/6 631/492/6
f 139/740/5 140/22/5 138/24/5
f 1057/486/4 1070/872/4 1069/799/4
f 729/410/2 728/398/2 727/180/2
f 554/526/4 558/358/4 557/174/4
f 512/1008/1 509/667/1 502/665/1
f 1024/1009/1 1018/146/1 1015/1010/1
f 445/773/4 448/1173/4 447/161/4
f 1363/980/5 1282/2100/5 1280/80/5
f 677/255/4 680/709/4 679/833/4
f 225/1012/1 224/1232/1 222/1013/1
f 218/1014/5 219/2101/5 217/1015/5
f 846/92/5 843/1021/5 855/1016/5
f 1427/836/5 1428/837/5 1429/941/5
f 1122/606/4 1121/636/4 1119/1017/4
f 1098/931/5 1095/978/5 1097/1019/5
f 842/90/5 839/1216/5 844/1021/5
f 538/931/5 382/676/5 379/698/5
f 1239/1022/5 1182/26/5 1179/225/5
f 1066/150/1 1058/417/1 1055/419/1
f 686/963/2 685/120/2 688/610/2
f 310/853/5 308/60/5 315/776/5
f 737/665/3 735/871/3 736/141/3
f 938/511/5 935/512/5 937/19/5
f 199/1025/1 202/1282/1 200/1026/1
f 697/648/2 698/134/2 696/136/2
f 92/1028/5 93/704/5 91/706/5
f 545/369/5 539/370/5 542/573/5
f 1364/1030/5 1376/77/5 1377/75/5
f 1433/1031/1 1436/617/1 1435/619/1
f 1088/1033/2 1093/1201/2 1094/995/2
f 726/114/5 739/1105/5 742/732/5
f 509/1024/4 512/415/4 511/822/4
f 1326/392/5 1328/112/5 1331/113/5
f 410/1037/1 409/1225/1 406/1038/1
f 755/130/1 764/645/1 761/756/1
f 1100/84/1 1097/86/1 1127/1040/1
f 1029/814/5 1032/644/5 1033/642/5
f 258/2102/2 255/2103/2 270/2104/2
f 267/2105/2 266/2106/2 262/1158/2
f 267/2105/2 262/1158/2 13/2107/2
f 1387/1157/2 261/1159/2 248/2108/2
f 1387/1157/2 248/2108/2 247/2109/2
f 267/2105/2 13/2107/2 1388/1043/2
f 270/2104/2 267/2105/2 1388/1043/2
f 1384/607/2 1387/1157/2 247/2109/2
f 253/2110/2 254/2111/2 260/1042/2
f 1384/607/2 247/2109/2 253/2110/2
f 258/2102/2 270/2104/2 1388/1043/2
f 1384/607/2 253/2110/2 260/1042/2
f 260/1042/2 258/2102/2 1388/1043/2
f 1342/738/5 1344/1219/5 1347/1044/5
f 1073/1046/2 1074/439/2 1072/997/2
f 493/462/2 494/1247/2 492/139/2
f 1121/1048/2 1124/1229/2 1125/381/2
f 1080/276/2 1085/105/2 1086/857/2
f 285/1050/6 286/528/6 287/1038/6
f 1286/1051/5 1288/971/5 1291/1052/5
f 1008/598/1 1002/151/1 999/149/1
f 1400/881/5 1401/372/5 1399/750/5
f 1391/1056/5 1392/1191/5 1390/1057/5
f 758/1029/2 757/668/2 760/594/2
f 1409/695/1 1412/1108/1 1411/1059/1
f 447/899/1 456/1183/1 453/1060/1
f 362/616/2 361/568/2 364/1061/2
f 530/181/2 529/42/2 532/40/2
f 880/1062/2 884/1179/2 885/470/2
f 637/806/5 640/730/5 641/1063/5
f 900/572/4 903/573/4 914/976/4
f 1076/1066/2 1075/1022/2 1077/98/2
f 1260/214/4 1279/1096/4 1278/546/4
f 548/176/2 557/1174/2 560/290/2
f 752/1068/5 751/590/5 758/786/5
f 286/1070/2 17/1788/2 1397/122/2
f 1397/122/2 282/1791/2 279/2112/2
f 1397/122/2 279/2112/2 294/2113/2
f 291/1069/2 290/2114/2 286/1070/2
f 1397/122/2 294/2113/2 291/1069/2
f 326/725/4 325/1245/4 324/498/4
f 1152/2115/3 1156/2116/3 1158/2117/3
f 1158/2117/3 1164/2118/3 1166/2119/3
f 1166/2119/3 1172/2120/3 1174/2121/3
f 1174/2121/3 1204/2122/3 1206/2123/3
f 1206/2123/3 1215/2124/3 1217/2125/3
f 1211/2126/3 1038/2127/3 1034/2128/3
f 1211/2126/3 1034/2128/3 1221/2129/3
f 1221/2129/3 1233/2130/3 1235/2131/3
f 1235/2131/3 1243/2132/3 1245/2133/3
f 1245/2133/3 1259/2134/3 1261/2135/3
f 1261/2135/3 1275/2136/3 1277/2137/3
f 1277/2137/3 1289/2138/3 1291/2139/3
f 1291/2139/3 1299/2140/3 1301/2141/3
f 1295/2142/3 1112/2143/3 1108/2144/3
f 1277/2137/3 1291/2139/3 1301/2141/3
f 1295/2142/3 1108/2144/3 1307/2145/3
f 1301/2141/3 1295/2142/3 1307/2145/3
f 1307/2145/3 1313/2146/3 1315/2147/3
f 1315/2147/3 1321/2148/3 1323/2149/3
f 1323/2149/3 1329/2150/3 1331/2151/3
f 1331/2151/3 1337/2152/3 1339/2153/3
f 1339/2153/3 1345/2154/3 1347/1071/3
f 1347/1071/3 1357/2155/3 1359/2156/3
f 1353/2157/3 1186/2158/3 1182/2159/3
f 1353/2157/3 1182/2159/3 1239/1195/3
f 1353/2157/3 1239/1195/3 1255/2160/3
f 1353/2157/3 1255/2160/3 1371/2161/3
f 1368/2162/3 1369/2163/3 1351/2164/3
f 1359/2156/3 1353/2157/3 1371/2161/3
f 1347/1071/19 1359/2156/19 1371/2161/19
f 1331/2151/3 1339/2153/3 1347/1071/3
f 1283/2165/3 1285/2166/3 1268/2167/3
f 1268/2167/3 1271/2168/3 1252/1194/3
f 1252/1194/3 1251/1196/3 1253/2169/3
f 1253/2169/3 1267/2170/3 1269/2171/3
f 1365/2172/3 1377/2173/3 1379/2174/3
f 1373/2175/3 1375/2176/3 1358/1072/3
f 1252/1194/3 1253/2169/3 1269/2171/3
f 1268/2167/3 1252/1194/3 1269/2171/3
f 1358/1072/3 1361/2177/3 1346/2178/3
f 1346/2178/3 1349/2179/3 1338/1073/3
f 1338/1073/3 1341/2180/3 1330/2181/3
f 1330/2181/3 1333/2182/3 1322/2183/3
f 1322/2183/3 1325/2184/3 1314/2185/3
f 1314/2185/3 1317/2186/3 1306/2187/3
f 1306/2187/3 1309/2188/3 1300/2189/3
f 1300/2189/3 1303/2190/3 1290/2191/3
f 1290/2191/3 1293/2192/3 1276/2193/3
f 1276/2193/3 1279/2194/3 1260/2195/3
f 1260/2195/3 1263/2196/3 1244/2197/3
f 1244/2197/3 1247/2198/3 1234/2199/3
f 1234/2199/3 1237/2200/3 1220/2201/3
f 1220/2201/3 1229/2202/3 1216/2203/3
f 1216/2203/3 1219/2204/3 1205/2205/3
f 1205/2205/3 1208/2206/3 1173/2207/3
f 1173/2207/3 1176/2208/3 1165/2209/3
f 1165/2209/3 1168/2210/3 1157/2211/3
f 1157/2211/3 1160/2212/3 1152/2115/3
f 1152/2115/20 1158/2117/20 1166/2119/20
f 1152/2115/3 1166/2119/3 1174/2121/3
f 1165/2209/3 1157/2211/3 1152/2115/3
f 1205/2205/21 1173/2207/21 1165/2209/21
f 1220/2201/14 1216/2203/14 1205/2205/14
f 1244/2197/4 1234/2199/4 1220/2201/4
f 1290/2191/3 1276/2193/3 1260/2195/3
f 1290/2191/3 1260/2195/3 1244/2197/3
f 1306/2187/3 1300/2189/3 1290/2191/3
f 1306/2187/3 1290/2191/3 1244/2197/3
f 1338/1073/3 1330/2181/3 1322/2183/3
f 1358/1072/3 1346/2178/3 1338/1073/3
f 1338/1073/3 1322/2183/3 1314/2185/3
f 1338/1073/3 1314/2185/3 1306/2187/3
f 1165/2209/3 1152/2115/3 1174/2121/3
f 1165/2209/3 1174/2121/3 1206/2123/3
f 1283/2165/3 1268/2167/3 1269/2171/3
f 1283/2165/3 1269/2171/3 1282/2213/3
f 1205/2205/3 1165/2209/3 1206/2123/3
f 1217/2125/3 1211/2126/3 1221/2129/3
f 1205/2205/3 1206/2123/3 1217/2125/3
f 1220/2201/3 1205/2205/3 1217/2125/3
f 1217/2125/3 1221/2129/3 1235/2131/3
f 1235/2131/22 1245/2133/22 1261/2135/22
f 1217/2125/3 1235/2131/3 1261/2135/3
f 1220/2201/3 1217/2125/3 1261/2135/3
f 1220/2201/3 1261/2135/3 1277/2137/3
f 1283/2165/3 1282/2213/3 1363/2214/3
f 1351/2164/3 1283/2165/3 1363/2214/3
f 1351/2164/3 1363/2214/3 1365/2172/3
f 1368/2162/3 1351/2164/3 1365/2172/3
f 1244/2197/3 1220/2201/3 1277/2137/3
f 1301/2141/3 1307/2145/3 1315/2147/3
f 1306/2187/3 1244/2197/3 1277/2137/3
f 1277/2137/2 1301/2141/2 1315/2147/2
f 1277/2137/3 1315/2147/3 1323/2149/3
f 1306/2187/3 1277/2137/3 1323/2149/3
f 1306/2187/3 1323/2149/3 1331/2151/3
f 1368/2162/3 1365/2172/3 1379/2174/3
f 1371/2161/3 1368/2162/3 1379/2174/3
f 1371/2161/3 1379/2174/3 1373/2175/3
f 1371/2161/3 1373/2175/3 1358/1072/3
f 1338/1073/3 1306/2187/3 1331/2151/3
f 1347/1071/3 1371/2161/3 1358/1072/3
f 1338/1073/3 1331/2151/3 1347/1071/3
f 171/1074/5 172/2215/5 170/1075/5
f 477/1076/6 478/720/6 475/721/6
f 1299/645/5 1296/756/5 1298/1077/5
f 665/986/4 668/424/4 667/1078/4
f 1447/1079/4 1450/1226/4 1449/1080/4
f 1276/1052/4 1293/1202/4 1292/746/4
f 1382/1081/5 1383/1162/5 1381/1082/5
f 1249/1084/6 1270/1732/6 1250/1085/6
f 352/2216/5 351/1257/5 1513/2217/5
f 1513/2217/5 1512/1316/5 1510/1089/5
f 1510/1089/5 1511/245/5 301/2218/5
f 1510/1089/5 301/2218/5 300/2219/5
f 349/2220/5 352/2216/5 1513/2217/5
f 349/2220/5 1513/2217/5 1510/1089/5
f 1510/1089/5 300/2219/5 299/1087/5
f 350/1088/5 349/2220/5 1510/1089/5
f 297/1090/5 348/2221/5 347/1091/5
f 1006/1092/4 1009/1281/4 1020/1093/4
f 327/277/4 265/1133/4 256/932/4
f 625/995/2 618/1201/2 622/374/2
f 380/334/2 379/64/2 382/459/2
f 1268/1096/4 1285/1053/4 1284/1051/4
f 1311/954/2 1316/1841/2 1317/446/2
f 551/668/3 549/976/3 550/573/3
f 1305/813/5 1307/710/5 1108/1097/5
f 1451/673/4 1454/1991/4 1453/1099/4
f 1136/352/4 1135/1228/4 971/216/4
f 1137/1095/5 1139/888/5 1142/644/5
f 1369/759/4 1368/713/4 1367/1100/4
f 1078/1101/5 880/32/5 877/946/5
f 1372/1017/2 1374/1310/2 1375/16/2
f 480/411/4 479/1996/4 478/182/4
f 520/1008/4 519/879/4 518/787/4
f 982/1051/1 956/971/1 953/846/1
f 1025/487/4 1060/486/4 1059/1007/4
f 1042/39/5 1036/38/5 1034/297/5
f 1484/881/4 1483/882/4 1481/517/4
f 1481/517/4 1480/1055/4 1482/1103/4
f 168/1104/1 171/2215/1 169/1075/1
f 590/183/2 589/1049/2 592/380/2
f 1141/644/4 1148/643/4 1147/499/4
f 744/787/4 743/114/4 741/1105/4
f 1014/788/2 1019/811/2 1020/149/2
f 1157/297/4 1168/1270/4 1167/1106/4
f 1432/619/1 1430/687/1 50/689/1
f 715/981/1 724/1034/1 721/1033/1
f 1177/965/6 1178/968/6 1179/340/6
f 854/922/5 650/2083/5 647/1107/5
f 1401/1108/1 1404/1819/1 1403/508/1
f 1190/313/5 1184/302/5 1182/1109/5
f 825/1110/4 828/421/4 827/1111/4
f 1255/44/5 1254/2100/5 1370/784/5
f 472/1067/4 476/468/4 475/1113/4
f 1017/2222/3 1020/2223/3 1009/2224/3
f 1009/2224/3 1012/2225/3 1001/2226/3
f 1001/2226/3 1004/2227/3 993/2228/3
f 993/2228/3 996/2229/3 988/2230/3
f 988/2230/3 990/2231/3 983/2232/3
f 983/2232/3 986/2233/3 955/2234/3
f 955/2234/3 958/2235/3 947/2236/3
f 947/2236/3 950/2237/3 939/2238/3
f 939/2238/3 942/2239/3 931/1114/3
f 931/1114/3 934/2240/3 923/2241/3
f 923/2241/3 926/2242/3 911/2243/3
f 911/2243/3 914/2244/3 903/2245/3
f 903/2245/3 906/2246/3 871/2247/3
f 871/2247/3 874/2248/3 861/2249/3
f 865/2250/3 654/2251/3 642/2252/3
f 851/2253/3 860/2254/3 862/2255/3
f 865/2250/3 642/2252/3 851/2253/3
f 903/2245/5 871/2247/5 861/2249/5
f 861/2249/3 865/2250/3 851/2253/3
f 862/2255/3 870/2256/3 872/2257/3
f 861/2249/3 851/2253/3 862/2255/3
f 911/2243/2 903/2245/2 861/2249/2
f 931/1114/3 923/2241/3 911/2243/3
f 947/2236/3 939/2238/3 931/1114/3
f 988/2230/5 983/2232/5 955/2234/5
f 993/2228/6 988/2230/6 955/2234/6
f 1017/2222/21 1009/2224/21 1001/2226/21
f 1017/2222/5 1001/2226/5 993/2228/5
f 1025/2258/3 1028/2259/3 1017/2222/3
f 1057/2260/3 1060/2261/3 1025/2258/3
f 1067/2262/3 1070/2263/3 1057/2260/3
f 1072/2264/3 1074/2265/3 1067/2262/3
f 1078/1083/3 1077/2266/3 1072/2264/3
f 884/2267/3 880/2268/3 1078/1083/3
f 1062/2269/3 884/2267/3 1078/1083/3
f 1072/2264/3 1067/2262/3 1057/2260/3
f 1062/2269/3 1078/1083/3 1072/2264/3
f 1058/2270/3 1066/2271/3 1068/2272/3
f 1068/2272/3 1062/2269/3 1072/2264/3
f 1072/2264/3 1057/2260/3 1025/2258/3
f 1017/2222/3 993/2228/3 955/2234/3
f 1072/2264/3 1025/2258/3 1017/2222/3
f 1068/2272/3 1072/2264/3 1017/2222/3
f 1068/2272/3 1017/2222/3 955/2234/3
f 1026/2273/3 1056/2274/3 1058/2270/3
f 1058/2270/3 1068/2272/3 955/2234/3
f 1058/2270/3 955/2234/3 947/2236/3
f 1018/2275/3 1024/2276/3 1026/2273/3
f 1026/2273/3 1058/2270/3 947/2236/3
f 931/1114/3 911/2243/3 861/2249/3
f 1018/2275/3 1026/2273/3 947/2236/3
f 1010/2277/3 1016/2278/3 1018/2275/3
f 1002/2279/3 1008/2280/3 1010/2277/3
f 994/2281/3 1000/2282/3 1002/2279/3
f 814/2283/3 806/2284/3 994/2281/3
f 978/2285/3 814/2283/3 994/2281/3
f 984/2286/3 978/2285/3 994/2281/3
f 956/2287/3 982/2288/3 984/2286/3
f 948/2289/3 954/2290/3 956/2287/3
f 940/2291/3 946/2292/3 948/2289/3
f 932/1116/3 938/2293/3 940/2291/3
f 918/2294/3 930/2295/3 932/1116/3
f 734/2296/3 730/2297/3 918/2294/3
f 917/2298/3 734/2296/3 918/2294/3
f 917/2298/3 918/2294/3 932/1116/3
f 912/2299/3 922/2300/3 924/1115/3
f 924/1115/3 917/2298/3 932/1116/3
f 940/2291/3 948/2289/3 956/2287/3
f 904/2301/3 910/2302/3 912/2299/3
f 872/2257/3 902/2303/3 904/2301/3
f 861/2249/3 862/2255/3 872/2257/3
f 861/2249/3 872/2257/3 904/2301/3
f 904/2301/4 912/2299/4 924/1115/4
f 940/2291/3 956/2287/3 984/2286/3
f 984/2286/4 994/2281/4 1002/2279/4
f 1010/2277/3 1018/2275/3 947/2236/3
f 984/2286/3 1002/2279/3 1010/2277/3
f 940/2291/3 984/2286/3 1010/2277/3
f 940/2291/3 1010/2277/3 947/2236/3
f 861/2249/3 904/2301/3 924/1115/3
f 940/2291/3 947/2236/3 931/1114/3
f 931/1114/3 861/2249/3 924/1115/3
f 932/1116/3 940/2291/3 931/1114/3
f 1488/399/1 236/827/1 235/829/1
f 849/1118/4 663/2304/4 654/1316/4
f 866/1120/4 675/783/4 666/2305/4
f 866/1120/4 666/2305/4 853/2306/4
f 849/1118/4 654/1316/4 865/1119/4
f 866/1120/4 853/2306/4 849/1118/4
f 1/1043/5 2/2107/5 12/633/5
f 716/334/1 713/333/1 706/949/1
f 32/1122/5 33/326/5 51/1123/5
f 204/1124/4 205/889/4 182/841/4
f 86/640/5 87/171/5 85/1126/5
f 72/1128/5 73/919/5 71/921/5
f 224/1129/5 226/771/5 223/772/5
f 160/516/1 163/177/1 161/179/1
f 148/1131/1 150/574/1 154/1132/1
f 571/403/4 395/969/4 386/1133/4
f 101/988/5 102/377/5 100/379/5
f 1044/1134/6 1045/531/6 1046/1135/6
f 823/447/2 826/708/2 827/1136/2
f 1220/1137/4 1237/1148/4 1236/417/4
f 1150/1138/2 1149/1040/2 1151/316/2
f 911/1140/4 926/973/4 925/535/4
f 186/1141/1 185/883/1 183/885/1
f 18/1145/5 19/2307/5 1397/1143/5
f 17/1144/5 16/2308/5 18/1145/5
f 195/1146/1 198/2065/1 196/903/1
f 622/1064/3 635/806/3 636/805/3
f 455/91/1 488/423/1 485/547/1
f 1231/417/2 1236/1190/2 1237/1147/2
f 415/710/4 289/1097/4 280/1107/4
f 859/2309/6 857/2310/6 850/2311/6
f 850/2311/6 863/2312/6 858/2313/6
f 858/2313/6 873/2314/6 868/2315/6
f 868/2315/6 905/2316/6 900/2317/6
f 900/2317/6 913/2318/6 908/2319/6
f 908/2319/6 925/2320/6 920/2321/6
f 920/2321/6 933/2322/6 928/2323/6
f 928/2323/6 941/2324/6 936/2325/6
f 936/2325/6 949/2326/6 944/1149/6
f 944/1149/6 957/2327/6 952/2328/6
f 952/2328/6 985/2329/6 980/2330/6
f 980/2330/6 989/2331/6 987/2332/6
f 987/2332/6 995/2333/6 991/2334/6
f 991/2334/6 1003/2335/6 998/2336/6
f 998/2336/6 1011/2337/6 1006/2338/6
f 1006/2338/6 1019/2339/6 1014/2340/6
f 1014/2340/6 1027/2341/6 1022/2342/6
f 1022/2342/6 1059/2343/6 1054/2344/6
f 1054/2344/6 1069/2345/6 1064/2346/6
f 1064/2346/6 1073/2347/6 1071/2348/6
f 1071/2348/6 1075/2349/6 1076/955/6
f 1076/955/6 877/2350/6 893/2351/6
f 1076/955/6 893/2351/6 1061/2352/6
f 1054/2344/6 1064/2346/6 1071/2348/6
f 1071/2348/6 1076/955/6 1061/2352/6
f 1065/2353/6 1063/2354/6 1055/2355/6
f 1071/2348/6 1061/2352/6 1065/2353/6
f 1022/2342/6 1054/2344/6 1071/2348/6
f 998/2336/6 1006/2338/6 1014/2340/6
f 1014/2340/6 1022/2342/6 1071/2348/6
f 1014/2340/6 1071/2348/6 1065/2353/6
f 991/2334/2 998/2336/2 1014/2340/2
f 952/2328/4 980/2330/4 987/2332/4
f 991/2334/6 1014/2340/6 1065/2353/6
f 952/2328/10 987/2332/10 991/2334/10
f 928/2323/6 936/2325/6 944/1149/6
f 952/2328/6 991/2334/6 1065/2353/6
f 944/1149/6 952/2328/6 1065/2353/6
f 1055/2355/6 1053/2356/6 1023/2357/6
f 944/1149/6 1065/2353/6 1055/2355/6
f 908/2319/6 920/2321/6 928/2323/6
f 944/1149/6 1055/2355/6 1023/2357/6
f 900/2317/6 908/2319/6 928/2323/6
f 868/2315/6 900/2317/6 928/2323/6
f 850/2311/6 858/2313/6 868/2315/6
f 869/2358/6 867/2359/6 859/2309/6
f 859/2309/6 850/2311/6 868/2315/6
f 869/2358/6 859/2309/6 868/2315/6
f 901/2360/6 899/2361/6 869/2358/6
f 909/2362/6 907/2363/6 901/2360/6
f 921/2364/6 919/2365/6 909/2362/6
f 727/2366/6 743/2367/6 915/2368/6
f 921/2364/5 909/2362/5 901/2360/5
f 916/2369/6 727/2366/6 915/2368/6
f 921/2364/4 901/2360/4 869/2358/4
f 921/2364/6 869/2358/6 868/2315/6
f 921/2364/6 868/2315/6 928/2323/6
f 915/2368/6 921/2364/6 928/2323/6
f 915/2368/6 928/2323/6 944/1149/6
f 929/2370/6 927/2371/6 916/2369/6
f 1023/2357/6 1021/2372/6 1015/2373/6
f 1015/2373/6 1013/2374/6 1007/2375/6
f 1007/2375/6 1005/2376/6 999/2377/6
f 999/2377/6 997/2378/6 992/2379/6
f 992/2379/6 803/2380/6 823/2381/6
f 992/2379/6 823/2381/6 977/2382/6
f 992/2379/6 977/2382/6 981/1150/6
f 981/1150/6 979/2383/6 953/1151/6
f 953/1151/6 951/2384/6 945/2385/6
f 945/2385/6 943/2386/6 937/2387/6
f 937/2387/6 935/2388/6 929/2370/6
f 929/2370/6 916/2369/6 915/2368/6
f 944/1149/6 1023/2357/6 1015/2373/6
f 929/2370/6 915/2368/6 944/1149/6
f 953/1151/6 945/2385/6 937/2387/6
f 937/2387/2 929/2370/2 944/1149/2
f 944/1149/6 1015/2373/6 1007/2375/6
f 999/2377/2 992/2379/2 981/1150/2
f 944/1149/6 1007/2375/6 999/2377/6
f 953/1151/6 937/2387/6 944/1149/6
f 944/1149/6 999/2377/6 981/1150/6
f 1496/856/1 246/820/1 245/757/1
f 73/196/1 76/195/1 74/675/1
f 582/148/2 581/183/2 584/478/2
f 954/1154/1 948/537/1 945/833/1
f 82/1155/1 86/2389/1 84/212/1
f 1476/820/4 1479/2057/4 1478/1146/4
f 1188/314/4 1187/313/4 1186/302/4
f 111/1156/4 114/1220/4 1446/126/4
f 656/878/4 655/474/4 654/219/4
f 1387/1157/2 13/2107/2 262/1158/2
f 616/1063/2 615/878/2 618/600/2
f 1327/1160/2 1332/1828/2 1333/557/2
f 1382/1161/1 1380/1081/1 11/1162/1
f 190/705/5 191/819/5 189/1003/5
f 1008/785/5 1005/514/5 1007/606/5
f 1202/1154/2 1207/537/2 1208/215/2
f 1252/1164/4 1271/496/4 1270/495/4
f 262/747/4 266/701/4 265/950/4
f 604/996/1 601/997/1 594/221/1
f 1212/1166/5 1214/716/5 1217/714/5
f 391/278/5 394/807/5 379/77/5
f 1383/1168/1 1386/194/1 1385/196/1
f 272/1046/6 273/251/6 274/438/6
f 1123/531/6 1124/870/6 1121/190/6
f 851/168/1 850/966/1 857/967/1
f 315/351/3 313/349/3 314/1169/3
f 831/284/2 832/109/2 830/768/2
f 547/502/4 550/778/4 549/359/4
f 280/747/2 289/293/2 292/244/2
f 1253/462/1 1250/463/1 1264/1171/1
f 414/1172/5 413/775/5 418/773/5
f 420/525/5 417/769/5 426/582/5
f 1282/891/1 1269/2062/1 1266/1175/1
f 469/273/3 467/271/3 468/1176/3
f 694/724/1 693/723/1 690/1177/1
f 1230/151/5 1232/150/5 1235/1137/5
f 1462/1014/1 146/1031/1 141/1032/1
f 155/958/1 159/1659/1 157/307/1
f 538/283/1 537/2058/1 534/858/1
f 1264/718/5 1266/839/5 1269/1164/5
f 570/1179/5 567/1009/5 573/146/5
f 886/450/4 885/34/4 884/36/4
f 976/666/4 975/131/4 974/133/4
f 1064/1181/4 1067/2390/4 1074/1182/4
f 345/683/1 360/1993/1 357/1183/1
f 577/146/4 580/792/4 579/1153/4
f 1395/1184/5 1396/507/5 1393/509/5
f 439/51/1 448/1002/1 445/1001/1
f 1213/669/2 1218/892/2 1219/825/2
f 135/1187/5 136/2014/5 134/741/5
f 853/1188/1 854/584/1 850/826/1
f 198/903/5 199/821/5 197/819/5
f 1078/1101/4 1086/1165/4 1085/221/4
f 317/922/5 320/1248/5 305/520/5
f 566/1062/5 565/20/5 568/1009/5
f 496/248/4 495/973/4 321/427/4
f 372/994/5 369/424/5 402/1078/5
f 471/455/5 474/904/5 459/906/5
f 1445/689/1 1442/688/1 1448/194/1
f 1235/887/1 1232/886/1 1240/1190/1
f 1391/1191/1 1389/1057/1 15/1185/1
f 904/284/1 901/858/1 907/138/1
f 1172/601/1 1166/718/1 1163/475/1
f 242/607/1 240/1253/1 239/1192/1
f 1252/1194/3 1255/2160/3 1239/1195/3
f 1071/1197/4 1072/1250/4 1077/1198/4
f 1301/69/1 1298/953/1 1294/1200/1
f 792/614/5 789/383/5 797/385/5
f 637/1033/6 638/420/6 639/422/6
f 1291/703/1 1288/701/1 1296/746/1
f 620/292/5 618/49/5 625/904/5
f 1485/620/5 225/1129/5 221/1130/5
f 55/63/1 58/62/1 56/444/1
f 1343/384/4 1346/385/4 1361/259/4
f 212/819/5 213/757/5 211/758/5
f 820/1204/6 821/984/6 822/982/6
f 1327/612/4 1330/613/4 1341/1205/4
f 593/381/4 596/382/4 595/209/4
f 482/421/2 481/1111/2 484/1207/2
f 437/731/4 440/730/4 439/217/4
f 409/1209/5 410/1215/5 276/979/5
f 1468/687/4 1471/619/4 1470/618/4
f 1470/1211/1 173/2080/1 178/912/1
f 307/1213/3 308/1826/3 310/96/3
f 1146/643/4 1151/38/4 1149/296/4
f 1088/1214/4 1091/978/4 1102/1019/4
f 1192/1109/4 1196/1007/4 1195/799/4
f 793/1205/4 796/501/4 795/614/4
f 813/1111/3 814/90/3 827/1216/3
f 539/592/6 540/323/6 541/500/6
f 663/185/2 678/652/2 679/951/2
f 1424/371/1 1422/373/1 30/195/1
f 1105/183/2 1120/1636/2 1119/1048/2
f 805/559/2 804/558/2 803/1217/2
f 818/291/5 808/1980/5 806/1204/5
f 850/852/6 639/901/6 663/933/6
f 918/698/5 730/700/5 727/1218/5
f 992/1210/5 994/979/5 806/1218/5
f 54/171/5 55/170/5 53/497/5
f 689/228/4 692/611/4 691/293/4
f 643/1201/3 641/374/3 642/1207/3
f 390/1219/3 389/2391/3 387/1061/3
f 718/477/2 717/634/2 720/1109/2
f 879/796/2 878/1256/2 877/1062/2
f 1455/1220/4 120/1156/4 141/876/4
f 780/2392/3 548/2393/3 544/2394/3
f 780/2392/3 544/2394/3 774/2395/3
f 787/2396/3 788/2397/3 780/2392/3
f 795/2398/3 796/2399/3 787/2396/3
f 811/2400/3 812/2401/3 795/2398/3
f 622/2402/3 618/2403/3 838/2404/3
f 864/2405/3 854/682/3 848/2406/3
f 848/2406/3 622/2402/3 838/2404/3
f 848/2406/3 838/2404/3 836/2407/3
f 856/2408/3 864/2405/3 848/2406/3
f 842/2409/3 845/2410/3 846/2411/3
f 846/2411/3 856/2408/3 848/2406/3
f 846/2411/3 848/2406/3 836/2407/3
f 832/2412/3 841/2413/3 842/2409/3
f 842/2409/3 846/2411/3 836/2407/3
f 787/2396/23 780/2392/23 774/2395/23
f 771/2414/3 772/2415/3 763/2416/3
f 787/2396/3 774/2395/3 771/2414/3
f 795/2398/3 787/2396/3 771/2414/3
f 763/2416/3 764/2417/3 755/2418/3
f 755/2418/3 756/2419/3 723/2420/3
f 723/2420/3 724/2421/3 715/2422/3
f 715/2422/3 716/2423/3 707/2424/3
f 707/2424/3 708/2425/3 700/2426/3
f 700/2426/3 466/2427/3 462/2428/3
f 700/2426/3 462/2428/3 694/2429/3
f 723/2420/4 715/2422/4 707/2424/4
f 700/2426/3 694/2429/3 691/1222/3
f 707/2424/3 700/2426/3 691/1222/3
f 691/1222/3 692/2430/3 611/2431/3
f 611/2431/3 612/2432/3 603/2433/3
f 603/2433/3 604/2434/3 595/2435/3
f 595/2435/3 596/2436/3 587/2437/3
f 587/2437/3 588/2438/3 579/2439/3
f 579/2439/3 580/2440/3 572/2441/3
f 572/2441/3 386/2442/3 382/2443/3
f 572/2441/3 382/2443/3 538/2444/3
f 587/2437/3 579/2439/3 572/2441/3
f 611/2431/3 603/2433/3 595/2435/3
f 595/2435/3 587/2437/3 572/2441/3
f 572/2441/3 538/2444/3 535/2445/3
f 535/2445/3 536/2446/3 527/2447/3
f 527/2447/3 528/2448/3 519/2449/3
f 519/2449/3 520/2450/3 511/2451/3
f 511/2451/3 512/2452/3 503/2453/3
f 503/2453/3 504/2454/3 496/2455/3
f 496/2455/3 312/2456/3 308/2457/3
f 496/2455/3 308/2457/3 490/2458/3
f 503/2453/2 496/2455/2 490/2458/2
f 487/2459/3 488/2460/3 455/2461/3
f 503/2453/3 490/2458/3 487/2459/3
f 511/2451/3 503/2453/3 487/2459/3
f 455/2461/3 456/2462/3 447/2463/3
f 487/2459/3 455/2461/3 447/2463/3
f 447/2463/3 448/2464/3 439/2465/3
f 439/2465/3 440/2466/3 431/2467/3
f 431/2467/3 432/2468/3 423/2469/3
f 423/2469/3 424/2470/3 416/2471/3
f 416/2471/3 280/2472/3 276/2473/3
f 416/2471/3 276/2473/3 410/2474/3
f 439/2465/3 431/2467/3 423/2469/3
f 423/2469/3 416/2471/3 410/2474/3
f 407/2475/3 408/2476/3 375/2477/3
f 423/2469/3 410/2474/3 407/2475/3
f 447/2463/3 439/2465/3 423/2469/3
f 487/2459/3 447/2463/3 423/2469/3
f 487/2459/3 423/2469/3 407/2475/3
f 375/2477/3 376/2478/3 367/2479/3
f 367/2479/3 368/2480/3 359/2481/3
f 359/2481/3 360/2482/3 345/2483/3
f 345/2483/3 346/2484/3 335/2485/3
f 335/2485/3 336/2486/3 328/2487/3
f 328/2487/3 256/2488/3 252/1884/3
f 252/1884/3 331/2489/3 332/2490/3
f 332/2490/3 341/2491/3 342/2492/3
f 342/2492/3 355/2493/3 356/2494/3
f 356/2494/3 363/2495/3 364/2496/3
f 364/2496/3 371/2497/3 372/2498/3
f 372/2498/3 403/2499/3 404/2500/3
f 404/2500/3 412/2501/3 414/2502/3
f 414/2502/3 419/2503/3 420/2504/3
f 420/2504/3 427/2505/3 428/2506/3
f 428/2506/3 435/2507/3 436/2508/3
f 436/2508/3 443/2509/3 444/2510/3
f 444/2510/3 451/2511/3 452/2512/3
f 452/2512/3 483/2513/3 484/2514/3
f 484/2514/3 492/2515/3 494/2516/3
f 494/2516/3 499/2517/3 500/2518/3
f 500/2518/3 507/2519/3 508/2520/3
f 508/2520/3 514/2521/3 516/2522/3
f 516/2522/3 522/2523/3 524/2524/3
f 524/2524/3 531/2525/3 532/2526/3
f 532/2526/3 564/2527/3 566/2528/3
f 566/2528/3 569/2529/3 570/2530/3
f 570/2530/3 574/2531/3 576/2532/3
f 576/2532/3 583/2533/3 584/2534/3
f 584/2534/3 591/2535/3 592/2536/3
f 592/2536/3 598/2537/3 600/1223/3
f 600/1223/3 607/2538/3 608/2539/3
f 608/2539/3 687/2540/3 688/2541/3
f 688/2541/3 696/2542/3 698/1224/3
f 698/1224/3 703/2543/3 704/2544/3
f 704/2544/3 711/2545/3 712/2546/3
f 712/2546/3 719/2547/3 720/2548/3
f 720/2548/3 750/2549/3 752/2550/3
f 752/2550/3 759/2551/3 760/2552/3
f 760/2552/3 767/2553/3 768/2554/3
f 768/2554/3 777/2555/3 778/2556/3
f 778/2556/3 782/2557/3 784/2558/3
f 784/2558/3 791/2559/3 792/2560/3
f 792/2560/3 798/2561/3 800/2562/3
f 800/2562/3 830/2563/3 832/2412/3
f 832/2412/3 842/2409/3 836/2407/3
f 763/2416/3 755/2418/3 723/2420/3
f 723/2420/3 707/2424/3 691/1222/3
f 691/1222/3 611/2431/3 595/2435/3
f 595/2435/3 572/2441/3 535/2445/3
f 535/2445/3 527/2447/3 519/2449/3
f 535/2445/3 519/2449/3 511/2451/3
f 691/1222/3 595/2435/3 535/2445/3
f 771/2414/3 763/2416/3 723/2420/3
f 407/2475/3 375/2477/3 367/2479/3
f 367/2479/3 359/2481/3 345/2483/3
f 367/2479/10 345/2483/10 335/2485/10
f 328/2487/3 252/1884/3 332/2490/3
f 332/2490/3 342/2492/3 356/2494/3
f 364/2496/6 372/2498/6 404/2500/6
f 328/2487/3 332/2490/3 356/2494/3
f 356/2494/13 364/2496/13 404/2500/13
f 356/2494/3 404/2500/3 414/2502/3
f 335/2485/3 328/2487/3 356/2494/3
f 367/2479/3 335/2485/3 356/2494/3
f 407/2475/3 367/2479/3 356/2494/3
f 407/2475/3 356/2494/3 414/2502/3
f 420/2504/3 428/2506/3 436/2508/3
f 487/2459/3 407/2475/3 414/2502/3
f 414/2502/3 420/2504/3 436/2508/3
f 436/2508/24 444/2510/24 452/2512/24
f 452/2512/3 484/2514/3 494/2516/3
f 494/2516/2 500/2518/2 508/2520/2
f 494/2516/3 508/2520/3 516/2522/3
f 436/2508/3 452/2512/3 494/2516/3
f 487/2459/3 414/2502/3 436/2508/3
f 487/2459/3 436/2508/3 494/2516/3
f 494/2516/3 516/2522/3 524/2524/3
f 524/2524/3 532/2526/3 566/2528/3
f 566/2528/3 570/2530/3 576/2532/3
f 576/2532/9 584/2534/9 592/2536/9
f 600/1223/2 608/2539/2 688/2541/2
f 576/2532/3 592/2536/3 600/1223/3
f 524/2524/2 566/2528/2 576/2532/2
f 511/2451/3 487/2459/3 494/2516/3
f 795/2398/3 771/2414/3 723/2420/3
f 511/2451/6 494/2516/6 524/2524/6
f 511/2451/3 524/2524/3 576/2532/3
f 832/2412/3 836/2407/3 834/2564/3
f 792/2560/3 800/2562/3 832/2412/3
f 768/2554/3 778/2556/3 784/2558/3
f 784/2558/3 792/2560/3 832/2412/3
f 832/2412/3 834/2564/3 811/2400/3
f 832/2412/25 811/2400/25 795/2398/25
f 760/2552/3 768/2554/3 784/2558/3
f 712/2546/3 720/2548/3 752/2550/3
f 752/2550/3 760/2552/3 784/2558/3
f 784/2558/5 832/2412/5 795/2398/5
f 784/2558/3 795/2398/3 723/2420/3
f 704/2544/3 712/2546/3 752/2550/3
f 752/2550/3 784/2558/3 723/2420/3
f 535/2445/3 511/2451/3 576/2532/3
f 600/1223/3 688/2541/3 698/1224/3
f 535/2445/2 576/2532/2 600/1223/2
f 752/2550/3 723/2420/3 691/1222/3
f 698/1224/3 704/2544/3 752/2550/3
f 691/1222/3 535/2445/3 600/1223/3
f 698/1224/3 752/2550/3 691/1222/3
f 720/261/5 717/262/5 749/567/5
f 452/1207/5 449/1111/5 482/90/5
f 725/973/5 728/142/5 729/140/5
f 1061/533/4 893/1265/4 884/428/4
f 968/1225/6 969/1492/6 970/87/6
f 1128/191/2 1133/1637/2 1134/843/2
f 1463/196/1 1460/1152/1 1465/748/1
f 1104/266/5 1117/1034/5 1120/995/5
f 1457/1079/4 1456/914/4 1459/913/4
f 1508/1227/5 119/902/5 113/704/5
f 1360/200/2 1361/96/2 1358/98/2
f 348/727/2 352/961/2 349/136/2
f 1339/1228/1 1336/2391/1 1342/1219/1
f 484/423/5 481/547/5 491/549/5
f 1140/1190/1 1132/886/1 1129/801/1
f 1241/1229/2 1246/859/2 1247/860/2
f 1204/839/1 1174/495/1 1171/1154/1
f 275/1230/3 276/692/3 278/1231/3
f 86/898/6 82/844/6 88/388/6
f 209/1232/1 212/1025/1 210/1027/1
f 896/1153/6 893/301/6 894/793/6
f 542/41/2 541/594/2 544/596/2
f 1021/266/5 1023/815/5 1026/813/5
f 1292/1235/2 1293/803/2 1290/804/2
f 844/708/2 843/709/2 846/1154/2
f 651/1063/5 645/730/5 648/217/5
f 1138/801/2 1143/987/2 1144/659/2
f 294/823/4 293/880/4 292/879/4
f 489/266/5 490/1234/5 308/1098/5
f 250/249/2 249/415/2 252/530/2
f 807/873/3 805/805/3 806/1236/3
f 58/1237/5 59/816/5 57/818/5
f 1471/1211/1 1468/1212/1 1473/828/1
f 1318/726/5 1320/651/5 1323/650/5
f 824/1240/6 825/1286/6 826/1110/6
f 1287/755/4 1290/756/4 1303/1077/4
f 320/46/2 319/691/2 321/739/2
f 694/353/5 462/156/5 459/1167/5
f 600/550/5 599/234/5 606/158/5
f 1512/782/2 1513/810/2 35/808/2
f 424/1242/4 423/57/4 422/55/4
f 123/1243/5 124/2565/5 122/1244/5
f 330/498/2 329/295/2 332/1006/2
f 936/382/2 941/209/2 942/211/2
f 1239/505/1 1238/503/1 1248/462/1
f 622/230/2 631/1002/2 634/420/2
f 1259/992/1 1245/963/1 1242/119/1
f 630/374/2 629/376/2 631/888/2
f 776/634/2 775/1246/2 778/798/2
f 270/846/4 269/972/4 268/611/4
f 360/922/4 359/1248/4 358/711/4
f 376/460/1 373/334/1 366/711/1
f 318/1249/4 322/853/4 321/60/4
f 580/1250/1 577/1197/1 571/1251/1
f 462/807/2 466/694/2 467/76/2
f 554/976/6 555/977/6 556/208/6
f 1162/332/4 1165/242/4 1176/991/4
f 559/977/6 560/511/6 557/207/6
f 1400/562/1 1398/640/1 19/171/1
f 652/765/5 650/265/5 669/770/5
f 259/277/2 252/403/2 256/402/2
f 234/865/1 238/317/1 237/319/1
f 587/627/1 596/794/1 593/796/1
f 1501/663/2 1507/1157/2 1506/607/2
f 280/406/3 293/404/3 294/692/3
f 1128/229/4 1131/228/4 1144/294/4
f 939/1166/4 950/716/4 949/551/4
f 1079/799/5 1081/335/5 1084/133/5
f 237/630/5 238/629/5 1499/1255/5
f 548/1062/3 561/20/3 562/874/3
f 351/1257/5 350/1088/5 299/1087/5
f 302/1258/5 301/2218/5 1511/245/5
f 351/1257/5 299/1087/5 302/1258/5
f 1511/245/5 1513/2217/5 351/1257/5
f 975/2566/3 976/2567/3 965/1646/3
f 965/1646/3 963/2568/3 964/2569/3
f 964/2569/3 1152/1694/3 1151/2570/3
f 1146/2571/3 1148/2572/3 1141/2573/3
f 964/2569/3 1151/2570/3 1146/2571/3
f 966/2574/3 975/2566/3 965/1646/3
f 966/2574/3 965/1646/3 964/2569/3
f 1141/2573/3 1144/2575/3 1131/1259/3
f 1131/1259/3 1134/2576/3 1099/2577/3
f 1099/2577/3 1102/2578/3 1091/2579/3
f 1091/2579/3 1094/2580/3 1083/2581/3
f 1083/2581/3 1086/721/3 1078/272/3
f 1078/272/3 1082/2582/3 1084/1260/3
f 1084/1260/3 1090/2583/3 1092/1261/3
f 1092/1261/3 1098/2584/3 1100/2585/3
f 1100/2585/3 1130/2586/3 1132/2587/3
f 1132/2587/3 1140/2588/3 1142/2589/3
f 1136/2590/3 966/2574/3 964/2569/3
f 1100/2585/3 1132/2587/3 1142/2589/3
f 1136/2590/3 964/2569/3 1146/2571/3
f 1142/2589/3 1136/2590/3 1146/2571/3
f 1146/2571/3 1141/2573/3 1131/1259/3
f 1131/1259/3 1099/2577/3 1091/2579/3
f 1083/2581/3 1078/272/3 1084/1260/3
f 1131/1259/3 1091/2579/3 1083/2581/3
f 1142/2589/3 1146/2571/3 1131/1259/3
f 1100/2585/3 1142/2589/3 1131/1259/3
f 1131/1259/3 1083/2581/3 1084/1260/3
f 1092/1261/26 1100/2585/26 1131/1259/26
f 676/2591/2 672/1799/2 1441/939/2
f 1441/939/2 1440/911/2 677/2075/2
f 677/2075/2 664/2592/2 660/1262/2
f 660/1262/2 1438/2070/2 1439/442/2
f 1439/442/2 670/1804/2 668/1263/2
f 668/1263/2 665/2593/2 684/1264/2
f 681/2594/2 676/2591/2 1441/939/2
f 684/1264/2 681/2594/2 1441/939/2
f 1441/939/2 677/2075/2 660/1262/2
f 660/1262/2 1439/442/2 668/1263/2
f 684/1264/2 1441/939/2 660/1262/2
f 1352/471/4 1195/1172/4 1186/1265/4
f 1066/1266/5 1063/2390/5 1065/1182/5
f 395/64/2 398/431/2 399/1242/2
f 1343/1206/2 1348/1712/2 1349/383/2
f 1213/842/4 1216/567/4 1229/569/4
f 264/402/2 263/530/2 265/1134/2
f 861/65/4 874/926/4 873/928/4
f 494/774/5 493/893/5 498/766/5
f 1044/297/4 1048/928/4 1047/1269/4
f 256/972/2 265/611/2 268/293/2
f 1308/579/2 1309/1235/2 1306/134/2
f 873/669/2 874/1186/2 871/1271/2
f 787/1252/1 796/796/1 793/1256/1
f 529/787/5 563/114/5 564/52/5
f 997/784/5 999/586/5 1002/588/5
f 390/1272/5 384/713/5 382/591/5
f 10/1273/4 9/2595/4 1440/1274/4
f 1068/987/1 1065/1063/1 1061/1064/1
f 751/1276/2 752/167/2 750/168/2
f 118/943/1 123/2565/1 121/1244/1
f 1369/200/1 1366/1645/1 1350/1023/1
f 723/566/1 756/1231/1 753/1277/1
f 128/641/1 131/70/1 129/1279/1
f 998/1281/4 1001/285/4 1012/286/4
f 187/1282/1 190/1141/1 188/1142/1
f 867/37/5 869/39/5 872/65/5
f 1455/1283/2 1459/7/2 820/1836/2
f 819/1284/2 802/2596/2 801/1285/2
f 1455/1283/2 820/1836/2 819/1284/2
f 1420/855/5 1421/1842/5 1418/618/5
f 802/1001/5 819/983/5 822/1286/5
f 654/489/3 679/488/3 680/1287/3
f 1056/1092/5 1053/1266/5 1055/1267/5
f 1424/1288/5 1425/1227/5 1423/1028/5
f 1111/767/4 1114/586/4 1113/759/4
f 788/949/4 787/333/4 786/642/4
f 1195/854/2 1198/72/2 1199/74/2
f 799/642/5 829/37/5 830/66/5
f 940/566/1 937/1278/1 943/1289/1
f 1156/224/1 1152/1139/1 1150/1138/1
f 1056/848/1 1026/419/1 1023/492/1
f 418/501/2 417/614/2 420/357/2
f 291/1277/6 292/1994/6 289/692/6
f 970/21/2 969/1011/2 971/1009/2
f 784/324/5 783/613/5 790/1205/5
f 49/70/1 54/63/1 52/1203/1
f 377/593/6 378/849/6 379/778/6
f 1394/2597/3 1393/2598/3 1397/2599/3
f 19/2600/3 1398/2601/3 1399/2602/3
f 1390/2603/3 1394/2597/3 1397/2599/3
f 1389/2604/3 1390/2603/3 1397/2599/3
f 15/2605/3 1389/2604/3 1397/2599/3
f 1388/2606/3 15/2605/3 1397/2599/3
f 1385/2607/3 1384/2608/3 1388/2606/3
f 11/2609/3 1380/2610/3 1381/2611/3
f 1381/2611/3 1385/2607/3 1388/2606/3
f 11/2609/3 1381/2611/3 1388/2606/3
f 8/1844/3 1/2612/3 11/2609/3
f 1435/2613/3 1434/2614/3 1439/1293/3
f 50/2615/3 1430/2616/3 1431/2617/3
f 1431/2617/3 1435/2613/3 1439/1293/3
f 8/1844/3 11/2609/3 1388/2606/3
f 8/1844/3 1388/2606/3 1397/2599/3
f 50/2615/3 1431/2617/3 1439/1293/3
f 1427/2618/3 1426/2619/3 32/2620/3
f 32/2620/3 50/2615/3 1439/1293/3
f 1439/1293/3 8/1844/3 1397/2599/3
f 1423/2621/3 1427/2618/3 32/2620/3
f 30/2622/3 1422/2623/3 1423/2621/3
f 1419/2624/3 1418/2625/3 28/2626/3
f 30/2622/3 1423/2621/3 32/2620/3
f 1415/2627/3 1419/2624/3 28/2626/3
f 28/2626/3 30/2622/3 32/2620/3
f 1399/2602/3 1403/2628/3 1402/2629/3
f 1399/2602/3 1402/2629/3 21/1291/3
f 19/2600/3 1399/2602/3 21/1291/3
f 22/2630/3 1406/2631/3 1407/2632/3
f 1397/2599/3 19/2600/3 21/1291/3
f 1439/1293/3 1397/2599/3 21/1291/3
f 28/2626/3 32/2620/3 1439/1293/3
f 1414/2633/3 1415/2627/3 28/2626/3
f 26/2634/3 1414/2633/3 28/2626/3
f 1407/2632/3 1411/2635/3 1410/2636/3
f 24/1292/3 26/2634/3 28/2626/3
f 1407/2632/3 1410/2636/3 24/1292/3
f 22/2630/3 1407/2632/3 24/1292/3
f 24/1292/3 28/2626/3 1439/1293/3
f 21/1291/3 22/2630/3 24/1292/3
f 515/1294/2 516/1276/2 514/966/2
f 952/346/2 957/345/2 958/1051/2
f 382/690/2 386/615/2 387/1219/2
f 1392/363/1 1395/641/1 1394/1280/1
f 1210/1295/5 1223/2637/5 1226/830/5
f 1222/1296/5 1221/832/5 1034/1297/5
f 1210/1295/5 1226/830/5 1222/1296/5
f 1034/1297/5 1031/2638/5 1210/1295/5
f 854/1188/5 864/2639/5 863/1271/5
